	channel_name	kolesev_index	previous_rank	rank	rank_change	rank_technical	shorts_views	subscriber_growth	top_video_title	total_comments	total_likes	total_videos	video_views	_source_sheet	_row_number	date	kolesev_index_clean
0	NEXTA Live	73 433 369,00	1	1	-	1	82356702	+80 000	Новая страна вступает в войну / Войска готовятся к отправке				65197699	Июль 2025	1	2025-07-01	73433369
1	Ходорковский LIVE	42 789 147,0	4	2	+2	2	50001468	+30 000	ШУЛЬМАН: На фронт отправят всех подряд. ФСБ возродит ГУЛАГ. Ускорение репрессий. Борьба с мигрантами				37789000	Июль 2025	2	2025-07-01	42789147
2	Телеканал Дождь	39 323 617,0	2	3	-1	3	48171940	-10 000	«Чтобы дошло даже до самых тупых»: Шульман — о причинах гибели главы Минтранса Старовойта				34506423	Июль 2025	3	2025-07-01	39323617
3	Майкл Наки	39 159 897,0	3	4	-1	4	75606	-	КАДЫРОВ ВЫБЕСИЛ ВСЕХ. Скандальная свадьба преемника главы Чечни и что она скрывает				39152336	Июль 2025	4	2025-07-01	39159897
4	Анатолий Шарий	31 199 829,0	6	5	+1	5	27465	-	Почему Путин не согласен				31197082	Июль 2025	5	2025-07-01	31199829
5	Дмитрий Гордон	27 244 069,0	5	6	-1	6	5703564	+20 000	"Трамп дал Украине ""Томагавки"", центр Москвы уже эвакуируют, аэропорты Питера закрывают – Демченко"				26673713	Июль 2025	6	2025-07-01	27244069
6	Максим Кац	26 164 655,0	8	7	+1	7	4040	-10 000	Экстренная блокировка всего | К чему может готовиться Путин (English subtitles) @Max_Katz				26164251	Июль 2025	7	2025-07-01	26164655
7	И Грянул Грэм	25 438 793,0	7	8	-1	8	479923	+10 000	"НАДЕЖДИН: ""Случилась беда!"". Что передают охраннику Путина, задержание Кисиева, Шлосберг, Старовойт"				25390801	Июль 2025	8	2025-07-01	25438793
8	The Breakfast Show	20 993 208,0	9	9	-	9	15804950	+11 000	Удаляем свои фото, выходим из чатов, скрываем фамилию? Как избежать штрафов				19412713	Июль 2025	9	2025-07-01	20993208
9	Обманутый Россиянин	19 469 650,0	11	10	+1	10	0	-	Владимирович, а за что 13 лет?! ТЫ ЖЕ ГОВОРИЛ СВОИХ НЕ БРОСАЕМ				19469650	Июль 2025	10	2025-07-01	19469650
10	Популярная политика	18 729 078,0	13	11	+2	11	38967284	+10 000	Скандал! Любовница офицера летает на военном самолете				14832350	Июль 2025	11	2025-07-01	18729078
11	varlamov	16 536 129,0	10	12	-2	12	15	-10 000	Азербайджан и Россия — дальше будет хуже | Рейды в Екатеринбурге, задержания в Баку				16536127	Июль 2025	12	2025-07-01	16536129
12	Антон Хардин	16 312 465,0	20	13	+7	13	34699	+10 000	Известный стране актёр сделал заявление. Вот что происходит даже в Москве, когда надевает футболку З				16308995	Июль 2025	13	2025-07-01	16312465
13	МИНАЕВ LIVE	15 679 427,0	15	14	+1	14	0	+20 000	Михаил Федорович: Начало династии Романовых / Уроки истории @MINAEVLIVE				15679427	Июль 2025	14	2025-07-01	15679427
14	Om TV	15 198 436,0	12	15	-3	15	11826307	-	VIP-рейс от Минобороны Белоусова. Этот тоже вошел не в ту дверь?				14015805	Июль 2025	15	2025-07-01	15198436
15	Редакция	13 934 030,0	16	16	-	16	482476	-	Редакция News: 176-я неделя				13885782	Июль 2025	16	2025-07-01	13934030
16	Роман Цимбалюк	13 904 456,0	18	17	+1	17	849974	+20 000	Война не может продолжаться ВЕЧНО: в Москве заговорили о DEADline				13819459	Июль 2025	17	2025-07-01	13904456
17	Denis Kazanskyi	11 720 103,0	27	18	+9	18	8499	+11 000	"""Столько пацанов положили! Путин, останови войну!"" Этого не покажет Соловьев. Обращение военного РФ"				11719253	Июль 2025	18	2025-07-01	11720103
18	вДудь	11 686 390,0	23	19	+4	19	0	-	Макфол – спор про Америку и двойные стандарты / вДудь				11686390	Июль 2025	19	2025-07-01	11686390
19	DW на русском	11 635 601,0	21	20	+1	20	2608473	-	Екатерина Шульман: Россиян лишают надежд на окончание войны - недовольство будет расти				11374754	Июль 2025	20	2025-07-01	11635601
20	Осторожно: Собчак	11 184 544,0	36	21	+15	21	5993127	+20 000	Выжившая в Дубае: «Ты принадлежишь нам! Мы будем делать все, что хотим!»				10585231	Июль 2025	21	2025-07-01	11184544
21	Ivan Yakovina	10 617 124,0	26	22	+4	22	1335247	-	Обезглавленная 155 бригада не исполняет приказы | На усмирение направлен генерал-садист Ахмедов				10483599	Июль 2025	22	2025-07-01	10617124
22	Юрий Швец -- официальный канал	10 291 292,0	19	23	-4	23	104875	+10 000	США хотят отставки Зеленского / Его заменит Залужный /№980/ Юрий Швец				10280804	Июль 2025	23	2025-07-01	10291292
23	Комсомольская Правда	10 173 653,0	24	24	-	24	2353261	-	Что известно о пассажирах рухнувшего в Амурской области Ан-24				9938327	Июль 2025	24	2025-07-01	10173653
24	ВОТ ТАК	9 976 881,0	22	25	-3	25	1165116	+10 000	⚠️ Россия ответила на ультиматум Трампа. Удары по Москве, Петербургу и Воронежу / Утренний эфир				9860369	Июль 2025	25	2025-07-01	9976881
25	Файб	9 642 850,0	29	26	+3	26	0	+40 000	Легенды Новодевичьего. Что скрывает главное кладбище элиты? | ФАЙБ				9642850	Июль 2025	26	2025-07-01	9642850
26	Newsader	9 409 127,0	17	27	-10	27	0	+2 000	"""Ядерный гриб!"" ВСУ взорвали гигантский арсенал. России не хватает ПВО. Чем били?"				9409127	Июль 2025	27	2025-07-01	9409127
27	ФЕЙГИН LIVE	9 319 762,0	25	28	-3	28	3612226	-10 000	ТРАМП НЕДОВОЛЕН ПУТИНЫМ. БЕСЕДА С ВИТАЛИЙ ПОРТНИКОВ @portnikov.argumenty				8958539	Июль 2025	28	2025-07-01	9319762
28	Volodymyr Zolkin	9 101 012,0	31	29	+2	29	21025434	+10 000	"1 МЕТР 60 САНТИМЕТРОВ ЧИSТЕЙШЕЙ ТУП0SТИ И ИДИ0ТИZМА, ИЛИ 0ККYПАНТ-""ОСВОБОДИТЕЛЬ"""				6998469	Июль 2025	29	2025-07-01	9101012
29	Навальный LIVE	8 832 299,0	30	30	-	30	9747468	-	Преемник. Как сегодня живут те, кто создал Путина				7857552	Июль 2025	30	2025-07-01	8832299
30	Живой Гвоздь	8 739 955,0	37	31	+6	31	44880	-10 000	Обострение между Москвой и Баку. Итоги войны Ирана и Израиля. Максим Шевченко: Особое мнение				8735467	Июль 2025	31	2025-07-01	8739955
31	Шейтельман	8 699 153,0	32	32	-	32	666428	+5 000	Усик - Дюбуа. Продолжение стрима!!!! Последний бой Великого? Смотрим с Шейтельманом!				8632510	Июль 2025	32	2025-07-01	8699153
32	Сергей Ауслендер	8 665 111,0	14	33	-19	33	617467	+4 000	Азербайджан vs Россия: Возможная война и сравнение армий				8603364	Июль 2025	33	2025-07-01	8665111
33	Портников. Аргументы	8 085 473,0	40	34	+6	34	75836	+11 000	Алиев отвечает Путину | Виталий Портников @JustJournalism_kz				8077889	Июль 2025	34	2025-07-01	8085473
34	Euronews по-русски	7 544 628,0	34	35	-1	35	4987	-	На старейшем в Румынии черноморском курорте Мамай наблюдается резкое снижение числа туристов				7544129	Июль 2025	35	2025-07-01	7544628
35	Alexey Arestovych	7 434 678,0	33	36	-3	36	8917129	-10 000	Арестович: Почему американская помощь не поможет?				6542965	Июль 2025	36	2025-07-01	7434678
36	Александр Невзоров	7 371 233,0	35	37	-2	37	3375886	-10 000	Тузы и Тузики. Конец олигархов. Азербайджан. У Кремля новый враг. Богомолов- муж Собчак				7033644	Июль 2025	37	2025-07-01	7371233
37	Евгений Киселёв	7 362 919,0	42	38	+4	38	0	+8 000	💥ПОРТНИКОВ. Новый инсайд об УХОДЕ ПУТИНА ИЗ УКРАИНЫ В БЛИЖАЙШИЕ МЕСЯЦЫ - правда ли				7362919	Июль 2025	38	2025-07-01	7362919
38	Андрей Караулов*. Официальный канал	6 754 873,0	44	39	+5	39	23679	+8 000	Готовится покушение на Путина и переворот				6752505	Июль 2025	39	2025-07-01	6754873
39	Послезавтра	6 697 714,0	39	40	-1	40	23902211	+10 000	Запад. Правила силы @posle_zavtra				4307493	Июль 2025	40	2025-07-01	6697714
40	ПАНЧЕНКО	6 384 914,0	28	41	-13	41	17362371	+10 000	ЗАПАД ПРОТИВ РОССИИ: ФИНАЛЬНЫЙ РАУНД? ПРОГНОЗ АНДРЕЯ ФУРСОВА | #ИнтервьюПанченко				4648677	Июль 2025	41	2025-07-01	6384914
41	Настоящее Время	6 028 894,0	41	42	-1	42	4975882	-10 000	Заявление Трампа в Овальном кабинете I ПРЯМОЙ ЭФИР				5531306	Июль 2025	42	2025-07-01	6028894
42	Юрий ВЕЛИКИЙ	5 779 502,0	45	43	+2	43	5049260	-	СОЛОВЬЁВ «поднял бровь» на АЗЕРБАЙДЖАН 🤨😁 [Пародия]				5274576	Июль 2025	43	2025-07-01	5779502
43	Радио Свобода	5 579 235,0	43	44	-1	44	10403421	-10 000	Машины горят. Поезда стоят. Самолеты не летят. Россия опомнится?				4538893	Июль 2025	44	2025-07-01	5579235
44	ШАРФ	5 541 755,0	48	45	+3	45	4214	-10 000	2 часа назад эта новость прогремела по всем каналам. Выключили микрофон когда прозвучала правда				5541334	Июль 2025	45	2025-07-01	5541755
45	BBC News - Русская служба	5 488 264,0	47	46	+1	46	3460120	+10 000	Зеленский. Портрет президента на войне | Документальный фильм Би-би-си				5142252	Июль 2025	46	2025-07-01	5488264
46	Продолжение следует	4 952 388,0	49	47	+2	47	4143128	-	НЕВЗОРОВ: кто он на самом деле? | Портреты				4538075	Июль 2025	47	2025-07-01	4952388
47	Лига Свободных Наций	4 779 162,0	53	48	+5	48	28345211	+19 000	Русские убили азербайджанцев — Баку мстит				1944641	Июль 2025	48	2025-07-01	4779162
48	Dmitry Kolezev	4 154 671,0	46	49	-3	49	676685	+5 000	Всё хуже, чем кажется. Чиновники бьют тревогу: у экономики России серьезные проблемы				4087002	Июль 2025	49	2025-07-01	4154671
49	Павел Иванов	3 995 743,0	56	50	+6	50	7805	+2 000	⚡️ПОСЛЕДНЕЕ ЛЕТО! СИСТЕМА ПУТИНА, ЭЛИТКА И РАЗРУШЕНИЕ ПОРЯДКА ВЕЩЕЙ. Дмитрий Борисенко				3994962	Июль 2025	50	2025-07-01	3995743
50	ИГОРЬ ЛИПСИЦ	3 899 403,0	65	51	+14	51	0	+2 000	ЛИПСИЦ: ИНТЕРВЬЮ ЕВГЕНИЮ КИСЕЛЕВУ 11.07.2025				3899403	Июль 2025	51	2025-07-01	3899403
51	The Люди	3 766 502,0	50	52	-2	52	0	-	Держали в страхе всю Москву - ОПГ Ореховские: Сильвестр, kиллep номер 1 Леша Солдат / @anton_lyadov				3766502	Июль 2025	52	2025-07-01	3766502
52	Новости СВЕРХДЕРЖАВЫ	3 758 822,0	61	53	+8	53	2588	-	От Киева за 3 дня до защитим Москву - истерика Симоньян или что-то случилось?				3758563	Июль 2025	53	2025-07-01	3758822
53	RTVI Новости	3 725 242,0	52	54	-2	54	10907	-	Всё о конфликте России и Азербайджана: кто за ним стоит, причины и последствия, чего ждать дальше				3724151	Июль 2025	54	2025-07-01	3725242
54	Руслан Усачев	3 535 366,0	109	55	+54	55	3742458	-	Сколько стоит жизнь в России // Трамп разочарован в Путине // Смерть министра				3161120	Июль 2025	55	2025-07-01	3535366
55	Аудио статьи	3 415 082,0	84	56	+28	56	571566	+10 000	⚡️СКАНДАЛ МАТВИЕНКО! ГUБEЛЬ 4 ПРОКУРОРОВ! МЕССЕНДЖЕР MAX И СТРУКОВ				3357925	Июль 2025	56	2025-07-01	3415082
56	Клим Жуков	3 328 425,0	71	57	+14	57	1269889	+3 000	Жуков и Дробышевский: как получились славяне, генетика, этносы, мощный Titan				3201436	Июль 2025	57	2025-07-01	3328425
57	Mark Solonin	3 276 814,0	54	58	-4	58	0	-2 000	Как поработить 100 млн. свободных людей				3276814	Июль 2025	58	2025-07-01	3276814
58	Настоящее Время. Док	3 269 153,0	51	59	-8	59	2575019	-	Кто такие езиды? Необычный народ, переживший гонения | ДВОРЫ АРМЕНИИ				3011651	Июль 2025	59	2025-07-01	3269153
59	Игорь Яковенко	3 235 082,0	60	60	-	60	1437	-1 000	ДУМАЕМ ВМЕСТЕ С МАРКОМ ФЕЙГИНЫМ				3234938	Июль 2025	60	2025-07-01	3235082
60	Meduza	3 175 435,0	57	61	-4	61	115822	+2 000	Москву затопило. Тонут трамваи и метро. Госдуму заливает				3163853	Июль 2025	61	2025-07-01	3175435
61	Холод	3 054 404,0	68	62	+6	62	0	+13 000	Как неправильная парковка выдала маньяка I ХОЛОД.ТРУКРАЙМ				3054404	Июль 2025	62	2025-07-01	3054404
62	Екатерина Шульман	3 011 476,0	86	63	+23	63	28099	-10 000	Запрет на поиск: почему сейчас?				3008666	Июль 2025	63	2025-07-01	3011476
63	Константин Сёмин	2 973 104,0	59	64	-5	64	62708	-	Око за око, Признаки торможения, Русский Тиндер // Галопом по Европам #1431				2966833	Июль 2025	64	2025-07-01	2973104
64	ЖестЬ Доброй Воли	2 910 086,0	70	65	+5	65	4753546	+2 000	ЕРАЛАШ - новая версия / ПУТИН, КАДЫРОВ, МИЗУЛИНА, ЛУКАШЕНКО, ПАТРИАРХ КИРИЛЛ и др. @ЖестЬДобройВоли				2434731	Июль 2025	65	2025-07-01	2910086
65	Самое важное с Иваном Ждановым	2 903 012,0	69	66	+3	66	2096545	+10 000	«Он был никто, серая мышь». День, когда Путин стал бандитом — Трабер, Тамбовские, Малышевские и ФСБ				2693357	Июль 2025	66	2025-07-01	2903012
66	Олег Жданов	2 812 375,0	64	67	-3	67	0	-4 000	7.07 СБУ возобновила удары по НПЗ рф. Европа обсуждает после военное востановление Украины.				2812375	Июль 2025	67	2025-07-01	2812375
67	BILD на русском	2 804 648,0	83	68	+15	68	252881	-	❗️СРОЧНО Министр транспорта Роман Старовойт застрелился. Интервью с Сергеем Алексашенко				2779360	Июль 2025	68	2025-07-01	2804648
68	Бондаренко LIVE	2 571 527,0	55	69	-14	69	0	+2 000	Новый мессенджер MAX будет следить за всеми				2571527	Июль 2025	69	2025-07-01	2571527
69	Быть Или	2 506 334,0	74	70	+4	70	0	+10 000	RAZVEDOS: Пора Заканчивать. На фронте оперативный Тупик | Быть Или				2506334	Июль 2025	70	2025-07-01	2506334
70	Дневник Депутата	2 499 392,0	78	71	+7	71	20366	-	Путин поручил заблокировать WhatsApp и Telegram				2497355	Июль 2025	71	2025-07-01	2499392
71	Евгений Ступин	2 438 236,0	66	72	-6	72	635465	+4 000	«Предсмертное видео - завтра меня обнулят» - военный полицейский				2374689	Июль 2025	72	2025-07-01	2438236
72	Yulia Latynina	2 411 006,0	80	73	+7	73	97234	-11 000	Алексей Арестович. Трамп останавливает поставки. А где Европа? Разговор с Путиным и Зеленским				2401283	Июль 2025	73	2025-07-01	2411006
73	Александр Балу	2 365 063,0	77	74	+3	74	0	-2 000	ВЕСЬ МИР В ШОКЕ. ПРОПАГАНДА СССР НЕРВНО ПЕРЕКУРИЛА.				2365063	Июль 2025	74	2025-07-01	2365063
74	Александр Штефанов	2 326 122,0	67	75	-8	75	1656077	+2 000	Как Путин перестал верить в дипломатию и полюбил *****?				2160514	Июль 2025	75	2025-07-01	2326122
75	Varlamov Travel	2 264 243,0	Новое	76	Новое	76	51820	+11 000	Япония: почему тут не рады туристам и иностранцам? | Культура или дискриминация? Влог из Токио				2259061	Июль 2025	76	2025-07-01	2264243
76	sotavision	2 162 178,0	79	77	+2	77	4403909	+2 000	Зеленского уберем, картошка подешевеет. Россияне о подорожании цен на все продукты. Опрос, Петербург				1721787	Июль 2025	77	2025-07-01	2162178
77	Адекватный Русский	2 108 317,0	63	78	-15	78	21083166	+10 000	—				0	Июль 2025	78	2025-07-01	2108317
78	Крик ТВ	2 042 884,0	106	79	+27	79	459131	+5 400	Провокации в штаб-квартире главы азербайджанской диаспоры Урала, продажные СМИ? | КРИК-ТВ				1996971	Июль 2025	79	2025-07-01	2042884
79	Самый сок 2	2 037 777,0	72	80	-8	80	1197	-1 000	Только рыпнетесь! Генерал армии США пригрозил рашистам освобождением Калининградской области				2037657	Июль 2025	80	2025-07-01	2037777
80	Владимир Милов	1 974 175,0	62	81	-19	81	1579	-	Экономика России летит к чертям. При чём тут санкции?				1974017	Июль 2025	81	2025-07-01	1974175
81	НеДелягин	1 907 155,0	104	82	+22	82	160306	+3 000	Урок, который преподал нам Азербайджан: ценности не продаются				1891124	Июль 2025	82	2025-07-01	1907155
82	Новая газета Европа	1 843 006,0	85	83	+2	83	528	-	«Костю мы собирали по частям. Мне досталась его рука» / Монолог дезертира о войне, потерях и ПТСР				1842953	Июль 2025	83	2025-07-01	1843006
83	А поговорить?	1 765 252,0	96	84	+12	84	943750	-	Как спасают людей от ФСБ: мы раскрыли подпольную организацию “Вывожук” // А Поговорить?...				1670877	Июль 2025	84	2025-07-01	1765252
84	НО.Медиа из России	1 702 269,0	94	85	+9	85	1273124	+2 000	Наталья Зубаревич. Когда закончится экономическая турбулентность? Как кризисы переплетаются?				1574957	Июль 2025	85	2025-07-01	1702269
85	Дмитрий ПОТАПЕНКО	1 694 814,0	90	86	+4	86	186	-10 000	Рубль и ставка - это проблема.. Мы теряем рынки 🔻 Чем теперь торговать России? || Дмитрий Потапенко*				1694795	Июль 2025	86	2025-07-01	1694814
86	Ищем Выход	1 693 006,0	102	87	+15	87	304597	+2 000	ЮДИН: 3 вещи, без которых не понять, почему война продолжается				1662546	Июль 2025	87	2025-07-01	1693006
87	Макашенец	1 691 504,0	92	88	+4	88	131272	+5 600	ИНСТАСАМКА ПОЕЛА Г%#НА: ДОНОСЫ, ДИСС МЭЙБИ БЭЙБИ, РЕКЛАМА МЕССЕНДЖЕРА МАКС				1678377	Июль 2025	88	2025-07-01	1691504
88	Tamara Eidelman	1 680 934,0	76	89	-13	89	1054999	-10 000	Метод Мединского: ложь, передёргивания, мифы				1575434	Июль 2025	89	2025-07-01	1680934
89	Ян Матвеев	1 639 674,0	87	90	-3	90	3368104	+5 000	Дербент за два дня? Как закончится война России и Азербайджана. Почему Путин боится Алиева?				1302864	Июль 2025	90	2025-07-01	1639674
90	Валерий Соловей	1 637 510,0	91	91	-	91	0	-5 000	"Почему кремлины тянут с миром и каковы последствия. Ответы на ""горячие"" вопросы. Вып.113"				1637510	Июль 2025	91	2025-07-01	1637510
91	Гулагу-нет Официальный канал	1 625 625,0	58	92	-34	92	958017	-	"""Ответка из Баку"". Россиян начали жёстко задерживать в Азербайджане и применять ""зеркальные меры"""				1529823	Июль 2025	92	2025-07-01	1625625
92	kuji podcast	1 569 248,0	101	93	+8	93	0	+3 000	Леонид Слуцкий: вашему вниманию (Kuji Podcast 197)				1569248	Июль 2025	93	2025-07-01	1569248
93	Это Осетинская!	1 535 372,0	95	94	+1	94	304069	+5 000	«Глупые люди — тоже часть жизни»: Пронченко о французском кино, эмиграции и светской жизни в России				1504965	Июль 2025	94	2025-07-01	1535372
94	Скажи Гордеевой	1 532 461,0	114	95	+19	95	2328032	-	Андрей Мовчан: «Преимущество получают те, кто играет не по правилам» // «Скажи Гордеевой»				1299658	Июль 2025	95	2025-07-01	1532461
95	Евгений Чичваркин	1 505 509,0	160	96	+64	96	2261021	-1 000	Чичваркин в жёстком споре с Бацман: МЫ НЕ ВЫБИРАЛИ ПУТИНА				1279407	Июль 2025	96	2025-07-01	1505509
96	Кирилл Набутов	1 431 618,0	Новое	97	Новое	97	88804	+1 000	Гибель Романа Старовойта / Наброски #183				1422738	Июль 2025	97	2025-07-01	1431618
97	Важные истории	1 429 748,0	81	98	-17	98	3989313	+3 000	«Ни о чем не жалею». Как живет молодая семья в России после войны?				1030817	Июль 2025	98	2025-07-01	1429748
98	Матвей Ганапольский	1 383 889,0	100	99	+1	99	0	-	ТРАМП СНОВА КИНУЛ? / ГАНАПОЛЬСКАЯ ПРАВДА / 14.07.2025				1383889	Июль 2025	99	2025-07-01	1383889
99	Острый Угол	1 224 646,0	105	100	+5	100	763461	-	Прожарка Сергея Шойгу				1148300	Июль 2025	100	2025-07-01	1224646
100	Нино Росебашвили	1 206 388,0	97	101	-4	101	791	+1 000	"""ПУТИН ИЩЕТ ВИНОВАТОГО"" - МИЛОВ про Тинькова, банки и путинских чиновников"				1206309	Июль 2025	101	2025-07-01	1206388
101	Радио Свобода. Новости	1 192 413,0	98	102	-4	102	859643	-	Мощное землетрясение на Камчатке. В нескольких странах была объявлена угроза цунами. НОВОСТИ				1106449	Июль 2025	102	2025-07-01	1192413
102	The Insider Live	1 172 870,0	93	103	-10	103	1721	+2 000	Срочники — новые штурмовики? Как вербуют вчерашних школьников и за что они погибают в Украине				1172698	Июль 2025	103	2025-07-01	1172870
103	Проект	1 170 401,0	82	104	-22	104	1002264	-	Мы открываем предзаказ книги «Царь собственной персоной»				1070175	Июль 2025	104	2025-07-01	1170401
104	Ёшкин Крот	1 130 763,0	143	105	+38	105	10597789	+10 000	—				70984	Июль 2025	105	2025-07-01	1130763
105	NoFake	1 116 357,0	38	106	-68	106	9272342	+3 000	—				189123	Июль 2025	106	2025-07-01	1116357
106	Настоящее Время. Сюжеты	1 112 128,0	73	107	-34	107	428278	-	ФСБ создает в России свои тюрьмы				1069300	Июль 2025	107	2025-07-01	1112128
107	Delfi Литва	1 107 664,0	108	108	-	108	1372761	+2 300	Угрозы Азербайджану от российского ТВ: эскалация конфликта Москвы и Баку набирает обороты?				970388	Июль 2025	108	2025-07-01	1107664
108	Ширяев и Ширяев	1 078 553,0	99	109	-10	109	6958	+2 000	Армия Азербайджана, китайская бомба против электросетей и отмена поставок оружия Украине				1077857	Июль 2025	109	2025-07-01	1078553
109	Простые числа	1 048 064,0	118	110	+8	110	20028	+2 000	Война резервов. Сколько сил осталось у Киева? // How many reserves does Ukraine have left?				1046061	Июль 2025	110	2025-07-01	1048064
110	Максим Шевченко	1 044 612,0	75	111	-36	111	10564	-	С Максимом Шевченко. Россия и война миров. Азербайджан, Европа, Трамп. 20.07.25				1043556	Июль 2025	111	2025-07-01	1044612
111	Михаил Веллер	1 016 567,0	113	112	+1	112	5117	-2 000	ПОВОРОТ: РОССИЯ ВЛИПЛА? КНУТ! - А БЫЛ ПРЯНИК #веллер 11 07 2025				1016055	Июль 2025	112	2025-07-01	1016567
112	The Insider	1 002 627,0	107	113	-6	113	428896	-	«Лучше бы меня вернули в яму и расстреляли». Истории похищенных украинок				959737	Июль 2025	113	2025-07-01	1002627
113	Михаил Ходорковский	995 110,0	124	114	+10	114	682333	-	Азербайджан против Кремля. Что нам показал конфликт с Азербайджаном?				926877	Июль 2025	114	2025-07-01	995110
114	БАРМАЛЕЙКА	979 137,0	128	115	+13	115	46918	-1 000	Он же сошел c yma! Диагноз подтвержден/Газпром рассыпается на части				974445	Июль 2025	115	2025-07-01	979137
115	Любовь Соболь	942 427,0	136	116	+20	116	132345	-	Он знал слишком много. Как погиб главный журналист 90-х				929192	Июль 2025	116	2025-07-01	942427
116	Объектив	931 484,0	140	117	+23	117	1026	+2 000	Новый мессенджер «Макс» | Что задумало государство?				931381	Июль 2025	117	2025-07-01	931484
117	Алексей Навальный	930 704,0	89	118	-29	118	43350	-20 000	—				926369	Июль 2025	118	2025-07-01	930704
118	Masyanya Kuvaeva	908 259,0	112	119	-7	119	2826	-	Масяня. Эпизод 183. Сусало				907976	Июль 2025	119	2025-07-01	908259
119	Белковский	874 302,0	122	120	+2	120	635032	-1 000	Белковский + Бунтман. 10 Июля 2025 @BelkovskiyS				810799	Июль 2025	120	2025-07-01	874302
120	Евгений Трикоз	865 094,0	167	121	+46	121	1682523	+4 000	—				696842	Июль 2025	121	2025-07-01	865094
121	Владислав Жуковский	858 065,0	138	122	+16	122	14491	-	Ступин: ГОТОВЬТЕСЬ К СТРАШНОМУ! ПУТИН ЗАБИЛ ТРЕВОГУ! СИСТЕМА ПОШЛА ВРАЗНОС! РАЗВАЛ БЮДЖЕТА				856616	Июль 2025	122	2025-07-01	858065
122	Илья Яшин	853 402,0	137	123	+14	123	413905	-10 000	Жесткое обращение Яшина к Z-никам и сторонникам Путина				812011	Июль 2025	123	2025-07-01	853402
123	вДудь Shorts	831 382,0	103	124	-21	124	3396207	+1 000	Азербайджан: диктатура или свободная страна?				491761	Июль 2025	124	2025-07-01	831382
124	Baza	817 891,0	127	125	+2	125	1353	-	Рейс 181: как экипаж спас пассажиров Ил-86 от гибели после теракта				817756	Июль 2025	125	2025-07-01	817891
125	Отъезд Кукухи	771 010,0	150	126	+24	126	106584	+2 300	Я был в z-куртке — Владимир Стеклов. Нарезка				760352	Июль 2025	126	2025-07-01	771010
126	Андрей Ланьков	758 390,0	126	127	-1	127	0	+7 000	Какие приложения в СЕВЕРОКОРЕЙСКИХ СМАРТФОНАХ? | Андрей Ланьков				758390	Июль 2025	127	2025-07-01	758390
127	РАЗГОВОРНЫЙ ЖАНР	747 048,0	130	128	+2	128	12922	-1 000	Я ПОСМОТРЕЛ ВСЕ ЭКСТРЕМИСТСКИЕ МАТЕРИАЛЫ				745756	Июль 2025	128	2025-07-01	747048
128	Майор в отставке	730 596,0	155	129	+26	129	61376	+6 000	Наказание за поиск правды в Интернет в России — Что делать?				724458	Июль 2025	129	2025-07-01	730596
129	Заповедник	724 395,0	129	130	-1	130	510568	-10 000	"Итоги иранской войны. Ксенофобия в России. НАТО разводит! – ""Заповедник"", выпуск 367"				673338	Июль 2025	130	2025-07-01	724395
130	Политолог Аббас Галлямов	721 386,0	145	131	+14	131	38736	+1 000	Решится ли Путин опрокинуть стол? 28.07.25 @24Канал				717512	Июль 2025	131	2025-07-01	721386
131	Вместе с Жуковой	719 151,0	123	132	-9	132	412693	+1 700	ЧТО ОНИ НЕСУТ? Осторожно, токсично!				677882	Июль 2025	132	2025-07-01	719151
132	Ксения Ларина	709 605,0	119	133	-14	133	360092	+1 000	КАЦ: Почему Запад до сих пор спонсирует войну, даже не замечая этого? / @xlarina				673596	Июль 2025	133	2025-07-01	709605
133	Mash Room	704 985,0	156	134	+22	134	992304	+2 000	Идея Азербайджана: смысл конфликта с Россией и новая Османская империя || Не выходя из комнаты				605755	Июль 2025	134	2025-07-01	704985
134	Дед Архимед	701 128,0	117	135	-18	135	28204	-1 000	Песня деда Архимеда об ИНОАГЕНТАХ. Знак качества Дед Архимед и Дмитрий Пуркин				698308	Июль 2025	135	2025-07-01	701128
135	Сергей Асланян	697 899,0	131	136	-5	136	52678	-	АСЛАНЯН: 💥СТРАНЫ ЕС ЗАКРЫЛИ ГРАНИЦЫ | ПУТИН НАПАДЕТ НА АНГЛИЮ | БУДЕТ ВОЙНА ДРОНОВ				692631	Июль 2025	136	2025-07-01	697899
136	Первый отдел	688 888,0	191	137	+54	137	33786	+5 000	Самый честный обзор на мессенджер MAX | Первый отдел				685509	Июль 2025	137	2025-07-01	688888
137	Parfenon	672 983,0	125	138	-13	138	16890	-	—				671294	Июль 2025	138	2025-07-01	672983
138	Пастуховская Кухня	662 706,0	144	139	+5	139	2252	-	Война в Балтии, посадки в России, НАТО в Австрии, дроны в Москве. Пастуховская Кухня // ЧКП				662481	Июль 2025	139	2025-07-01	662706
139	Радио Долин	658 795,0	116	140	-24	140	32005	-	Владимир Сорокин о «Сказке», реальности и запахе свободной литературы				655594	Июль 2025	140	2025-07-01	658795
140	Ростислав Мурзагулов	650 233,0	120	141	-21	141	3918690	+2 000	Обзор недели: Старовойт, Путин теряет Кавказ, азербайджанский бунт, коллапсы в аэропортах РФ				258364	Июль 2025	141	2025-07-01	650233
141	Форум свободной России	643 443,0	142	142	-	142	4749	-	LIVE: Путин кинул Трампа, а тот не понял? Что происходит в США? Выстоит ли Украина? | Гарри Каспаров				642968	Июль 2025	142	2025-07-01	643443
142	Кавказ.Реалии	640 380,0	152	143	+9	143	1826053	+2 000	Самый титулованный сын Кадырова женился в 17 лет | НОВОСТИ				457775	Июль 2025	143	2025-07-01	640380
143	Убежище оппозиции	603 642,0	174	144	+30	144	656	-	WhatsApp отключают 1 августа?				603576	Июль 2025	144	2025-07-01	603642
144	Минута в минуту	586 507,0	115	145	-30	145	6867	+4 000	—				585820	Июль 2025	145	2025-07-01	586507
145	TV2media	573 371,0	133	146	-13	146	1023328	-1 000	Я сказал, что никого убивать не буду // Интервью с военным, бежавшим из российской армии				471038	Июль 2025	146	2025-07-01	573371
146	РОЙ ТВ	564 750,0	121	147	-26	147	0	-	Азербайджанский ускоритель нашего кризиса				564750	Июль 2025	147	2025-07-01	564750
147	Антонов такой Антонов	547 696,0	148	148	-	148	127374	+1 000	Китай и Тайвань: война с братским народом неизбежна?				534959	Июль 2025	148	2025-07-01	547696
148	Дмитрий Дёмушкин	546 794,0	139	149	-10	149	162	-	Теперь экстремизм найдут везде (Дмитрий Демушкин)				546778	Июль 2025	149	2025-07-01	546794
149	Котрикадзе Дзядко	538 777,0	141	150	-9	150	0	-1 000	Липсиц: «Начинается ситуация распада экономики». Сколько у России осталось денег на войну?				538777	Июль 2025	150	2025-07-01	538777
150	SOBOLEV	535 748,0	134	151	-17	151	31624	-10 000	ИНСТАСАМКА – РАЗОБЛАЧЕНИЕ ДОНОСЧИЦЫ. Кукояки, доносительство, обращение к Общественной палате				532586	Июль 2025	151	2025-07-01	535748
151	kremlin	452 075,0	110	152	-42	152	0	+1 000	Выступление на главном пленарном заседании XVII саммита БРИКС				452075	Июль 2025	152	2025-07-01	452075
152	Андрей Пионтковский	439 666,0	149	153	-4	153	4163	-2 000	⚡️ПИОНТКОВСКИЙ & ЦИМБАЛЮК: Срочно! ШОКИРУЮЩИЙ ПОВОРОТ от Трампа. Послушайте, что НАЗРЕВАЕТ в Америке				439250	Июль 2025	153	2025-07-01	439666
153	Oleg Kashin	432 787,0	154	154	-	154	9055	-200	ОДИН ДЕНЬ ОДНО ИМЯ. РОМАН СТАРОВОЙТ				431881	Июль 2025	154	2025-07-01	432787
154	Крым.Реалии	390 655,0	146	155	-9	155	250530	-	Что российские военкоры рассказывают крымчанам про войну? | Крым.Реалии ТВ				365602	Июль 2025	155	2025-07-01	390655
155	Zakhar Artemiev	381 260,0	163	156	+7	156	3922	-	MOSKVABAD идёт! Строгино, побоище как 90-е и хуже. Тренер Поветкина погиб в Африке. Медвуз 10 млн				380868	Июль 2025	156	2025-07-01	381260
156	Andrei Illarionov (Андрей Илларионов)	372 440,0	172	157	+15	157	562	-200	Это театр. Это шоу. Это балаган				372384	Июль 2025	157	2025-07-01	372440
157	Новые Куклы	365 159,0	162	158	+4	158	126180	+1 000	Коварный Гундяев шокировал Путина				352541	Июль 2025	158	2025-07-01	365159
158	Вестник Бури	361 853,0	147	159	-12	159	0	-1 000	СТАЛИН - УБИЙЦА КОММУНИСТОВ \ STALIN - THE KILLER OF COMMUNISTS				361853	Июль 2025	159	2025-07-01	361853
159	Forbes	344 829,0	135	160	-25	160	93786	-1 000	Приключения водки в России. Как мы пьем и когда перестанем?				335450	Июль 2025	160	2025-07-01	344829
160	Разворот	339 380,0	132	161	-29	161	11648	-	Алиев обиделся, Азербайджан отстраняется | Ариф Юнусов, о конфликте Азербайджана и России				338215	Июль 2025	161	2025-07-01	339380
161	SVTV	332 785,0	153	162	-9	162	33520	-1 000	СВЕТОВ // КАШИН // СЕМНАДЦАТЬ ПАТРИОТОВ УКРАИНЫ				329433	Июль 2025	162	2025-07-01	332785
162	ВАЖНЫЕ НОВОСТИ	299 556,0	177	163	+14	163	376	+1 000	СРОЧНО! РИТТЕР: РОССИЯ НАНЕСЛА РЕШАЮЩИЙ УДАР!				299518	Июль 2025	163	2025-07-01	299556
163	Семён Кочкин	298 607,0	166	164	+2	164	2206523	+600	Бывшие военные без будущего? Жизнь после войны				77955	Июль 2025	164	2025-07-01	298607
164	ОТДЕЛЬНАЯ ЦИВИЛИЗАЦИЯ	296 499,0	165	165	-	165	4605	-1 000	🔥КОГО ИЗ ВЕЛИКИХ ЛЮДЕЙ ВЫ БЫ ВЕРНУЛИ С ТОГО СВЕТА? ОПРОС 2025				296038	Июль 2025	165	2025-07-01	296499
165	Роман Юнеман	290 442,0	151	166	-15	166	247273	-	ДОНБАСС 2014. Как все начиналось? Хроника событий Русской весны				265715	Июль 2025	166	2025-07-01	290442
166	Movchans	285 679,0	184	167	+17	167	57877	+1 400	Феноменальный рубль: Стоит ли верить в укрепление рубля? Прогноз и аналитика.				279891	Июль 2025	167	2025-07-01	285679
167	KrasNews	275 369,0	158	168	-10	168	19205	+1 000	ЗАДЕРЖАН ОЛИГАРХ ИЗ СПИСКА ФОРБС КОНСТАНТИН СТРУКОВ!				273448	Июль 2025	168	2025-07-01	275369
168	Когнитивный надзор	257 609,0	161	169	-8	169	0	-1 000	Разбор манипуляций АНТИ-ЛИБЕРАЛА Ивана Дымова				257609	Июль 2025	169	2025-07-01	257609
169	MRR — My Russian Rights	241 155,0	188	170	+18	170	1366182	+1 000	За что погиб министр Роман Старовойт.				104537	Июль 2025	170	2025-07-01	241155
170	Sasha Sotnik (Sotnik-TV)	230 670,0	159	171	-12	171	81214	-1 000	ЗАБЕГ НА СКОТОБАЗЕ Итоги недели с А. Сотником				222549	Июль 2025	171	2025-07-01	230670
171	Говорит НеМосква	229 066,0	169	172	-3	172	491238	+1 000	Россия может отключиться от глобального интернета. В Петербурге наводнение. Эко-протест в Башкирии				179942	Июль 2025	172	2025-07-01	229066
172	Голос Америки	228 142,0	170	173	-3	173	362052	-2 000	—				191937	Июль 2025	173	2025-07-01	228142
173	Как теперь / проект ОВД-Инфо	227 793,0	203	174	+29	174	15080	+1 000	Все о ФСБ: как спецслужба управляет Россией и бизнесом, кто агент «конторы», «федералы» на войне				226285	Июль 2025	174	2025-07-01	227793
174	Sergey Aleksashenko	217 362,0	199	175	+24	175	935	-2 000	Путин, война, экономика. Видим ли мы начало того конца, которым окончится это начало? @GlavredTV				217268	Июль 2025	175	2025-07-01	217362
175	Федор Крашенинников	215 855,0	190	176	+14	176	19604	-200	Все готово к мобилизации и новым репрессиям I Фёдор Крашенинников в эфире «Честного слова»				213895	Июль 2025	176	2025-07-01	215855
176	Свободная Пресса	186 864,0	157	177	-20	177	26512	-	⚡️Экономика России на краю пропасти? / Грабёж потребителя // Делягин				184213	Июль 2025	177	2025-07-01	186864
177	Совесть и Подлость!	179 808,0	173	178	-5	178	0	-1 000	Если миллионы мигрантов срочно не вывезти из РФ, будет бойня!				179808	Июль 2025	178	2025-07-01	179808
178	Baunov_Tube	175 356,0	176	179	-3	179	309	+400	Великий ПТН и неудачливый удав				175325	Июль 2025	179	2025-07-01	175356
179	Пикули	171 516,0	183	180	+3	180	4536	-	ПатриотКИНО — Пророк. История Александра Пушкина (В стиле Марвел про Пушкина)				171062	Июль 2025	180	2025-07-01	171516
180	Сергей Бойко	169 140,0	186	181	+5	181	14525	-	Как защититься от закона про поиск экстремизма				167687	Июль 2025	181	2025-07-01	169140
181	RusNews	148 584,0	181	182	-1	182	71864	-	⭕️ Пикет у Госдумы против штрафов за поиск информации | Москва				141398	Июль 2025	182	2025-07-01	148584
182	Радио Свобода Live	147 685,0	189	183	+6	183	14	-	Цитаты Свободы - Цитаты Свободы. Ультиматум или пшик?				147684	Июль 2025	183	2025-07-01	147685
183	Медиазона	144 808,0	180	184	-4	184	68954	-2 000	Потери России в войне. 20 тысяч дел против дезертиров после вторжения в Украину | Сводка 4 июля 2025				137913	Июль 2025	184	2025-07-01	144808
184	Страна и мир	141 647,0	187	185	+2	185	417	-200	Рогов о главном: бомбежки Украины, экономика России, конфликт с Азербайджаном				141605	Июль 2025	185	2025-07-01	141647
185	Рабкор	140 443,0	179	186	-7	186	1237	-	Экономика России близка к падению, но не инфляция / Владислав Иноземцев*, Олег Шеин*				140319	Июль 2025	186	2025-07-01	140443
186	Татьяна Фельгенгауэр	138 122,0	212	187	+25	187	1094	-1 000	«Бойцы СВО» возвращаются. Вместе с ними — насилие. Интервью с Кириллом Титаевым.				138013	Июль 2025	187	2025-07-01	138122
187	Юзефович	128 843,0	168	188	-20	188	24279	-1 000	—				126415	Июль 2025	188	2025-07-01	128843
188	7x7 Горизонтальная Россия	128 673,0	171	189	-18	189	80254	-1 000	Отключения в регионах: последствия, потери, блокировка WhatsApp, Telegram и VPN | КАМИН				120648	Июль 2025	189	2025-07-01	128673
189	Сергей Пархоменко	121 139,0	207	190	+17	190	111	-1 000	Особое мнение @zhivoygvozd 09.07.2025				121128	Июль 2025	190	2025-07-01	121139
190	Гроза / Николай Росов	119 713,0	178	191	-13	191	3010	-1 000	Эволюция снаряжения римлян | Varus Primarenatus				119412	Июль 2025	191	2025-07-01	119713
191	Подкаст Лазерсон	114 940,0	206	192	+14	192	0	-1 000	Женский оргазм и импотенция. Мастурбация и порнозависимость. Правила хорошего секса. Лиза Кузнецова				114940	Июль 2025	192	2025-07-01	114940
192	ЗЫГАРЬ	114 246,0	210	193	+17	193	5851	-1 000	—				113661	Июль 2025	193	2025-07-01	114246
193	РОМБ	110 634,0	195	194	+1	194	101275	-	—				100506	Июль 2025	194	2025-07-01	110634
194	Сергей Смирнов	106 623,0	197	195	+2	195	7182	-1 000	КТО УБИЛ МИНИСТРА СТАРОВОЙТА, Трампу надоела чушь Путина, постоянные отключения интернета в России				105905	Июль 2025	195	2025-07-01	106623
195	Аспекты - Башкортостан	104 393,0	164	196	-32	196	800450	+400	Журналистку Ольгу Комлеву* суд приговорил к 12 годам колонии #аспекты #политзаключенные				24348	Июль 2025	196	2025-07-01	104393
196	Votvot	96 402,0	198	197	+1	197	5423	-	Цензура музыки в России сегодня | МУЗЫКА, КОТОРУЮ НЕЛЬЗЯ				95860	Июль 2025	197	2025-07-01	96402
197	Lazarevatut	91 629,0	185	198	-13	198	13293	-2 000	Геннадий Гудков: «Никому не рассказывал так откровенно» | Татьяна Лазарева				90300	Июль 2025	198	2025-07-01	91629
198	SOTA	80 722,0	208	199	+9	199	5408	+300	VPN от «независимых» СМИ: как обманывают читателей				80181	Июль 2025	199	2025-07-01	80722
199	Транзит	74 937,0	196	200	-4	200	44521	+500	Как умирают империи. Уроки истории для современной России: Российская империя, СССР | Милов и Резник				70485	Июль 2025	200	2025-07-01	74937
200	ZIMA MAGAZINE	74 074,0	219	201	+18	201	9739	-100	Как создать успешный стартап на чужом языке — интервью Андрея Мовчана с Андреем Анищенко				73100	Июль 2025	201	2025-07-01	74074
201	Дозор в Волгограде	73 736,0	251	202	+49	202	1523	+100	Мобилизация рядом? Зачем Путину бесконечный призыв срочников?				73584	Июль 2025	202	2025-07-01	73736
202	Yevgenia Albats	73 579,0	175	203	-28	203	2329	-1 000	Москва в Пенсильвании и русские в Уругвае: почему Россия стала им мачехой// Полный Альбац				73346	Июль 2025	203	2025-07-01	73579
203	Глушь	73 287,0	193	204	-11	204	173	-	РФ-Азербайджан: обострение. Алик из Саратова				73270	Июль 2025	204	2025-07-01	73287
204	DOXA | ДОКСА	69 331,0	209	205	+4	205	143773	-	Аномальная ЖАРА. Чего ждать и можно ли еще спастись?				54954	Июль 2025	205	2025-07-01	69331
205	Прекрасная Россия	65 296,0	192	206	-14	206	0	-	—				65296	Июль 2025	206	2025-07-01	65296
206	MOUNT SHOW	61 917,0	211	207	+4	207	97667	-	СРОЧНО! Новый военный конфликт / Трамп наехал на Путина / Украина не сглотнула / Путин в бешенстве				52150	Июль 2025	207	2025-07-01	61917
207	ШЕПЕЛИН	61 372,0	201	208	-7	208	879	-1 000	Кто убил министра Старовойта? | Прокуроры ОТМЕНЯЮТ СТАЛИНА | Путина НАДУЛИ у великой шашечной доски				61284	Июль 2025	208	2025-07-01	61372
208	Открытые медиа	54 762,0	214	209	+5	209	1454	-	—				54617	Июль 2025	209	2025-07-01	54762
209	Утро Февраля	53 194,0	216	210	+6	210	12171	-1 000	🔥Аресты, смерти, паника. Теперь даже лояльность не спасает				51977	Июль 2025	210	2025-07-01	53194
210	Депутат Елена Шувалова	51 991,0	182	211	-29	211	7150	+200	Интернет-поворот				51276	Июль 2025	211	2025-07-01	51991
211	ШАЦ	49 001,0	200	212	-12	212	207326	-1 000	—				28268	Июль 2025	212	2025-07-01	49001
212	Говорящие Головы	44 204,0	217	213	+4	213	257435	-	АлоэВера - пророчество в песнях, Кац по вечерам, Берлин				18460	Июль 2025	213	2025-07-01	44204
213	ЮРИЙ ФЁДОРОВ	38 741,0	194	214	-20	214	0	+100	А ЧТО ЖЕ КИТАЙ				38741	Июль 2025	214	2025-07-01	38741
214	Красный поворот	38 341,0	222	215	+7	215	1277	+100	Помянул фашистов – «дискредитация». Рудой вновь громит «сталинизм». /С.Крупенько, Р.Осин, С.Новиков				38213	Июль 2025	215	2025-07-01	38341
215	Реалии	32 337,0	220	216	+4	216	215456	-	—				10791	Июль 2025	216	2025-07-01	32337
216	Ворнадзор	30 019,0	213	217	-4	217	8666	-	Директор угрожал зарезать человека!				29152	Июль 2025	217	2025-07-01	30019
217	Карен Шаинян	29 108,0	223	218	+5	218	7368	-1 000	О веселом контенте в невеселые времена | прямой эфир Just Got Lucky				28371	Июль 2025	218	2025-07-01	29108
218	Трудовая Россия	27 632,0	225	219	+6	219	12416	-100	"ХОТИМ В РОССИЮ! ОБРАЩЕНИЕ ГРАЖДАН ТУРКМЕНИСТАНА. Рубрика ""По просьбам трудящихся"""				26390	Июль 2025	219	2025-07-01	27632
219	Whalesplaining	27 134,0	204	220	-16	220	0	0	—				27134	Июль 2025	220	2025-07-01	27134
220	Anna Zueva	22 165,0	229	221	+8	221	33227	0	Спецоперация по дискредитации. Как провластные журналисты работают на ФСБ Бурятии.				18842	Июль 2025	221	2025-07-01	22165
221	Григорий Явлинский	22 012,0	221	222	-1	222	186	-100	У Трампа нет содержательной позиции по Украине				21993	Июль 2025	222	2025-07-01	22012
222	Леонид Волков	20 390,0	245	223	+22	223	211	-2000	Этнические чистки в Екатеринбурге и Баку				20369	Июль 2025	223	2025-07-01	20390
223	FURYDROPS. Блог Григория Баженова об экономике.	18 749,0	224	224	-	224	484	-200	Как (не) работает международная торговля: презентация курса feat @NewDeal1917				18701	Июль 2025	224	2025-07-01	18749
224	Пермь 36,6	15 862,0	202	225	-23	225	28185	-100	Когда ФСБ у руля футбольного клуба				13043	Июль 2025	225	2025-07-01	15862
225	Партия «Рассвет»	15 223,0	227	226	+1	226	2584	100	Провал демографической политики в России - Екатерина Дунцова* и Алексей Ракша*				14965	Июль 2025	226	2025-07-01	15223
226	ГражданинЪ TV	14 374,0	215	227	-12	227	528	-700	Литература в эпоху запретов / Галина Юзефович и Степан Баранов // Пока Шлосберг офлайн				14321	Июль 2025	227	2025-07-01	14374
227	Хроники.Медиа	14 034,0	232	228	+4	228	134047	0	Кто представляет Северо-Запад в сенате?				629	Июль 2025	228	2025-07-01	14034
228	Богатый регион	12 324,0	230	229	+1	229	12302	-100	Заказчик громкого убийства на свободе: ветеран, герой и ваш сосед				11094	Июль 2025	229	2025-07-01	12324
229	nixelpixel	12 236,0	226	230	-4	230	156	0	—				12220	Июль 2025	230	2025-07-01	12236
230	Губин ON AIR	10 471,0	218	231	-13	231	0	-300	—				10471	Июль 2025	231	2025-07-01	10471
231	Удмуртия против коррупции	10 461,0	239	232	+7	232	45417	-100	😧 Помогают ли отключения интернета защититься от БПЛА? ЭКСПЕРТ об отключении мобильного интернета				5919	Июль 2025	232	2025-07-01	10461
232	Виктор Шендерович	10 004,0	231	233	-2	233	2270	-2000	—				9777	Июль 2025	233	2025-07-01	10004
233	Маша Борзунова	9 179,0	205	234	-29	234	2839	-2000	—				8895	Июль 2025	234	2025-07-01	9179
234	Псковская Губерния	9 073,0	240	235	+5	235	25972	10	ШТРАФЫ ЗА ПОИСК НОВОСТЕЙ И ФРОНДА АЛИЕВА — ЧТО ПРОИСХОДИТ В РОССИИ? // ЛАБВАКАР				6476	Июль 2025	235	2025-07-01	9073
235	Омское Гражданское Объединение	8 507,0	228	236	-8	236	42152	0	Бульвар Архитекторов. Почему так долго строят в Омске?				4292	Июль 2025	236	2025-07-01	8507
236	Varlamov Talks	8 477,0	234	237	-3	237	0	-3000	—				8477	Июль 2025	237	2025-07-01	8477
237	Общество Защиты Интернета	7 090,0	255	238	+17	238	232	100	Сколько стоит отключить интернет в России?				7067	Июль 2025	238	2025-07-01	7090
238	Ольга Цуканова🔴Общественный деятель	7 057,0	257	239	+18	239	3757	-300	#отподписчика Уже больше 2 месяцев я не слышу голос родного мне человека				6681	Июль 2025	239	2025-07-01	7057
239	Верстка Медиа	6 983,0	246	240	+6	240	55243	0	—				1459	Июль 2025	240	2025-07-01	6983
240	Залищак Владимир	6 928,0	235	241	-6	241	364	-100	—				6892	Июль 2025	241	2025-07-01	6928
241	НЕОРУЭЛЛ	6 657,0	237	242	-5	242	2337	-1000	—				6423	Июль 2025	242	2025-07-01	6657
242	СМЕХОПАРАНОЙЯ	5 524,0	238	243	-5	243	9739	-200	—				4550	Июль 2025	243	2025-07-01	5524
243	Фарида Курбангалеева	5 355,0	250	244	+6	244	0	-800	—				5355	Июль 2025	244	2025-07-01	5355
244	CIT	4 686,0	233	245	-12	245	298	-1200	—				4656	Июль 2025	245	2025-07-01	4686
245	Дарья Беседина	4 232,0	244	246	-2	246	0	-200	—				4232	Июль 2025	246	2025-07-01	4232
246	Живой Уголок Троицкого	4 219,0	241	247	-6	247	0	-100	—				4219	Июль 2025	247	2025-07-01	4219
247	Идите лесом	3 858,0	253	248	+5	248	1326	50	Переход реки вброд, бегство от мобилизации и помощь дезертирам				3725	Июль 2025	248	2025-07-01	3858
248	Аполитичность губит	2 440,0	242	249	-7	249	12366	0	Чеченцы разбушевались! | Шо за новости				1203	Июль 2025	249	2025-07-01	2440
249	Андрей Пивоваров	2 380,0	243	250	-7	250	19808	-200	—				399	Июль 2025	250	2025-07-01	2380
250	Сергей Гуриев	2 066,0	249	251	-2	251	0	-3000	—				2066	Июль 2025	251	2025-07-01	2066
251	Голос. За честные выборы	1 862,0	248	252	-4	252	821	-100	Эволюция российских выборов / Артем Клыга				1780	Июль 2025	252	2025-07-01	1862
252	Юлия Галямина	1 515,0	247	253	-6	253	250	-200	"ФСБ строит новый ГУЛАГ? Виталий Боварь, Анна Каретникова и Юлия Галямина | СТРИМ ""Мягко говоря"""				1490	Июль 2025	253	2025-07-01	1515
253	Левый Фронт	1 313,0	252	254	-2	254	0	0	—				1313	Июль 2025	254	2025-07-01	1313
254	ЦУРреализм	1 266,0	254	255	-1	255	0	-100	—				1266	Июль 2025	255	2025-07-01	1266
255	Борис Надеждин	1 172,0	256	256	-	256	1167	-1000	—				1055	Июль 2025	256	2025-07-01	1172
256	Дмитрий Гудков	988,0	261	257	+4	257	46	-400	—				983	Июль 2025	257	2025-07-01	988
257	Эльвира Вихарева	667,0	260	258	+2	258	0	-600	—				667	Июль 2025	258	2025-07-01	667
258	Екатерина Дунцова	590,0	236	259	-23	259	252	-800	—				565	Июль 2025	259	2025-07-01	590
259	Dasha Navalnaya	581,0	258	260	-2	260	0	-300	—				581	Июль 2025	260	2025-07-01	581
260	Фактор	430,0	259	261	-2	261	0	-100	—				430	Июль 2025	261	2025-07-01	430
261	ИГОРЬ ЛИПСИЦ: ПРО ЭКОНОМИКУ И МАРКЕТИНГ	261,0	262	262	-	262	0	-400	—				261	Июль 2025	262	2025-07-01	261
262	Kolezev Live	8,0	263	263	-	263	0	0	—				8	Июль 2025	263	2025-07-01	8
263	NEXTA Live	75 763 546,00	1	1	-	1	122265116	+100 000	Президент сбежал / Столица атакована				63537034	Июнь 2025	1	2025-06-01	75763546
264	Телеканал Дождь	39 027 649,0	2	2	-	2	60452179	+20 000	Христо Грозев — о подрыве Крымского моста, операции «Паутина» и крушении поезда под Брянском				32982431	Июнь 2025	2	2025-06-01	39027649
265	Майкл Наки	37 758 867,0	4	3	+1	3	73002	+20 000	КАДЫРОВ СЛАБЕЕТ. Задержание его людей в Москве за похищение и новый удар Кремля по главе Чечни				37751567	Июнь 2025	3	2025-06-01	37758867
266	Ходорковский LIVE	37 592 870,0	3	4	-1	4	36293010	+20 000	⚡️Крымский мост взорван. Реакция Путина на диверсии. Экономика в рецессии | Липсиц, Галлямов| ВОЗДУХ				33963569	Июнь 2025	4	2025-06-01	37592870
267	Дмитрий Гордон	35 899 940,0	7	5	+2	5	5821898	+30 000	"Киселев. В Кремле стрельба! Охрана убита! Кум Путина сгорел! Удар ""Орешником"" по офису Зеленского!"				35317750	Июнь 2025	5	2025-06-01	35899940
268	Анатолий Шарий	34 836 325,0	5	6	-1	6	77422	+20 000	Почему Киев не забирает тела?				34828583	Июнь 2025	6	2025-06-01	34836325
269	И Грянул Грэм	30 373 857,0	8	7	+1	7	1396296	+20 000	Морской геолог об ударе по Крымскому мосту, что там произошло и сложно ли починить				30234227	Июнь 2025	7	2025-06-01	30373857
270	Максим Кац	27 585 871,0	6	8	-2	8	5643	-	Дроны СБУ уничтожают авиацию РФ | Остросюжетная операция Украины (English subtitles) @Max_Katz				27585307	Июнь 2025	8	2025-06-01	27585871
271	The Breakfast Show	24 301 685,0	10	9	+1	9	11279267	+21 000	На новых видео операции «Паутина» видно самолёт А-50				23173758	Июнь 2025	9	2025-06-01	24301685
272	varlamov	22 826 445,0	14	10	+4	10	16	+10 000	Операция «Паутина»: дроны из фур взорвали «ядерные» самолеты | Украина, Россия, аэродромы и мосты				22826443	Июнь 2025	10	2025-06-01	22826445
273	Обманутый Россиянин	20 628 409,0	9	11	-2	11	0	-	Смотри сколько их, Владимирович... У НАС РОСГВАРДИИ НА ВСЕХ НЕ ХВАТИТ				20628409	Июнь 2025	11	2025-06-01	20628409
274	Om TV	20 573 668,0	15	12	+3	12	14952314	+20 000	У Соловьёва подгорел центр принятия решений после специальной авиационной операции СБУ				19078437	Июнь 2025	12	2025-06-01	20573668
275	Популярная политика	17 605 974,0	12	13	-1	13	39050705	+10 000	Скандал! Депутат сказал правду о кризисе в экономике. Что было дальше?				13700903	Июнь 2025	13	2025-06-01	17605974
276	Сергей Ауслендер	17 271 826,0	32	14	+18	14	6990483	+37 000	Ночная трагедия: погибшие и раненые под завалами. Иранские ракеты разрушили дома в Израиле				16572778	Июнь 2025	14	2025-06-01	17271826
277	МИНАЕВ LIVE	16 394 851,0	11	15	-4	15	0	+40 000	Почему Индия и Пакистан застряли в вечном конфликте / Уроки истории @MINAEVLIVE				16394851	Июнь 2025	15	2025-06-01	16394851
278	Редакция	15 908 485,0	13	16	-3	16	658656	-	Редакция News: 173-я неделя				15842619	Июнь 2025	16	2025-06-01	15908485
279	Newsader	15 095 704,0	81	17	+64	17	391	+14 000	"""ОРЕШНИК"" РАЗВАЛИЛСЯ НАД КАЗАХСТАНОМ? Путин провалил возмездие"				15095665	Июнь 2025	17	2025-06-01	15095704
280	Роман Цимбалюк	15 028 433,0	16	18	-2	18	1815526	+10 000	Путин впервые появился на людях и сделал заявление				14846880	Июнь 2025	18	2025-06-01	15028433
281	Юрий Швец -- официальный канал	14 529 017,0	20	19	+1	19	122738	+10 000	Переворот в Вашингтоне. Трамп “удалён”. Братание с Путиным сорвано. На сцене - генералы /№956/ Швец				14516743	Июнь 2025	19	2025-06-01	14529017
282	Антон Хардин	13 812 049,0	18	20	-2	20	28885	-	Эти кадры сегодня облетели все мировые СМИ! В истории подобного ещё не было, впишут в учебники!				13809160	Июнь 2025	20	2025-06-01	13812049
283	DW на русском	13 561 763,0	22	21	+1	21	5344745	-	🔴Украина разбомбила самолеты Путина? Что будет с переговорами в Стамбуле? DW Новости (01.06.2025)				13027288	Июнь 2025	21	2025-06-01	13561763
284	ВОТ ТАК	13 483 727,0	23	22	+1	22	2826729	+10 000	‼️​​ Иран нанес обещанный удар по Израилю. Путин о встрече с Зеленским / Выпуск новостей				13201054	Июнь 2025	22	2025-06-01	13483727
285	вДудь	12 434 679,0	19	23	-4	23	0	-	Венедиктов – страх, Симоньян, компромиссы / вДудь				12434679	Июнь 2025	23	2025-06-01	12434679
286	Комсомольская Правда	12 266 404,0	21	24	-3	24	4916572	+10 000	Фургоны с телами бойцов ВСУ стоят в условленном месте, но Украина не спешит их забирать				11774747	Июнь 2025	24	2025-06-01	12266404
287	ФЕЙГИН LIVE	11 390 164,0	24	25	-1	25	6165752	-	КОГДА РАКЕТЫ ЭФФЕКТИВНЕЕ СДЕЛОК. БЕСЕДА С ВИТАЛИЙ ПОРТНИКОВ @portnikov.argumenty				10773589	Июнь 2025	25	2025-06-01	11390164
288	Ivan Yakovina	10 603 134,0	17	26	-9	26	2523954	+10 000	ВСУ отрезали полк россиян от снабжения | F-16 сбил аса ВВС РФ над Теткино | ВС РФ бросили своих				10350739	Июнь 2025	26	2025-06-01	10603134
289	Denis Kazanskyi	10 399 124,0	29	27	+2	27	7733	+9 000	"""У нас огромные бессмысленные потери! Остановитесь"" Военблогеры рассказали о цене наступления России"				10398351	Июнь 2025	27	2025-06-01	10399124
290	ПАНЧЕНКО	9 180 260,0	25	28	-3	28	18457863	+20 000	КАК ОТВЕТИТ ПУТИН? АТАКА ДРОНОВ | #ВзглядПанченко				7334474	Июнь 2025	28	2025-06-01	9180260
291	Файб	8 882 087,0	31	29	+2	29	0	+20 000	Почему главные палачи Третьего Рейха избежали наказания? | ФАЙБ				8882087	Июнь 2025	29	2025-06-01	8882087
292	Навальный LIVE	8 692 925,0	37	30	+7	30	16849791	+10 000	Сумасшедшая из МИДа. Кокаиновые скандалы, свадьба в Нью-Йорке и бесконечное вранье Марии Захаровой				7007946	Июнь 2025	30	2025-06-01	8692925
293	Volodymyr Zolkin	8 575 143,0	36	31	+5	31	14705015	+10 000	🔥ДОБРО ПОЖАЛОВАТЬ НА ревиЗОНУ! ОБЗОР ОТ ЗОЛКИНА: ЛАГЕРЬ КОЛЛАБОРАНТОК ИЗНУТРИ + ИНТЕРВЬЮ				7104641	Июнь 2025	31	2025-06-01	8575143
294	Шейтельман	8 439 570,0	35	32	+3	32	12745	+10 000	Сибирь и Арктика под украинским ударом! Первым делом мы испортим самолёты. Грэм грянул в Киеве				8438295	Июнь 2025	32	2025-06-01	8439570
295	Alexey Arestovych	8 434 605,0	27	33	-6	33	10700979	-	Арестович: Россия определилась с будущим Украины?				7364507	Июнь 2025	33	2025-06-01	8434605
296	Euronews по-русски	8 145 715,0	41	34	+7	34	6826	-	"""Война начинается прямо сейчас"". Иран отреагировал на удары США по своим ядерным объектам"				8145032	Июнь 2025	34	2025-06-01	8145715
297	Александр Невзоров	8 144 531,0	28	35	-7	35	4282649	+10 000	Переговоры. Самого страшного никто не заметил. Чума и операция «Паутина». Мост, поезд, дрон и фуры.				7716266	Июнь 2025	35	2025-06-01	8144531
298	Осторожно: Собчак	8 130 262,0	26	36	-10	36	8656757	-	ВИТАЛИЙ ГОГУНСКИЙ: полиграф, голые бабы и план Даллеса				7264586	Июнь 2025	36	2025-06-01	8130262
299	Живой Гвоздь	7 638 801,0	33	37	-4	37	36069	-	Имел ли Израиль право нападать на Иран? Дебаты Юлии Латыниной* и Максима Шевченко				7635194	Июнь 2025	37	2025-06-01	7638801
300	NoFake	7 114 032,0	53	38	+15	38	68170729	+27 000	—				296959	Июнь 2025	38	2025-06-01	7114032
301	Послезавтра	6 975 539,0	34	39	-5	39	30719069	+10 000	Цивилизации. Почему мы разные? @posle_zavtra				3903632	Июнь 2025	39	2025-06-01	6975539
302	Портников. Аргументы	6 948 335,0	39	40	-1	40	106950	+12 000	Зачем Латынина провоцирует украинцев | Виталий Портников @Newsader-tv				6937640	Июнь 2025	40	2025-06-01	6948335
303	Настоящее Время	6 857 989,0	38	41	-3	41	4501103	-	Трамп требует извинений. Зеленский требует встречи. Схема нападения России на НАТО | УТРО				6407879	Июнь 2025	41	2025-06-01	6857989
304	Евгений Киселёв	6 526 819,0	46	42	+4	42	0	+9 000	🔥ФЕЙГИН: Разгром военной АВИАЦИИ РФ! СБУ взорвали более 40 САМОЛЕТОВ. Мир Трампа ПРОВАЛИЛСЯ?				6526819	Июнь 2025	42	2025-06-01	6526819
305	Радио Свобода	6 019 267,0	42	43	-1	43	11170185	+10 000	Опасно ли возвращаться. За что власти преследуют релокантов, приехавших в Россию				4902248	Июнь 2025	43	2025-06-01	6019267
306	Андрей Караулов*. Официальный канал	5 858 997,0	40	44	-4	44	25036	+6 000	Тяжелый Совбез и экстренное решение Путина. Информация от *Андрея Караулова				5856493	Июнь 2025	44	2025-06-01	5858997
307	Юрий ВЕЛИКИЙ	5 843 165,0	47	45	+2	45	6860389	-	"Операция ""ПАУТИНА"". Герасимов и Песков решают, КТО сообщит путину о потерях 😁 [Пародия]"				5157126	Июнь 2025	45	2025-06-01	5843165
308	Dmitry Kolezev	5 327 812,0	71	46	+25	46	1056340	+17 000	Атака Израиля на ядерные объекты Ирана — роковая ошибка или успешная операция?				5222178	Июнь 2025	46	2025-06-01	5327812
309	BBC News - Русская служба	5 176 007,0	51	47	+4	47	4642808	-	В Индии упал пассажирский самолет. Что известно о катастрофе? | Би-би-си объясняет				4711726	Июнь 2025	47	2025-06-01	5176007
310	ШАРФ	5 001 930,0	44	48	-4	48	4609	-	Вот что попало на камеры. Путин побледнел, новые подробности Паутины.				5001469	Июнь 2025	48	2025-06-01	5001930
311	Продолжение следует	4 777 915,0	43	49	-6	49	2715111	-	«Я гей, но при этом ... как Путин». История главного падения на российском ТВ | Разборы				4506404	Июнь 2025	49	2025-06-01	4777915
312	The Люди	4 712 875,0	48	50	-2	50	0	-	Вор в законе Дед Хасан - крестный отец криминального мира России / Его боялись все / @anton_lyadov				4712875	Июнь 2025	50	2025-06-01	4712875
313	Настоящее Время. Док	4 577 404,0	59	51	+8	51	3848322	+10 000	Засекреченные города стран бывшего СССР				4192572	Июнь 2025	51	2025-06-01	4577404
314	RTVI Новости	4 566 288,0	49	52	-3	52	9784	+10 000	Как дроны для «Паутины» попали в Россию? Угроза удара «Орешником». Есть ли шансы на перемирие?				4565310	Июнь 2025	52	2025-06-01	4566288
315	Лига Свободных Наций	4 563 121,0	57	53	+4	53	23953939	+22 000	Что Россия хочет забрать у Казахстана. Чем ответят казахи и страны Центральной Азии. Союз Турана				2167727	Июнь 2025	53	2025-06-01	4563121
316	Mark Solonin	4 050 723,0	67	54	+13	54	0	+4 000	Факультет Мединского.				4050723	Июнь 2025	54	2025-06-01	4050723
317	Бондаренко LIVE	3 935 626,0	55	55	-	55	0	+5 000	Увеличение утильсбора провалилось. Люди перестали покупать авто совсем				3935626	Июнь 2025	55	2025-06-01	3935626
318	Павел Иванов	3 930 249,0	45	56	-11	56	14186	+3 000	НАЧАЛОСЬ! КИЕВ, ИРАН, ТРАМП И ПРИГОВОР ИВАНОВУ! Татьяна Монтян				3928830	Июнь 2025	56	2025-06-01	3930249
319	Meduza	3 603 220,0	60	57	+3	57	82021	+3 000	Операция «Паутина». Дроны ВСУ атаковали военные аэродромы России				3595018	Июнь 2025	57	2025-06-01	3603220
320	Гулагу-нет Официальный канал	3 444 755,0	131	58	+73	58	90457	+10 000	Иран атакует Израиль. Баллистические ракеты пробивают ПВО Тель-Авива				3435709	Июнь 2025	58	2025-06-01	3444755
321	Константин Сёмин	3 385 331,0	63	59	+4	59	90535	-1 000	Дроны и фуры, Навроцкий наш? Потенциальная неизбежность // Галопом по Европам #1411				3376277	Июнь 2025	59	2025-06-01	3385331
322	Игорь Яковенко	3 299 731,0	56	60	-4	60	1555	+2 000	ДУМАЕМ ВМЕСТЕ С МАРКОМ ФЕЙГИНЫМ				3299575	Июнь 2025	60	2025-06-01	3299731
323	Новости СВЕРХДЕРЖАВЫ	3 114 944,0	65	61	+4	61	2463	-	Командира Ахмата заставили извиниться - крупный скандал денацификаторов				3114698	Июнь 2025	61	2025-06-01	3114944
324	Владимир Милов	3 087 196,0	74	62	+12	62	2906	+4 000	ПМЭФ-2025: предвестник заката империи Путина? Откровения чиновников о кризисе. Часть II				3086905	Июнь 2025	62	2025-06-01	3087196
325	Адекватный Русский	2 947 853,0	50	63	-13	63	29478534	+12 000	—				0	Июнь 2025	63	2025-06-01	2947853
326	Олег Жданов	2 936 083,0	64	64	-	64	0	-3 000	3.06 СБУ подрывает Крымский мост, еще одна спецоперация. Гуманитарные итоги переговоров в Стамбуле.				2936083	Июнь 2025	64	2025-06-01	2936083
327	ИГОРЬ ЛИПСИЦ	2 928 520,0	58	65	-7	65	0	+3 000	ЛИПСИЦ: ИНТЕРВЬЮ ЕВГЕНИЮ КИСЕЛЕВУ 02.06.2025 #Липсиц #ИгорьЛипсиц #профессорЛипсиц #lipsic				2928520	Июнь 2025	65	2025-06-01	2928520
328	Евгений Ступин	2 915 101,0	77	66	+11	66	471245	+2 000	«Мое последнее видео. Сегодня обнулят» - военный из ямы				2867976	Июнь 2025	66	2025-06-01	2915101
329	Александр Штефанов	2 873 529,0	79	67	+12	67	342475	+4 000	Как Жириновский «предсказывал» будущее, поддерживал НАТО и пил за Ичкерию				2839281	Июнь 2025	67	2025-06-01	2873529
330	Холод	2 857 189,0	97	68	+29	68	11051	+16 000	Как школьница попала в секс-рабство к одноклассникам | ХОЛОД.ТРУКРАЙМ				2856084	Июнь 2025	68	2025-06-01	2857189
331	Самое важное с Иваном Ждановым	2 846 925,0	80	69	+11	69	5460537	+10 000	Громкое убийство в Москве | Кадыров победил ФСБ | Война мафии | Смерть врага Путина | Атака Израиля				2300871	Июнь 2025	69	2025-06-01	2846925
332	ЖестЬ Доброй Воли	2 733 745,0	61	70	-9	70	5445971	+3 000	ПЕСКОВ / ЛУКАШЕНКО / КИРКОРОВ – Шоу «Кто хочет стать миллиардером?» @ЖестЬДобройВоли #пародия				2189148	Июнь 2025	70	2025-06-01	2733745
333	Клим Жуков	2 728 916,0	62	71	-9	71	3502350	+2 000	Разбор фильма Mortal Kombat: 30 лет легенде				2378681	Июнь 2025	71	2025-06-01	2728916
334	Самый сок 2	2 562 449,0	89	72	+17	72	2330	+1 000	Разгром Кинжалов над Дубно: Москву взбесила сбитая F-16 сушка				2562216	Июнь 2025	72	2025-06-01	2562449
335	Настоящее Время. Сюжеты	2 550 839,0	94	73	+21	73	544689	+5 000	Атака Израиля на Иран. Ответный удар Тегерана. Как долго будет длиться эскалация. Реакция США				2496370	Июнь 2025	73	2025-06-01	2550839
336	Быть Или	2 432 115,0	111	74	+37	74	0	-	Что Было бы с Россией, Если бы Немцов стал Президентом? | Быть Или				2432115	Июнь 2025	74	2025-06-01	2432115
337	Максим Шевченко	2 306 728,0	109	75	+34	75	100467	-	С Максимом Шевченко. Израиль атаковал Иран. Что дальше? 13.06.25				2296681	Июнь 2025	75	2025-06-01	2306728
338	Tamara Eidelman	2 297 552,0	68	76	-8	76	2546082	-	Беларусь. От Лукашенко до Тихановской				2042944	Июнь 2025	76	2025-06-01	2297552
339	Александр Балу	2 242 449,0	78	77	+1	77	0	-	КУЗЯ У СОБЧАК. ТУПОЙ И ЕЩЕ ТУПЕЕ				2242449	Июнь 2025	77	2025-06-01	2242449
340	Дневник Депутата	2 227 159,0	69	78	-9	78	23105	-	Скажите спасибо, что вас кормят! Депутат Госдумы объяснила почему пенсии в США больше				2224848	Июнь 2025	78	2025-06-01	2227159
341	sotavision	2 208 824,0	66	79	-13	79	5351838	+4 000	Скажем НЕТ Кремлю! Мощный митинг на Алтае, против политики Кремля, за отставку Турчака				1673640	Июнь 2025	79	2025-06-01	2208824
342	Yulia Latynina	2 188 754,0	72	80	-8	80	87812	-8 000	Алексей Арестович. Дроны и Метарусь. Маск и Третий Путь. Последствия Дроногеддона				2179973	Июнь 2025	80	2025-06-01	2188754
343	Важные истории	2 125 433,0	91	81	+10	81	3879375	+13 000	Как Telegram связан с ФСБ? Что это значит лично для вас? Расследование				1737495	Июнь 2025	81	2025-06-01	2125433
344	Проект	2 093 564,0	52	82	-30	82	369760	-	Дом для Путина: схема квартиры в Кремле. Как снимали и снимают фильмы о президенте? | Проект.Детали				2056588	Июнь 2025	82	2025-06-01	2093564
345	BILD на русском	2 062 704,0	88	83	+5	83	450532	+1 000	Максим Кац: как война в Иране повлияет на Россию, передача власти, отключение интернета и Z-блогеры				2017651	Июнь 2025	83	2025-06-01	2062704
346	Аудио статьи	2 036 313,0	95	84	+11	84	211129	-	⚡СРОЧНО! ВИДЕО УДАЛЯЮТ! СКАНДАЛ В ГОСДУМЕ УТЁК В СЕТЬ! Матвеев, Бастрыкин, Володин и Балтер				2015200	Июнь 2025	84	2025-06-01	2036313
347	Новая газета Европа	2 010 549,0	83	85	-2	85	636643	+3 000	Дроны из фур уничтожили не менее десятка российских самолетов / Главное об операции «Паутина»				1946885	Июнь 2025	85	2025-06-01	2010549
348	Екатерина Шульман	1 892 645,0	73	86	-13	86	187363	-	Иран: конкурентная теократия. Статус S08E41				1873909	Июнь 2025	86	2025-06-01	1892645
349	Ян Матвеев	1 857 319,0	121	87	+34	87	10811519	+5 000	Рекордные потери авиации. Как операция «Паутина» уничтожила стратегические бомбардировщики				776167	Июнь 2025	87	2025-06-01	1857319
350	varlamov moments	1 838 701,0	75	88	-13	88	51134	+3 000	Бангкок без фильтров: гид показывает Варламову Азию | Интересные факты о Таиланде				1833588	Июнь 2025	88	2025-06-01	1838701
351	Алексей Навальный	1 764 735,0	137	89	+48	89	543359	-20 000	МИЛЛИАРДЫ НА ВОЙНЕ. История самого крупного хищения в оборонке				1710399	Июнь 2025	89	2025-06-01	1764735
352	Дмитрий ПОТАПЕНКО	1 737 644,0	84	90	-6	90	214	-	Экономика готовится к обрушению.. Точка невозврата пройдена? | Дмитрий Потапенко* и Дмитрий Дёмушкин				1737623	Июнь 2025	90	2025-06-01	1737644
353	Валерий Соловей	1 720 526,0	92	91	+1	91	0	-2 000	Ирано-израильская война и роль Кремля				1720526	Июнь 2025	91	2025-06-01	1720526
354	Макашенец	1 623 068,0	103	92	+11	92	180327	+6 500	КУЗЯ ИЗ УНИВЕРА (ГОГУНСКИЙ) У СОБЧАК. Посмотрел ЭТО за вас.				1605035	Июнь 2025	92	2025-06-01	1623068
355	The Insider Live	1 620 775,0	96	93	+3	93	2327	+4 000	Сколько человек Россия потеряла в войне и кого еще пошлют на убой? | Разбор The Insider				1620542	Июнь 2025	93	2025-06-01	1620775
356	НО.Медиа из России	1 617 040,0	85	94	-9	94	380910	+4 000	Иран и Израиль. Уроки блицкрига, которые изменят Ближний Восток				1578949	Июнь 2025	94	2025-06-01	1617040
357	Это Осетинская!	1 586 383,0	143	95	+48	95	228366	+7 000	«Жить надо сегодня». Олег Тиньков и Майкл Калви о взлете нового финтех-стартапа Plata				1563546	Июнь 2025	95	2025-06-01	1586383
358	А поговорить?	1 571 799,0	70	96	-26	96	1114806	-10 000	Утки-насильники, гиены - мужененавистницы, сурикатихи-убийцы. Что будет, если мир захватят женщины?				1460318	Июнь 2025	96	2025-06-01	1571799
359	Нино Росебашвили	1 568 179,0	100	97	+3	97	1063	+5 000	“ПОЧЕМУ Я ДОЛЖНА ГОРДИТЬСЯ ПУШКИНЫМ?” ЭЙДЕЛЬМАН про национальную гордость, историю и справедливость				1568073	Июнь 2025	97	2025-06-01	1568179
360	Радио Свобода. Новости	1 542 264,0	90	98	-8	98	2934677	+10 000	Массированная атака на Украину. Ссора Трампа и Маска. Центробанк снизил ключевую ставку. НОВОСТИ				1248796	Июнь 2025	98	2025-06-01	1542264
361	Ширяев и Ширяев	1 507 944,0	98	99	-1	99	35187	+3 000	Теракты и диверсии Украины в России, реакция Запада и разговор с Трампом				1504425	Июнь 2025	99	2025-06-01	1507944
362	Матвей Ганапольский	1 474 951,0	93	100	-7	100	0	-	ПУТИН СОБИРАЕТ СОВБЕЗ / ГАНАПОЛЬСКАЯ ПРАВДА / 08.06.2025				1474951	Июнь 2025	100	2025-06-01	1474951
363	kuji podcast	1 426 313,0	101	101	-	101	0	+2 000	Сергей Вялов: можно есть жирное (Kuji Podcast 194)				1426313	Июнь 2025	101	2025-06-01	1426313
364	Ищем Выход	1 372 311,0	123	102	+21	102	105002	+3 000	ЛИПСИЦ: Почему Россия ИДЕТ к финансовой КАТАСТРОФЕ?				1361811	Июнь 2025	102	2025-06-01	1372311
365	вДудь Shorts	1 354 747,0	127	103	+24	103	5358683	+6 000	Что будет с Россией? 2018 vs 2025				818879	Июнь 2025	103	2025-06-01	1354747
366	НеДелягин	1 322 972,0	86	104	-18	104	18382	+2 000	Экономика России получила удар, от которого, не факт, что оправится				1321134	Июнь 2025	104	2025-06-01	1322972
367	Острый Угол	1 289 451,0	102	105	-3	105	2183407	-	Последний Гольштейн или краткая история династии Романовых | Разговоры о важном #17				1071110	Июнь 2025	105	2025-06-01	1289451
368	Крик ТВ	1 234 367,0	125	106	+19	106	1374	+3 500	Жесткий комментарий генерала ФСБ о ситуации в г. Камышлове				1234230	Июнь 2025	106	2025-06-01	1234367
369	The Insider	1 180 598,0	117	107	+10	107	2725800	+2 000	Лучше звоните Дюмину. The Insider изучил биллинги бывшего адъютанта Путина				908018	Июнь 2025	107	2025-06-01	1180598
370	Delfi Литва	1 175 722,0	107	108	-1	108	705521	+2 600	Эксклюзивное интервью Сергея Тихановского				1105170	Июнь 2025	108	2025-06-01	1175722
371	Руслан Усачев	1 164 790,0	54	109	-55	109	3370	-	НАТО вооружается // Трибунал для Путина // Беспилотные такси в США				1164453	Июнь 2025	109	2025-06-01	1164790
372	kremlin	1 122 254,0	30	110	-80	110	0	+4 000	Ответы на вопросы журналистов				1122254	Июнь 2025	110	2025-06-01	1122254
373	Набутовы	1 057 372,0	106	111	-5	111	34834	+2 000	Что будет с Ираном или зачем убили Грибоедова?! / Наброски #180				1053889	Июнь 2025	111	2025-06-01	1057372
374	Masyanya Kuvaeva	1 029 099,0	120	112	+8	112	5511	-	—				1028548	Июнь 2025	112	2025-06-01	1029099
375	Михаил Веллер	1 018 835,0	113	113	-	113	12832	-	ИНОЙ АГЕНТ: ПЛАТА ЗА ЧЕСТЬ И РОДИНУ #веллер 03 06 2025				1017552	Июнь 2025	113	2025-06-01	1018835
376	Скажи Гордеевой	995 394,0	76	114	-38	114	2061747	-10 000	Полина и Аркадий Майофис: «Жить тяжело. Но ты счастлив» // «Скажи Гордеевой»				789219	Июнь 2025	114	2025-06-01	995394
377	Минута в минуту	989 942,0	110	115	-5	115	18125	+6 000	Мятеж Пригожина. Почему «Вагнер» не дошел до Москвы? Полная реконструкция бунта #минутавминуту				988129	Июнь 2025	115	2025-06-01	989942
378	Радио Долин	950 025,0	148	116	+32	116	30478	+4 000	Никита Михалков и его фильмы. Разбор Антона Долина				946977	Июнь 2025	116	2025-06-01	950025
379	Дед Архимед	941 883,0	124	117	+7	117	35541	-	Песня про Путина Пародия деда Архимеда на песню группы Любэ Конь				938329	Июнь 2025	117	2025-06-01	941883
380	Простые числа	939 776,0	108	118	-10	118	400411	+1 000	Почему (на самом деле) одни страны богатые, а другие бедные // Олег Комолов				899735	Июнь 2025	118	2025-06-01	939776
381	Ксения Ларина	936 526,0	126	119	+7	119	126133	+1 000	ЛАРИНА об интервью ДУДЬ - ВЕНЕДИКТОВ. Что ПРАВДА ✅ и что ВРАНЬЁ ? ❌				923913	Июнь 2025	119	2025-06-01	936526
382	Ростислав Мурзагулов	898 652,0	156	120	+36	120	3177475	+1 000	РОСТИСЛАВ МУРЗАГУЛОВ ПРИГЛАШАЕТ ВАС ПООБЩАТЬСЯ С НИМ ВЖИВУЮ				580904	Июнь 2025	120	2025-06-01	898652
383	РОЙ ТВ	887 982,0	139	121	+18	121	0	-	"Как РФ в ""Паутину"" угодила"				887982	Июнь 2025	121	2025-06-01	887982
384	Белковский	862 846,0	122	122	-	122	752556	-	Белковский + Бунтман. 05 Июня 2025 @BelkovskiyS				787590	Июнь 2025	122	2025-06-01	862846
385	Вместе с Жуковой	853 011,0	145	123	+22	123	299119	+3 100	Что она несет? Разбор всего кринжа Мии Бойки				823099	Июнь 2025	123	2025-06-01	853011
386	Михаил Ходорковский	847 313,0	82	124	-42	124	765334	+10 000	Налеты дронов. Всё только начинается | Блог Ходорковского				770780	Июнь 2025	124	2025-06-01	847313
387	Parfenon	812 522,0	99	125	-26	125	52001	-	—				807322	Июнь 2025	125	2025-06-01	812522
388	Андрей Ланьков	772 190,0	114	126	-12	126	0	+8 000	ЛАНЬКОВ: Как и почему началась война в Корее?				772190	Июнь 2025	126	2025-06-01	772190
389	Baza	755 064,0	116	127	-11	127	990	+1 000	—				754965	Июнь 2025	127	2025-06-01	755064
390	БАРМАЛЕЙКА	750 774,0	115	128	-13	128	0	-	Пошла ЖАРА! путина обвинили в госизмене/В США празднуют победу/Чубайс всех переиграл				750774	Июнь 2025	128	2025-06-01	750774
391	Заповедник	749 355,0	128	129	-1	129	463265	-	"Уничтожение бомбардировщиков. Погромы в Париже. Возвращение брендов – ""Заповедник"", выпуск 363"				703028	Июнь 2025	129	2025-06-01	749355
392	РАЗГОВОРНЫЙ ЖАНР	743 496,0	130	130	-	130	11026	-	Как Чичерина сошла с ума? | «Музыкальная пауза» с Артёмом Маневичем				742393	Июнь 2025	130	2025-06-01	743496
393	Сергей Асланян	733 407,0	129	131	-2	131	4598	-	СЕРГЕЙ АСЛАНЯН: 💥 СБУ АТАКОВАЛИ 4 АЭРОДРОМА РФ | УНИЧТОЖЕНО 40 САМОЛЕТОВ | ВТОРОЙ РАУНД ПЕРЕГОВОРОВ				732947	Июнь 2025	131	2025-06-01	733407
394	Разворот	707 021,0	158	132	+26	132	13676	+1 100	Иран бомбит американские военные базы | 23.06.2025 | Сергей Ауслендер, военный журналист				705653	Июнь 2025	132	2025-06-01	707021
395	TV2media	683 812,0	142	133	+9	133	1717265	+1 000	Андрей Аксенов о том, почему нельзя взять Киев за три дня				512085	Июнь 2025	133	2025-06-01	683812
396	SOBOLEV	635 695,0	87	134	-47	134	11331	-	ИЗРАИЛЬ vs. ИРАН: ТРЕТЬЯ МИРОВАЯ? Прогноз от Павла Щелина, политического философа				634562	Июнь 2025	134	2025-06-01	635695
397	Forbes	630 608,0	105	135	-30	135	101627	+1 000	Самое смелое интервью Николая Василенко. Любовь с Фриске, «отжатие» бизнеса и страх потерять все				620445	Июнь 2025	135	2025-06-01	630608
398	Любовь Соболь	606 248,0	135	136	-1	136	1083319	-	Путин: деградация образа				497916	Июнь 2025	136	2025-06-01	606248
399	Илья Яшин	570 504,0	118	137	-19	137	80076	-	Неудобная правда. Почему Z-патриоты завидуют евреям				562496	Июнь 2025	137	2025-06-01	570504
400	Владислав Жуковский	568 951,0	136	138	-2	138	82316	-	Липсиц: ТАКОЙ ОБВАЛ НЕ СКРЫТЬ! ЭКОНОМИКА - БАНКРОТ? ДЕНЬГАМИ РОССИЯН СПАСАЮТ БАНКРОТОВ!				560719	Июнь 2025	138	2025-06-01	568951
401	Дмитрий Дёмушкин	568 544,0	149	139	+10	139	147	-	Времени осталось совсем мало (Дмитрий Демушкин)				568529	Июнь 2025	139	2025-06-01	568544
402	Объектив	557 249,0	165	140	+25	140	921	+1 000	Атака на военные аэродромы России | Как Украина организовала операцию «Паутина»? @Obyektiv				557157	Июнь 2025	140	2025-06-01	557249
403	Котрикадзе Дзядко	548 232,0	164	141	+23	141	0	-	«Думали, это последние часы жизни». Зачем Лукашенко освободил Тихановского и что с ним было в тюрьме				548232	Июнь 2025	141	2025-06-01	548232
404	Форум свободной России	547 071,0	119	142	-23	142	63886	+1 000	"⚡ВСУ потрясли мир: ""Паутина"" взбесила Трампа?! Маск закончит, как Березовский? | Гарри Каспаров"				540682	Июнь 2025	142	2025-06-01	547071
405	Ёшкин Крот	515 230,0	157	143	+14	143	5042698	-	—				10960	Июнь 2025	143	2025-06-01	515230
406	Пастуховская Кухня	513 450,0	154	144	+10	144	3261	-	Время войны для США? Стратегия выхода Израиля и блеф Путина. Пастуховская Кухня // Владимир Пастухов				513124	Июнь 2025	144	2025-06-01	513450
407	Политолог Аббас Галлямов	506 304,0	146	145	+1	145	50651	+1 200	Россия не может быть посредником между Израилем и Ираном 21.06.25 @radioNVua				501239	Июнь 2025	145	2025-06-01	506304
408	Крым.Реалии	500 869,0	152	146	+6	146	259489	-	Истории людей, которые смогли вырваться из оккупации | Крым.Реалии ТВ				474920	Июнь 2025	146	2025-06-01	500869
409	Вестник Бури	480 351,0	163	147	+16	147	0	-	РУССКАЯ ОБЩИНА: герои или фашисты?				480351	Июнь 2025	147	2025-06-01	480351
410	Антонов такой Антонов	480 028,0	140	148	-8	148	176804	-	Индия vs Пакистан: шантаж, терроризм и ядерное оружие				462348	Июнь 2025	148	2025-06-01	480028
411	Андрей Пионтковский	474 557,0	150	149	+1	149	4011	-	⚡️ПИОНТКОВСКИЙ & ЦИМБАЛЮК: Вот что ПРОИЗОШЛО на ПЕРЕГОВОРАХ в Стамбуле. У Зеленского есть КАРТЫ?				474156	Июнь 2025	149	2025-06-01	474557
412	Отъезд Кукухи	458 675,0	112	150	-38	150	148452	+2 300	Россиян мобилизуют в Иран? Кукуха недели				443830	Июнь 2025	150	2025-06-01	458675
413	Роман Юнеман	458 162,0	183	151	+32	151	224616	+2 000	ВОЙНА НА ИСТОЩЕНИЕ. Украинцы закончатся быстрее, чем экономика России?				435700	Июнь 2025	151	2025-06-01	458162
414	Кавказ.Реалии	433 701,0	147	152	-5	152	1465486	+1 000	Кадыровцев отпустили после похищения человека в Москве | НОВОСТИ				287152	Июнь 2025	152	2025-06-01	433701
415	SVTV	432 657,0	151	153	-2	153	38767	-1 000	СВЕТОВ // КАШИН // ГЛАВЫ РОССИЙСКОЙ ОППОЗИЦИИ				428780	Июнь 2025	153	2025-06-01	432657
416	Oleg Kashin	428 350,0	161	154	+7	154	10729	+200	ПРОШМАНДОВЦЫ РУССКОЙ ЭМИГРАЦИИ				427277	Июнь 2025	154	2025-06-01	428350
417	Майор в отставке	424 687,0	134	155	-21	155	33641	+3 000	Почему Путина до сих пор не убрали — Всё о страхе в системе				421323	Июнь 2025	155	2025-06-01	424687
418	Mash Room	423 122,0	138	156	-18	156	808008	-	"Фильм ""Раша, гудбай"": как работает украинская пропаганда от Квартала 95"				342321	Июнь 2025	156	2025-06-01	423122
419	Свободная Пресса	418 019,0	133	157	-24	157	32365	+1 000	АТАКА ДРОНОВ в тылу РФ/ Ядерная угроза/ МОБИЛИЗАЦИЯ? // Константин Сивков				414782	Июнь 2025	157	2025-06-01	418019
420	KrasNews	415 711,0	159	158	+1	158	16612	+1 000	СМЕШНО ЖЕ?! ПОСЛЕ РЕКОРДНОГО УРОЖАЯ... ВНЕЗАПНЫЙ ДЕФИЦИТ КАРТОШКИ И ВЗЛЁТ ЦЕНЫ В ТРИ РАЗА!!!				414050	Июнь 2025	158	2025-06-01	415711
421	Sasha Sotnik (Sotnik-TV)	413 638,0	166	159	+7	159	166233	-	ПРОПАСТЬ НАД ПРОПАСТЬЮ Итоги недели с А. Сотником				397015	Июнь 2025	159	2025-06-01	413638
422	Евгений Чичваркин	383 426,0	104	160	-56	160	1499745	-	Чичваркин: Решение войны в иранском бункере Хаменеи — Украина в большой опасности				233451	Июнь 2025	160	2025-06-01	383426
423	Когнитивный надзор	365 864,0	141	161	-20	161	0	-	Разбор манипуляций на дебатах Панчина и Савватеева				365864	Июнь 2025	161	2025-06-01	365864
424	Новые Куклы	349 167,0	Новое	162	Новое	162	200963	+2 000	В бункере Путина шок и паника				329071	Июнь 2025	162	2025-06-01	349167
425	Zakhar Artemiev	328 114,0	167	163	+4	163	6270	+1 000	Адские дроны, лютая злоба, станция Судного Дня. ЛДПР морали научит, богаче стала братва				327487	Июнь 2025	163	2025-06-01	328114
426	Аспекты - Башкортостан	322 896,0	173	164	+9	164	2796310	+2 000	Общественник Сагит Исмагилов попрощался с памятником Салавату Юлаеву #памятниксалаватуюлаеву				43265	Июнь 2025	164	2025-06-01	322896
427	ОТДЕЛЬНАЯ ЦИВИЛИЗАЦИЯ	297 906,0	160	165	-5	165	6771	-	🔥ЛЮДИ О ЗАПРЕТЕ ТУРЕЦКИХ СЕРИАЛОВ.НЕ МУЖСКАЯ РАБОТА КАКАЯ?ОПРОС 2025				297229	Июнь 2025	165	2025-06-01	297906
428	Семён Кочкин	290 440,0	132	166	-34	166	1649258	+600	Дроны ударили по Чебоксарам: всё, что известно				125514	Июнь 2025	166	2025-06-01	290440
429	Евгений Трикоз	277 205,0	194	167	+27	167	960699	+1 000	Евгений Сергеевич – Депутат (ПРЕМЬЕРА КЛИПА 2025)				181135	Июнь 2025	167	2025-06-01	277205
430	Юзефович	270 278,0	181	168	+13	168	137837	+1 000	Александр Васильев о возвращении на Родину и на телевидение, своей коллекции книг и эмиграции				256494	Июнь 2025	168	2025-06-01	270278
431	Говорит НеМосква	262 452,0	162	169	-7	169	393566	+2 000	"Побои, пытки, яма и обнуление: ""НеМосква""поговорила с военным, бежавшим из российской армии"				223095	Июнь 2025	169	2025-06-01	262452
432	Голос Америки	259 972,0	174	170	+4	170	303065	-1 000	—				229665	Июнь 2025	170	2025-06-01	259972
433	7x7 Горизонтальная Россия	247 082,0	175	171	+4	171	265544	-	Что сделаете, когда закончится война? // Опрос 7x7				220528	Июнь 2025	171	2025-06-01	247082
434	Andrei Illarionov (Андрей Илларионов)	243 448,0	171	172	-1	172	737	-200	Шестерка. Ответ А.Илларионова Д.Трампу				243374	Июнь 2025	172	2025-06-01	243448
435	Совесть и Подлость!	234 186,0	176	173	+3	173	0	-	Азиаты-русофобы: в чём русские виноваты и что Вам должны? И мой ИМ ответ!				234186	Июнь 2025	173	2025-06-01	234186
436	Убежище оппозиции	232 501,0	144	174	-30	174	1128	-	Как отжали Аэропорт «Домодедово». Олигархи в шоке				232388	Июнь 2025	174	2025-06-01	232501
437	Yevgenia Albats	230 921,0	189	175	+14	175	1965	-	Илья Колмановский об антидепрессантах и препаратах от лишнего веса // Полный Альбац				230724	Июнь 2025	175	2025-06-01	230921
438	Baunov_Tube	228 303,0	202	176	+26	176	292	+900	Кролик дрожащий или удав право имеющий? Екатерина Шульман и Александр Баунов. Бауновкаст				228274	Июнь 2025	176	2025-06-01	228303
439	ВАЖНЫЕ НОВОСТИ	218 476,0	170	177	-7	177	425	-	РИТТЕР ЖЁСТКО: ПУТИН НЕ ПРОЩАЕТ ОШИБОК — И ТРАМП ЭТО ЗНАЕТ!				218433	Июнь 2025	177	2025-06-01	218476
440	Гроза / Николай Росов	218 460,0	180	178	+2	178	3186	-	Круглый стол Нижнего Интернета: ЮТ17, Скабрезлость, Станкевичюс, Кьют-монархизм				218141	Июнь 2025	178	2025-06-01	218460
441	Рабкор	213 421,0	191	179	+12	179	1304	-	Андрей Ланьков: выборы в Корее, отношения с Россией, Трамп - Маск				213291	Июнь 2025	179	2025-06-01	213421
442	Медиазона	213 364,0	155	180	-25	180	37825	-	Потери России в войне. Рекордное количество пропавших без вести | Сводка 6 июня 2025				209581	Июнь 2025	180	2025-06-01	213364
443	RusNews	206 304,0	210	181	+29	181	63845	-	⭕️ Белгородскую волонтёрку Надин Гейслер* приговорили к 22 годам лишения свободы				199919	Июнь 2025	181	2025-06-01	206304
444	Депутат Елена Шувалова	196 686,0	223	182	+41	182	4271	+2 400	Что произойдёт 1 июля				196259	Июнь 2025	182	2025-06-01	196686
445	Пикули	196 245,0	192	183	+9	183	5801	-	Антон Пикули – Метеорит в Челябинске и шпион в Тбилиси | StandUp				195665	Июнь 2025	183	2025-06-01	196245
446	Movchans	195 450,0	207	184	+23	184	80427	+500	Будущее валют: Доллар, Евро, Фунт — что нас ждет? Долгосрочные перспективы доллара!				187407	Июнь 2025	184	2025-06-01	195450
447	Lazarevatut	179 934,0	179	185	-6	185	71507	-	Тамара Эйдельман: «Быть честным – уже очень много» | Татьяна Лазарева				172783	Июнь 2025	185	2025-06-01	179934
448	Сергей Бойко	168 698,0	198	186	+12	186	9711	-	Аэродромы накрыли. Удар по Сибири. ИИ атакует. Покрышки не спасли!				167727	Июнь 2025	186	2025-06-01	168698
449	Страна и мир	165 770,0	184	187	-3	187	5198	+300	Рогов о главном: Украинские дроны, фантазии Трампа, российская экономика				165250	Июнь 2025	187	2025-06-01	165770
450	MRR — My Russian Rights	162 283,0	168	188	-20	188	565247	-	«В камеры запускают слезоточивый газ», — говорят украинские заключенные. СТРИМ Ольги Романовой				105758	Июнь 2025	188	2025-06-01	162283
451	Радио Свобода Live	161 167,0	186	189	-3	189	12	+300	"Цитаты Свободы - Цитаты Свободы. Аэродромы под ""Паутиной"""				161166	Июнь 2025	189	2025-06-01	161167
452	Федор Крашенинников	148 444,0	Новое	190	Новое	190	9891	-100	Что будет после Кадырова | Фёдор Крашенинников в эфире «Честного слова»				147455	Июнь 2025	190	2025-06-01	148444
453	Первый отдел	139 118,0	185	191	-6	191	13424	-	Слежка за несогласными... В ЕВРОПЕ? | Первый отдел				137776	Июнь 2025	191	2025-06-01	139118
454	Прекрасная Россия	132 173,0	206	192	+14	192	0	-	о садизме, и не только...				132173	Июнь 2025	192	2025-06-01	132173
455	Глушь	131 354,0	Новое	193	Новое	193	203	-	«Похищенный» в Москве: сильно не пытали. Алик из Саратова				131334	Июнь 2025	193	2025-06-01	131354
456	ЮРИЙ ФЁДОРОВ	131 066,0	221	194	+27	194	0	+2 500	ИЗРАИЛЬ ПРОТИВ ИРАНА ПЕРВЫЕ ИТОГИ				131066	Июнь 2025	194	2025-06-01	131066
457	РОМБ	122 705,0	196	195	+1	195	89661	-	Она потеряла глаз, а он ушел из СИЗО на войну, и уже на свободе | ГДЕ ВАШИ ГЛАЗА				113739	Июнь 2025	195	2025-06-01	122705
458	Транзит	122 666,0	217	196	+21	196	92252	+600	Почему сырьевые регионы обречены на нищету — экономист Владимир Милов				113441	Июнь 2025	196	2025-06-01	122666
459	Сергей Смирнов	120 451,0	200	197	+3	197	28352	-	ГРАЖДАНСКАЯ ВОЙНА В МЬЯНМЕ. Как мирные демонстранты перешли к вооруженному сопротивлению диктатуре				117616	Июнь 2025	197	2025-06-01	120451
460	Votvot	114 064,0	182	198	-16	198	5631	+1 000	Тайвань: свобода через экономику | КАК У НИХ ПОЛУЧИЛОСЬ?				113501	Июнь 2025	198	2025-06-01	114064
461	Sergey Aleksashenko	113 042,0	178	199	-21	199	633	-	“Экономика, тормози!” - приказал Путин. Правительство мечтает о девальвации. @theinsiderlive				112979	Июнь 2025	199	2025-06-01	113042
462	ШАЦ	112 035,0	172	200	-28	200	464155	+1 000	—				65619	Июнь 2025	200	2025-06-01	112035
463	ШЕПЕЛИН	111 809,0	205	201	+4	201	1693	-	Путин в поисках конца света | Итоги расследования о связях Телеграма и ФСБ. Шепелин правит заголовок				111640	Июнь 2025	201	2025-06-01	111809
464	Пермь 36,6	108 588,0	222	202	+20	202	32106	+600	«Нас бросили!». Бунт в регионах				105377	Июнь 2025	202	2025-06-01	108588
465	Как теперь / проект ОВД-Инфо	108 122,0	177	203	-26	203	24368	-	«Мы ПОЖАЛЕЕМ о создании искусственного интеллекта»: | Роман Ямпольский, исследователь | «Как теперь»				105685	Июнь 2025	203	2025-06-01	108122
466	Whalesplaining	101 309,0	188	204	-16	204	0	+1 000	—				101309	Июнь 2025	204	2025-06-01	101309
467	Маша Борзунова	98 086,0	242	205	+37	205	3314	-1 000	Замена Познеру на «Первом», Бардаш ищет новые Z-таланты, война в «Беременна в 16»				97755	Июнь 2025	205	2025-06-01	98086
468	Подкаст Лазерсон	95 732,0	187	206	-19	206	0	-	Счастливый мозг. Кризис мужского одиночества. Цифровое СДВГ. Эксперт по мозгу Анна Прохорова				95732	Июнь 2025	206	2025-06-01	95732
469	Сергей Пархоменко	94 467,0	203	207	-4	207	108	-	Особое мнение @zhivoygvozd 18.06.2025				94456	Июнь 2025	207	2025-06-01	94467
470	SOTA	87 262,0	220	208	+12	208	5760	+200	Сергей Тихановский на митинге / Первое выступление в Литве				86686	Июнь 2025	208	2025-06-01	87262
471	DOXA | ДОКСА	87 116,0	199	209	-10	209	203845	-	Почему ЛГБТ-парады такие развратные и зачем туда приводят детей?				66731	Июнь 2025	209	2025-06-01	87116
472	ЗЫГАРЬ	71 955,0	211	210	+1	210	5788	-1 000	—				71376	Июнь 2025	210	2025-06-01	71955
473	MOUNT SHOW	70 962,0	212	211	+1	211	57144	-	Израиль в огне/ ВОЗМЕЗДИЕ ИРАНА / Израиль теперь похож на Сектор Газа				65248	Июнь 2025	211	2025-06-01	70962
474	Татьяна Фельгенгауэр	66 133,0	204	212	-8	212	6079	-1 000	Таня Ф. и Люся Грин: про тварей, фантастических и не очень, про телевидение и психическое здоровье				65525	Июнь 2025	212	2025-06-01	66133
475	Ворнадзор	61 084,0	234	213	+21	213	32200	+200	Избиения активистов. Стрельба в центре Россоши. Капсула времени				57864	Июнь 2025	213	2025-06-01	61084
476	Открытые медиа	53 580,0	215	214	+1	214	1380	-	—				53442	Июнь 2025	214	2025-06-01	53580
477	ГражданинЪ TV	52 151,0	214	215	-1	215	1422	-100	В ожидании ответного удара. Трамп не уходит от Путина. Обмен погибшими отложен / Шлосберг weekly				52009	Июнь 2025	215	2025-06-01	52151
478	Утро Февраля	51 618,0	190	216	-26	216	11810	-	🔥Путин мстит всем: Украине, Западу и своему народу. Почему?				50437	Июнь 2025	216	2025-06-01	51618
479	Говорящие Головы	49 094,0	209	217	-8	217	178782	-	Чуркисс Глинтвейнов - уехавшие, наши слоняры и дети с лицом Чичериной				31216	Июнь 2025	217	2025-06-01	49094
480	Губин ON AIR	48 762,0	216	218	-2	218	0	-	"ОЛЬГА РОМАНОВА: КАК МАТВИЕНКО ПРЕДАВАЛА ВСЕ САМОЕ НЕЖНОЕ, - ""Особое мнение"", ""Ищем выход"" 04.06.2025"				48762	Июнь 2025	218	2025-06-01	48762
481	ZIMA MAGAZINE	43 532,0	201	219	-18	219	4948	100	Андрей Звягинцев: как рождается кино — воспоминания и обсуждение короткометражного фильма «Апокриф»				43037	Июнь 2025	219	2025-06-01	43532
482	Реалии	39 455,0	208	220	-12	220	284496	0	—				11005	Июнь 2025	220	2025-06-01	39455
483	Григорий Явлинский	34 096,0	213	221	-8	221	249	0	Как выйти из переговорного тупика?				34071	Июнь 2025	221	2025-06-01	34096
484	Красный поворот	33 510,0	197	222	-25	222	3386	0	Провокация с «Мумией». Конфликт между КПГ и РКРП. Стрим/С.Крупенько, С.Новиков,А.Шмагирев				33171	Июнь 2025	222	2025-06-01	33510
485	Карен Шаинян	27 342,0	218	223	-5	223	7864	-1000	—				26556	Июнь 2025	223	2025-06-01	27342
486	FURYDROPS. Блог Григория Баженова об экономике.	22 619,0	219	224	-5	224	792	-100	Баженов VS Варуфакис: дискуссия о технофеодализме!				22540	Июнь 2025	224	2025-06-01	22619
487	Трудовая Россия	21 167,0	228	225	+3	225	13853	0	ЗАДЕРЖАНИЕ ЗА ФЛАГ СССР НА КРАСНОЙ ПЛОЩАДИ‼️🚩24 июня 2025 г.				19782	Июнь 2025	225	2025-06-01	21167
488	nixelpixel	14 601,0	227	226	+1	226	150	-1000	—				14586	Июнь 2025	226	2025-06-01	14601
489	Партия «Рассвет»	13 468,0	257	227	+30	227	10146	90	Кризис в России, санкции и налоги - Владислав Иноземцев* специально для «Рассвета»				12453	Июнь 2025	227	2025-06-01	13468
490	Омское Гражданское Объединение	11 910,0	240	228	+12	228	11047	100	Зачем отключают интернет в Омске. Разбор Михаила Климарева				10805	Июнь 2025	228	2025-06-01	11910
491	Anna Zueva	11 472,0	226	229	-3	229	53912	-100	—				6081	Июнь 2025	229	2025-06-01	11472
492	Богатый регион	11 240,0	225	230	-5	230	21363	-100	Адальберт Благородный и духовные скрепы: «демон» из партии власти				9104	Июнь 2025	230	2025-06-01	11240
493	Виктор Шендерович	10 268,0	231	231	-	231	3076	-1000	—				9960	Июнь 2025	231	2025-06-01	10268
494	Хроники.Медиа	9 554,0	239	232	+7	232	86431	0	—				911	Июнь 2025	232	2025-06-01	9554
495	CIT	9 015,0	193	233	-40	233	694	-1000	—				8946	Июнь 2025	233	2025-06-01	9015
496	Varlamov Talks	7 768,0	232	234	-2	234	0	-1000	—				7768	Июнь 2025	234	2025-06-01	7768
497	Залищак Владимир	7 527,0	229	235	-6	235	576	-100	—				7469	Июнь 2025	235	2025-06-01	7527
498	Екатерина Дунцова	7 355,0	250	236	+14	236	388	-300	Рассвет идёт в Госдуму - ищем кандидатов по всей стране!				7316	Июнь 2025	236	2025-06-01	7355
499	НЕОРУЭЛЛ	5 905,0	233	237	-4	237	2688	0	—				5636	Июнь 2025	237	2025-06-01	5905
500	СМЕХОПАРАНОЙЯ	5 876,0	224	238	-14	238	5739	0	—				5302	Июнь 2025	238	2025-06-01	5876
501	Удмуртия против коррупции	5 524,0	237	239	-2	239	21959	0	Бастрыкин о провале в Сарапуле, посадили ставленника Пинчук и единоросса из ИжГэта, 16 млн на пиар				3328	Июнь 2025	239	2025-06-01	5524
502	Псковская Губерния	5 091,0	236	240	-4	240	28644	10	Республика Алтай против Турчака, Дедовичи против Ведерникова				2227	Июнь 2025	240	2025-06-01	5091
503	Живой Уголок Троицкого	4 361,0	235	241	-6	241	0	0	—				4361	Июнь 2025	241	2025-06-01	4361
504	Аполитичность губит	3 346,0	249	242	+7	242	16138	0	Ребёнок погиб в фонтане. Срочно нужно рожать. Гладков зовёт в Белгород				1732	Июнь 2025	242	2025-06-01	3346
505	Андрей Пивоваров	3 007,0	254	243	+11	243	24938	0	—				513	Июнь 2025	243	2025-06-01	3007
506	Дарья Беседина	2 762,0	241	244	-3	244	0	-100	—				2762	Июнь 2025	244	2025-06-01	2762
507	Леонид Волков	2 685,0	246	245	+1	245	133	0	—				2672	Июнь 2025	245	2025-06-01	2685
508	Верстка Медиа	2 541,0	244	246	-2	246	5141	90	—				2027	Июнь 2025	246	2025-06-01	2541
509	Юлия Галямина	2 535,0	251	247	+4	247	1626	0	"Иран: начало или конец? Никита Смагин и Юлия Галямина | СТРИМ ""Мягко говоря"""				2372	Июнь 2025	247	2025-06-01	2535
510	Голос. За честные выборы	2 518,0	243	248	-5	248	486	0	Протесты в Горно-Алтайске: Какие могут быть последствия для властей? / Станислав Андрейчук				2469	Июнь 2025	248	2025-06-01	2518
511	Сергей Гуриев	2 100,0	247	249	-2	249	0	-1000	—				2100	Июнь 2025	249	2025-06-01	2100
512	Фарида Курбангалеева	2 027,0	248	250	-2	250	0	-400	—				2027	Июнь 2025	250	2025-06-01	2027
513	Дозор в Волгограде	1 886,0	245	251	-6	251	1175	-100	Зачем глушат интернет в России? 5 шагов на случай шатдауна				1768	Июнь 2025	251	2025-06-01	1886
514	Левый Фронт	1 713,0	252	252	-	252	0	0	—				1713	Июнь 2025	252	2025-06-01	1713
515	Идите лесом	1 156,0	253	253	-	253	3121	30	—				844	Июнь 2025	253	2025-06-01	1156
516	ЦУРреализм	956,0	261	254	+7	254	0	-100	—				956	Июнь 2025	254	2025-06-01	956
517	Общество Защиты Интернета	910,0	238	255	-17	255	170	0	—				893	Июнь 2025	255	2025-06-01	910
518	Борис Надеждин	885,0	259	256	+3	256	938	0	—				791	Июнь 2025	256	2025-06-01	885
519	Ольга Цуканова🔴Общественный деятель	827,0	258	257	+1	257	622	-100	—				765	Июнь 2025	257	2025-06-01	827
520	Dasha Navalnaya	739,0	262	258	+4	258	0	-100	—				739	Июнь 2025	258	2025-06-01	739
521	Фактор	544,0	256	259	-3	259	0	-100	—				544	Июнь 2025	259	2025-06-01	544
522	Эльвира Вихарева	511,0	263	260	+3	260	0	-200	—				511	Июнь 2025	260	2025-06-01	511
523	Дмитрий Гудков	368,0	255	261	-6	261	60	-100	—				362	Июнь 2025	261	2025-06-01	368
524	ИГОРЬ ЛИПСИЦ: ПРО ЭКОНОМИКУ И МАРКЕТИНГ	321,0	260	262	-2	262	0	-200	—				321	Июнь 2025	262	2025-06-01	321
525	Kolezev Live	27,0	Новое	263	Новое	263	0	7	—				27	Июнь 2025	263	2025-06-01	27
526	NEXTA Live	73 154 761,00	1	1	-	1	1.06E+08	+100 000	Детали покушения на Путина / Этого в Стамбуле не ждали				62551658	Май 2025	1	2025-05-01	73154761
527	Телеканал Дождь	40 709 304,0	4	2	+2	2	46080791	+10 000	Парад 9 мая на Красной площади. Смотрим и обсуждаем				36101225	Май 2025	2	2025-05-01	40709304
528	Ходорковский LIVE	38 531 030,0	2	3	-1	3	48634110	+30 000	Путин оскорбил армию. АСЛАНЯН о Параде Победы 9 мая в Москве				33667619	Май 2025	3	2025-05-01	38531030
529	Майкл Наки	32 750 886,0	5	4	+1	4	52556	-	«СИТУАЦИЯ, БЛИЗКА К КРИТИЧЕСКОЙ». Стрелков о катастрофе в армии РФ				32745630	Май 2025	4	2025-05-01	32750886
530	Анатолий Шарий	31 334 251,0	3	5	-2	5	58467	+10 000	Зеленский сел в лужу в Стамбуле				31328404	Май 2025	5	2025-05-01	31334251
531	Максим Кац	26 529 346,0	7	6	+1	6	6749	-	Военкор ВГТРК Сладков призвал прекратить войну — что случилось (English subtitles) @Max_Katz				26528671	Май 2025	6	2025-05-01	26529346
532	Дмитрий Гордон	25 807 371,0	6	7	-1	7	7591096	+20 000	Пригожин жив и скоро вернется в Россию, страшная бомбардировка Москвы – экс-замглавы СБУ Ягун				25048261	Май 2025	7	2025-05-01	25807371
533	И Грянул Грэм	24 093 732,0	8	8	-	8	174632	+20 000	ПОРТНИКОВ: о переговорах в Стамбуле, шагах Зеленского, США, Трампе и Сирии				24076269	Май 2025	8	2025-05-01	24093732
534	Обманутый Россиянин	22 002 982,0	9	9	-	9	0	+10 000	Погоди, Владимир... А ЧТО Ж ТЫ НАС ТО НА ПАРАД ПОБЕДЫ НЕ ПРИГЛАСИЛ				22002982	Май 2025	9	2025-05-01	22002982
535	The Breakfast Show	20 239 143,0	11	10	+1	10	1822595	+13 000	Екатерина Васильева о СВО, или Искусство пропагандистского монтажа. Фантастические TVари. Люся Грин				20056883	Май 2025	10	2025-05-01	20239143
536	МИНАЕВ LIVE	19 103 029,0	10	11	-1	11	0	+40 000	1945: Победа / Вторая мировая война / Уроки истории @MINAEVLIVE				19103029	Май 2025	11	2025-05-01	19103029
537	Популярная политика	17 752 988,0	12	12	-	12	45662836	+20 000	Итоги дня | Новая эпидемия ВИЧ в России. Тысячи беременных больны | Стрельба в Москве				13186704	Май 2025	12	2025-05-01	17752988
538	Редакция	17 495 994,0	16	13	+3	13	527484	+10 000	От рабов до Бонда: история взлета, краха и наследия Британской империи				17443246	Май 2025	13	2025-05-01	17495994
539	varlamov	15 691 909,0	13	14	-1	14	10	-	Чё Происходит #273 | Итоги мирных переговоров, Мизулина не «пиз***ина», «крестопад» в Чечне				15691908	Май 2025	14	2025-05-01	15691909
540	Om TV	15 416 050,0	Новое	15	Новое	15	16568970	+10 000	В Полтаве снесли Петра I. Украинский историк объяснил ФСБ-шнику зачем это делается				13759153	Май 2025	15	2025-05-01	15416050
541	Роман Цимбалюк	14 629 466,0	15	16	-1	16	3702234	+10 000	Охрана: отмена парада				14259243	Май 2025	16	2025-05-01	14629466
542	Ivan Yakovina	14 475 712,0	30	17	+13	17	3876094	+10 000	РФ-вождь принял фатальное решение | Продолжение войны приведет к поражению РФ и гибели его режима				14088103	Май 2025	17	2025-05-01	14475712
543	Антон Хардин	14 408 307,0	18	18	-	18	54293	+10 000	Видео Никиты Михалкова разлетелось по сети. В зале аж воздуха в грудь набрали! 25 лет назад было...				14402878	Май 2025	18	2025-05-01	14408307
544	вДудь	12 268 007,0	31	19	+12	19	0	-	Россия до революции: как ели, пахли, развлекались и разводились / вДудь				12268007	Май 2025	19	2025-05-01	12268007
545	Юрий Швец -- официальный канал	12 236 475,0	19	20	-1	20	145366	-	Трампу ставят ультиматум из-за Путина. Он рискует стать президентом-изгоем / №949 / Юрий Швец				12221938	Май 2025	20	2025-05-01	12236475
546	Комсомольская Правда	11 843 105,0	33	21	+12	21	6753991	+20 000	Парад Победы 2025 в Москве: прямая трансляция				11167706	Май 2025	21	2025-05-01	11843105
547	DW на русском	11 810 671,0	14	22	-8	22	8179168	+10 000	Кого из иностранных лидеров Путину удастся собрать на парад в Москве 9 мая?				10992754	Май 2025	22	2025-05-01	11810671
548	ВОТ ТАК	11 581 491,0	20	23	-3	23	1978972	+10 000	🔴Переговоры России и Украины в Стамбуле. Историческая встреча Трампа с лидером Сирии / Утренний эфир				11383594	Май 2025	23	2025-05-01	11581491
549	ФЕЙГИН LIVE	10 734 974,0	22	24	-2	24	8005425	-	ПЕРСПЕКТИВА РАЗВОДА. БЕСЕДА С ВИТАЛИЙ ПОРТНИКОВ @portnikov.argumenty				9934431	Май 2025	24	2025-05-01	10734974
550	ПАНЧЕНКО	10 292 751,0	43	25	+18	25	11492672	+30 000	УМОЛЯЮТ ПУТИНА ПОГОВОРИТЬ | #ВзглядПанченко				9143484	Май 2025	25	2025-05-01	10292751
551	Осторожно: Собчак	10 181 922,0	17	26	-9	26	17143589	+10 000	«Он пришел с топором!». Первое интервью жертвы миллиардера ХУБУТИЯ				8467563	Май 2025	26	2025-05-01	10181922
552	Alexey Arestovych	10 049 312,0	24	27	-3	27	10856981	+10 000	Арестович: Стамбул-2022/25: зачем воевали три года? Сбор для военных👇				8963614	Май 2025	27	2025-05-01	10049312
553	Александр Невзоров	10 036 826,0	25	28	-3	28	5019512	-	Конец Кадырова. Парад. Китайская разведка предупреждает. Визит скрепоносцев - смерть инородцев.				9534875	Май 2025	28	2025-05-01	10036826
554	Denis Kazanskyi	9 953 151,0	26	29	-3	29	13283	+10 000	«Он был моим другом!» Царев раскрыл, кто заказал Портнова				9951823	Май 2025	29	2025-05-01	9953151
555	kremlin	9 794 608,0	116	30	+86	30	0	+53 000	Парад в честь 80-летия Великой Победы				9794608	Май 2025	30	2025-05-01	9794608
556	Файб	9 638 794,0	Новое	31	Новое	31	0	+40 000	Как один человек уничтожил треть страны. Дикая история Пол Пота | ФАЙБ				9638794	Май 2025	31	2025-05-01	9638794
557	Сергей Ауслендер	9 136 366,0	32	32	-	32	1592115	+10 000	Оружие Судного дня? Израиль ВПЕРВЫЕ применил боевой лазер по целям				8977154	Май 2025	32	2025-05-01	9136366
558	Живой Гвоздь	8 907 583,0	27	33	-6	33	28188	+10 000	Преемник Путина. Отставка Кадырова. Оттепель в России и возвращение свобод. Валерий Соловей*				8904764	Май 2025	33	2025-05-01	8907583
559	Послезавтра	8 715 186,0	21	34	-13	34	31251830	+10 000	СССР. Как потерять власть @posle_zavtra				5590003	Май 2025	34	2025-05-01	8715186
560	Шейтельман	8 588 126,0	Новое	35	Новое	35	10715	+9 000	Итоги НОЧНОГО обращения Путина! Для тех, кто проспал или не проспал				8587054	Май 2025	35	2025-05-01	8588126
561	Volodymyr Zolkin	8 546 782,0	23	36	-13	36	16575719	-	❗️ОТДАЁМ КОЛЛАБОРАНТОВ! СВОИХ ВЕЗЁМ ДОМОЙ. ЭКСКЛЮЗИВ — ЕДЕМ В АВТОБУСЕ С ГЕРОЯМИ. ЗАВЕРШЕНИЕ ОБМЕНА				6889210	Май 2025	36	2025-05-01	8546782
562	Навальный LIVE	7 840 637,0	37	37	-	37	8711215	-	Путин и криминал. Как бандиты захватили Россию				6969515	Май 2025	37	2025-05-01	7840637
563	Настоящее Время	7 496 577,0	36	38	-2	38	2925149	-	9 мая. Что произошло на Красной площади. Где Путин? Трамп и Зеленский поговорили | УТРО				7204062	Май 2025	38	2025-05-01	7496577
564	Портников. Аргументы	7 422 376,0	35	39	-4	39	308535	+13 000	Россия атаковала Азербайджан | Виталий Портников				7391522	Май 2025	39	2025-05-01	7422376
565	Андрей Караулов*. Официальный канал	6 906 744,0	Новое	40	Новое	40	48244	+17 000	"Анатолий Лукьянов: ""Такую правду о Горбачёве я еще никому не говорил..."""				6901920	Май 2025	40	2025-05-01	6906744
566	Euronews по-русски	6 779 430,0	29	41	-12	41	6932	+10 000	Пакистан объявил о начале военной операции против Индии				6778737	Май 2025	41	2025-05-01	6779430
567	Радио Свобода	6 351 550,0	38	42	-4	42	11478169	-	НОВОСТИ: Тяжелая битва за Константиновку. Путин в Курской области. Убийство экс-соратника Януковича				5203733	Май 2025	42	2025-05-01	6351550
568	Продолжение следует	6 255 113,0	34	43	-9	43	6007384	+10 000	Обман, секс-скандалы и алчность. Как мы не замечали темную сторону шоу «Что? Где? Когда» | Разборы				5654375	Май 2025	43	2025-05-01	6255113
569	ШАРФ	6 207 804,0	42	44	-2	44	5482	-	Все увидели правду благодаря камере. Самый настоящий цирк				6207256	Май 2025	44	2025-05-01	6207804
570	Павел Иванов	5 978 398,0	40	45	-5	45	25543	+7 000	Срочно! Меняется всё! Позитив с фронта, засекреченное у6ийство и конец переговоров				5975844	Май 2025	45	2025-05-01	5978398
571	Евгений Киселёв	5 741 907,0	41	46	-5	46	0	+6 000	ПОРТНИКОВ: Стамбул! РФ ОБЪЯВИЛА УЛЬТИМАТУМ КИЕВУ. Встречу сразу остановили. Зеленский звонит Трампу				5741907	Май 2025	46	2025-05-01	5741907
572	Юрий ВЕЛИКИЙ	5 284 202,0	45	47	-2	47	4821406	-	Как ПЕСКОВ уговаривал ПУТИНА ехать в Стамбул 😁 [Пародия]				4802061	Май 2025	47	2025-05-01	5284202
573	The Люди	4 962 518,0	44	48	-4	48	0	-	Страна-тюрьма хуже Северной Кореи / Самая закрытая страна без интернета, без паспортов @anton_lyadov				4962518	Май 2025	48	2025-05-01	4962518
574	RTVI Новости	4 910 482,0	39	49	-10	49	14591	-	«Бои будут до 2029-го». Шевченко о невозможности встречи Путина и Зеленского и идее Трампа убить ЕС				4909023	Май 2025	49	2025-05-01	4910482
575	Адекватный Русский	4 687 496,0	48	50	-2	50	46874957	+21 000	—				0	Май 2025	50	2025-05-01	4687496
576	BBC News - Русская служба	4 252 906,0	46	51	-5	51	3014224	+10 000	Андрей Данилко: «Мы всегда были политической фигурой — Данилко это или Сердючка» | Интервью Би-би-си				3951484	Май 2025	51	2025-05-01	4252906
577	Проект	4 121 439,0	99	52	+47	52	806172	+20 000	Агенты спецслужб насиловали и вербовали 40 лет | Историческое расследование				4040822	Май 2025	52	2025-05-01	4121439
578	NoFake	4 102 597,0	61	53	+8	53	38991792	+19 000	—				203418	Май 2025	53	2025-05-01	4102597
579	Руслан Усачев	4 024 791,0	55	54	+1	54	5238	+10 000	Сделка с Украиной // 100 дней Трампа // Смерть интернета				4024267	Май 2025	54	2025-05-01	4024791
580	Бондаренко LIVE	3 992 635,0	54	55	-1	55	0	+7 000	Всех таксистов пересадят на отечественные авто. Цены улетят в космос				3992635	Май 2025	55	2025-05-01	3992635
581	Игорь Яковенко	3 957 562,0	51	56	-5	56	1740	+3 000	ДУМАЕМ ВМЕСТЕ С МАРКОМ ФЕЙГИНЫМ				3957388	Май 2025	56	2025-05-01	3957562
582	Лига Свободных Наций	3 858 458,0	Новое	57	Новое	57	21817495	+18 000	Как меняется Сибирь. Русская община против коренных народов и мигрантов				1676708	Май 2025	57	2025-05-01	3858458
583	ИГОРЬ ЛИПСИЦ	3 750 412,0	Новое	58	Новое	58	0	+4 000	ЛИПСИЦ: СОВМЕСТНЫЙ СТРИМ С ВЛАДИСЛАВОМ ЖУКОВСКИМ 06.05.2025 #Липсиц #ИгорьЛипсиц #профессорЛипсиц				3750412	Май 2025	58	2025-05-01	3750412
584	Настоящее Время. Док	3 614 961,0	28	59	-31	59	3033672	-	"""Почему ты не на войне?"" Истории украинцев в Европе"				3311594	Май 2025	59	2025-05-01	3614961
585	Meduza	3 598 181,0	50	60	-10	60	125716	+4 000	Парад Победы в Москве. 9 мая 2025 года				3585609	Май 2025	60	2025-05-01	3598181
586	ЖестЬ Доброй Воли	3 535 163,0	53	61	-8	61	4948306	+5 000	ТРОЕ из КРЕМЛЕквашино (В ролях: ЛУКАШЕНКО, ЗАХАРОВА, МЕДВЕДЕВ, ПУТИН, ПЕСКОВ и др.) @ЖестЬДобройВоли				3040332	Май 2025	61	2025-05-01	3535163
587	Клим Жуков	3 442 689,0	49	62	-13	62	476629	+3 000	Клим Жуков. Разбор фильма Кракен: фантастика ниже ватерлинии				3395026	Май 2025	62	2025-05-01	3442689
588	Константин Сёмин	3 154 183,0	47	63	-16	63	108165	+1 000	Намеки Шойгу, Задушить ВПН, Губернатор испачкался // Галопом по Европам #1409				3143366	Май 2025	63	2025-05-01	3154183
589	Олег Жданов	3 139 248,0	Новое	64	Новое	64	0	-3 000	10.05 Провал армии рф на фронте к 9 мая. Саммит в Киеве, будет ли перемирие.				3139248	Май 2025	64	2025-05-01	3139248
590	Новости СВЕРХДЕРЖАВЫ	3 134 909,0	62	65	-3	65	2181	-	РОССИЯ.КРЕМЛЬ.ЦАРЬ. 25 лет - постановку быстро раскрыли				3134691	Май 2025	65	2025-05-01	3134909
591	sotavision	3 071 771,0	85	66	+19	66	13507732	+11 000	"""Проклятие войны!"" Возмутило прохожих и полицию. День победы 9 мая в Новосибирске"				1720998	Май 2025	66	2025-05-01	3071771
592	Mark Solonin	3 047 572,0	73	67	+6	67	0	+2 000	Партийное бегство в первый день войны /Второй Фронт.Часть 49				3047572	Май 2025	67	2025-05-01	3047572
593	Tamara Eidelman	2 896 042,0	60	68	-8	68	2689174	+10 000	Советская Беларусь. Не только партизаны				2627125	Май 2025	68	2025-05-01	2896042
594	Дневник Депутата	2 774 463,0	68	69	-1	69	21550	+10 000	Крупнейшее машиностроительное предприятие России - ВСЁ! Ростсельмаш останавливается.				2772308	Май 2025	69	2025-05-01	2774463
595	А поговорить?	2 564 170,0	64	70	-6	70	1118035	+10 000	Уход от мужа, домогательства на работе, увольнение сотрудников. Главная пара телеканала Дождь				2452366	Май 2025	70	2025-05-01	2564170
596	Dmitry Kolezev	2 507 854,0	59	71	-12	71	2366279	+6 000	После Украины — новая война? Страшный сценарий начала Третьей мировой: насколько он реален				2271226	Май 2025	71	2025-05-01	2507854
597	Yulia Latynina	2 481 381,0	63	72	-9	72	32344	-3 000	Алексей Арестович. Портнов. Переговоры - все достигли своих целей?				2478147	Май 2025	72	2025-05-01	2481381
598	Екатерина Шульман	2 455 725,0	72	73	-1	73	6333	-	Новые способы отъема денег у населения. Статус S08E36				2455092	Май 2025	73	2025-05-01	2455725
599	Владимир Милов	2 444 920,0	69	74	-5	74	2037	+5 000	Бедность в большинстве регионов. Прифронтовые экономики: Белгород, Курск, Краснодар, Ростов				2444716	Май 2025	74	2025-05-01	2444920
600	varlamov moments	2 384 989,0	74	75	-1	75	129152	+5 000	Неизвестная Россия: как живут на Сахалине? | Дикая природа, корейская кухня, следы Японии и Кореи				2372074	Май 2025	75	2025-05-01	2384989
601	Скажи Гордеевой	2 381 099,0	86	76	+10	76	4048031	+10 000	«Держись за сердце. И верь». Педагог Роман Александров в «Скажи Гордеевой»				1976296	Май 2025	76	2025-05-01	2381099
602	Евгений Ступин	2 322 379,0	66	77	-11	77	827738	+3 000	«Русские убивают русских, как и хотел Збигнев Бжезинский»				2239605	Май 2025	77	2025-05-01	2322379
603	Александр Балу	2 261 717,0	65	78	-13	78	0	-1 000	СОЛОВЬИНЫЙ ПОМЕТ№372/САМЫЙ УМНЫЙ ГИМА БОЙ; МЕДВЕДЕВ VS ГАРРИ ПОТТЕР; ШТРАФЫ ЗА МАТ; АВТОВАЗ В ДУБАЕ				2261717	Май 2025	78	2025-05-01	2261717
604	Александр Штефанов	2 249 201,0	67	79	-12	79	140424	+2 000	Переговоры в Стамбуле: тогда и сейчас. Был ли шанс?				2235159	Май 2025	79	2025-05-01	2249201
605	Самое важное с Иваном Ждановым	2 187 393,0	58	80	-22	80	4134540	+7 000	Раскрыты секреты ФСБ | Убийство советника |Путин расправился с врагом |Болезнь Киркорова |Пьяный мэр				1773939	Май 2025	80	2025-05-01	2187393
606	Newsader	2 135 820,0	52	81	-29	81	773	-1 000	"Тяжёлая ночь для РФ: ВСУ взорвали ""Звезду"" и сбили вертолёт"				2135743	Май 2025	81	2025-05-01	2135820
607	Михаил Ходорковский	2 095 912,0	83	82	+1	82	2442284	+10 000	"Голод и разруха. Вся правда о жизни в ""новых"" регионах РФ"				1851684	Май 2025	82	2025-05-01	2095912
608	Новая газета Европа	2 083 541,0	71	83	-12	83	1430230	+5 000	Смена власти в Чечне уже началась. Кто станет новым «молодым Рамзаном»? / «Новая газета Европа»				1940518	Май 2025	83	2025-05-01	2083541
609	Дмитрий ПОТАПЕНКО	2 071 538,0	70	84	-14	84	289	-	Дефицит вырос почти на 200% / Что будут делать с вкладами? || Дмитрий Потапенко*				2071509	Май 2025	84	2025-05-01	2071538
610	НО.Медиа из России	2 054 202,0	96	85	+11	85	282003	+5 000	Вернувшиеся. Откровенная история россиян, воевавших в Украине				2026002	Май 2025	85	2025-05-01	2054202
611	НеДелягин	2 046 315,0	Новое	86	Новое	86	24166	+7 000	Ковидобесие возвращается: фашизм под видом заботы о здоровье				2043898	Май 2025	86	2025-05-01	2046315
612	SOBOLEV	2 012 899,0	126	87	+39	87	46687	-	ПЕРЕГОВОРЫ РОССИЯ/УКРАИНА: ПРОВАЛ ИЛИ УСПЕХ? Интервью с Арестовичем о Зеленском, Путине и Стамбуле-2				2008230	Май 2025	87	2025-05-01	2012899
613	BILD на русском	1 958 521,0	78	88	-10	88	304630	+2 000	Максим Кац и Максим Курников | Интервью BILD				1928058	Май 2025	88	2025-05-01	1958521
614	Самый сок 2	1 945 716,0	76	89	-13	89	2103	+1 000	Техногенный Рейх: Ярс повторил фиаско Сармата, запуск Minuteman III урезонил одичалых				1945506	Май 2025	89	2025-05-01	1945716
615	Радио Свобода. Новости	1 831 155,0	97	90	+7	90	4911649	-	Массированный удар по России. Коллапс в аэропортах. Обострение между Индией и Пакистаном. НОВОСТИ				1339990	Май 2025	90	2025-05-01	1831155
616	Важные истории	1 820 192,0	57	91	-34	91	9139594	+5 000	—				906233	Май 2025	91	2025-05-01	1820192
617	Валерий Соловей	1 723 642,0	75	92	-17	92	0	-2 000	"Новая пандемия // Перемирие и перемены в России // Амнистия. Ответы на ""горячие"" вопросы. Вып.105"				1723642	Май 2025	92	2025-05-01	1723642
618	Матвей Ганапольский	1 710 886,0	81	93	-12	93	0	+2 000	ПУТИН ЧТО-ТО СКАЖЕТ! ЖДЕМ ЗАЯВЛЕНИЯ КРЕМЛЯ / СПЕЦСТРИМ / 11.05.2025				1710886	Май 2025	93	2025-05-01	1710886
619	Настоящее Время. Сюжеты	1 678 114,0	77	94	-17	94	565832	+2 000	"""Бессмертный полк"" в Берлине 9 мая. Опрос участников и реакция сторонников Украины"				1621531	Май 2025	94	2025-05-01	1678114
620	Аудио статьи	1 561 733,0	93	95	-2	95	60468	-	⚡️ПРЯМО НА СОВЕЩАНИИ В КРЕМЛЕ! ПУТИН, МАНТУРОВ, ОРЕШКИН И КРИНЖ				1555686	Май 2025	95	2025-05-01	1561733
621	The Insider Live	1 531 401,0	89	96	-7	96	2573	+4 000	«Те, кто выживет при режиме, не пустят вас обратно»: Эдуард Тополь о путинизме, 9 мая и Украине				1531144	Май 2025	96	2025-05-01	1531401
622	Холод	1 516 377,0	84	97	-13	97	146958	+10 000	Как появилось «кладбище невест» под Тагилом и почему убийцы уже на свободе | ХОЛОД.ТРУКРАЙМ				1501681	Май 2025	97	2025-05-01	1516377
623	Ширяев и Ширяев	1 473 023,0	Новое	98	Новое	98	25748	+3 000	Переговоры в Стамбуле, будущие войны за пресную воду и новая военная стратегия Украины				1470448	Май 2025	98	2025-05-01	1473023
624	Parfenon	1 395 755,0	92	99	-7	99	165283	-	—				1379227	Май 2025	99	2025-05-01	1395755
625	Нино Росебашвили	1 343 936,0	90	100	-10	100	761	+5 000	"""Z-АКТИВ БЬЕТ ТРЕВОГУ"" БЕЛКОВСКИЙ о сделке Трампа, логике Зеленского и главном секрете Путина"				1343860	Май 2025	100	2025-05-01	1343936
626	kuji podcast	1 230 920,0	87	101	-14	101	0	+1 000	Каргинов и Коняев: ничего не случилось (Kuji Podcast 190)				1230920	Май 2025	101	2025-05-01	1230920
627	Острый Угол	1 187 915,0	82	102	-20	102	2297944	-	Опрос в Перми: Что думают люди о переговорах РФ и Украины в Стамбуле? Когда закончится война?				958121	Май 2025	102	2025-05-01	1187915
628	Макашенец	1 184 765,0	Новое	103	Новое	103	145268	+4 600	СЕРИАЛ ПРО АРЕСТ БЛИНОВСКОЙ ОТ ТНТ. Посмотрел ЭТО за вас.				1170238	Май 2025	103	2025-05-01	1184765
629	Евгений Чичваркин	1 180 539,0	98	104	-6	104	5047959	+2 000	«Не зря его ДЗЮДО УЧИЛИ!» Чичваркин о сценарии завершении войны				675743	Май 2025	104	2025-05-01	1180539
630	Forbes	1 171 715,0	80	105	-25	105	370278	+5 000	Наталья Зубаревич: кто разгоняет инфляцию, как увольняют айтишников и что не так с ростом экономики				1134687	Май 2025	105	2025-05-01	1171715
631	Набутовы	1 167 403,0	105	106	-1	106	65372	+2 000	Речь Путина на военном параде / Наброски #175				1160866	Май 2025	106	2025-05-01	1167403
632	Delfi Литва	1 129 790,0	Новое	107	Новое	107	713311	+3 400	Михаил Касьянов для Delfi. Трамп прозрел после бомбёжки Киева?				1058459	Май 2025	107	2025-05-01	1129790
633	Простые числа	1 116 522,0	109	108	+1	108	764909	+2 000	Анапа. Убрались на все! // Александр Батов. Что делать				1040031	Май 2025	108	2025-05-01	1116522
634	Максим Шевченко	1 106 728,0	100	109	-9	109	272531	+10 000	С Максимом Шевченко. Переговоры, мир и война: вход и выход 04.05.25				1079475	Май 2025	109	2025-05-01	1106728
635	Минута в минуту	1 103 871,0	88	110	-22	110	32453	+10 000	Смерть Адольфа Гитлера. Как прошли его последние часы в бункере? Полная реконструкция #минутавминуту				1100626	Май 2025	110	2025-05-01	1103871
636	Быть Или	1 067 753,0	154	111	+43	111	0	-	9 МАЯ - День Победы или День Забвения | Быть Или				1067753	Май 2025	111	2025-05-01	1067753
637	Отъезд Кукухи	1 050 193,0	119	112	+7	112	197413	+7 200	Как Россия готовится к 9 мая. Кукуха недели				1030452	Май 2025	112	2025-05-01	1050193
638	Михаил Веллер	1 049 448,0	101	113	-12	113	12779	+1 000	ОТВЕТЫ НА ВАШИ ВОПРОСЫ #веллер 12 05 2025				1048170	Май 2025	113	2025-05-01	1049448
639	Андрей Ланьков	1 049 211,0	79	114	-35	114	0	+14 000	Ланьков про НЕЛЕПЫЙ ГОСПЕРЕВОРОТ в Южной Корее в 2024				1049211	Май 2025	114	2025-05-01	1049211
640	БАРМАЛЕЙКА	1 013 938,0	112	115	-3	115	0	-	Что случилось? Все друзья отказались приехать на парад 9 мая к путину в Москву				1013938	Май 2025	115	2025-05-01	1013938
641	Baza	994 808,0	Новое	116	Новое	116	1130	+1 000	Сын положенца Братской ОПГ хочет отомстить				994695	Май 2025	116	2025-05-01	994808
642	The Insider	975 060,0	91	117	-26	117	234476	+2 000	«Отправим тебя на СВО». Как в Нижневартовске фабрикуют дела				951612	Май 2025	117	2025-05-01	975060
643	Илья Яшин	966 639,0	142	118	+24	118	18236	-	💀 Сколько людей Путин угробил в Украине? Честный подсчет потерь				964815	Май 2025	118	2025-05-01	966639
644	Форум свободной России	933 449,0	122	119	+3	119	157844	+2 000	LIVE: Турецкий гамбит. Итоги переговоров в Стамбуле | Гарри Каспаров, Иван Тютрин				917665	Май 2025	119	2025-05-01	933449
645	Masyanya Kuvaeva	925 548,0	95	120	-25	120	4399	-	Масяня. Эпизод 182. кОшачья жопА				925108	Май 2025	120	2025-05-01	925548
646	Ян Матвеев	924 857,0	107	121	-14	121	5239029	+2 000	Разворот наступления — Покровск обходят с востока. Ключевой момент в обороне. Как обороняться ВСУ?				400954	Май 2025	121	2025-05-01	924857
647	Белковский	905 275,0	106	122	-16	122	695437	-	Легитимность Зеленского и переговоры о мире. Белковский + Бунтман. 18 Апреля 2025 @BelkovskiyS				835731	Май 2025	122	2025-05-01	905275
648	Ищем Выход	895 133,0	118	123	-5	123	72095	+2 000	ЮДИН: Фашизм XXI века: строит ли Путин фашистский режим?				887923	Май 2025	123	2025-05-01	895133
649	Дед Архимед	846 536,0	Новое	124	Новое	124	43078	-	Стих деда Архимеда о победе Победы 9 мая 2025 года				842228	Май 2025	124	2025-05-01	846536
650	Крик ТВ	824 654,0	Новое	125	Новое	125	647	+2 800	В Екатеринбурге Азербайджанцы превратили в АД жизнь людей частного сектора- МВД НИЧЕГО НЕ ЗАМЕЧАЕТ !				824589	Май 2025	125	2025-05-01	824654
651	Ксения Ларина	817 482,0	120	126	-6	126	42942	+2 000	"Право на победу: как ""выигрывают"" войны/Cделка подписана, что дальше?/Кто живет в квартире Путина?"				813188	Май 2025	126	2025-05-01	817482
652	вДудь Shorts	804 956,0	114	127	-13	127	5214344	+2 000	Яна Троянова – как я бросила пить				283522	Май 2025	127	2025-05-01	804956
653	Заповедник	780 741,0	104	128	-24	128	451700	-	"Трамп копирует Путина. Настоящий имперец! Квартирка Путина – ""Заповедник"", выпуск 359"				735571	Май 2025	128	2025-05-01	780741
654	Сергей Асланян	753 902,0	121	129	-8	129	3361	+2 000	СЕРГЕЙ АСЛАНЯН: Переговоры в Турции. Зачем РФ отправила туда спецслужбы? |СТАРЫЙ ЧЕКИСТ БОИТСЯ ЭЛИТУ				753566	Май 2025	129	2025-05-01	753902
655	РАЗГОВОРНЫЙ ЖАНР	724 675,0	123	130	-7	130	5830	-	Посмотрел ВСЕ интервью Гоблина и чуть не сошел с ума				724092	Май 2025	130	2025-05-01	724675
656	Гулагу-нет Официальный канал	721 984,0	102	131	-29	131	829396	-	Их нравы. Начальник контрольно-ревизионного подразделения МВД угрожает сотрудникам ГАИ и унижает их				639044	Май 2025	131	2025-05-01	721984
657	Семён Кочкин	713 623,0	148	132	+16	132	2320562	+2 000	Суд над главным мажором Чувашии				481567	Май 2025	132	2025-05-01	713623
658	Свободная Пресса	697 870,0	Новое	133	Новое	133	21425	+2 000	ПЛАТОШКИН, АЗАРОВ, ТАРАСОВ: О переговорах в Стамбуле/ Перспективы/ В чём интерес США?				695727	Май 2025	133	2025-05-01	697870
659	Майор в отставке	689 546,0	140	134	+6	134	46537	+9 000	Допрос — как не сесть за собственные слова				684892	Май 2025	134	2025-05-01	689546
660	Любовь Соболь	686 045,0	94	135	-41	135	1542648	-	Как нам строят цифровой ГУЛАГ. Методы властей				531780	Май 2025	135	2025-05-01	686045
661	Владислав Жуковский	662 517,0	103	136	-33	136	1512	+1 000	Липсиц: В КРЕМЛЕ БЬЮТ ТРЕВОГУ! ОБВАЛ ЭКОНОМИКИ УСКОРИЛСЯ! ДЫРА В БЮДЖЕТЕ 7 ТРЛ! ТРАМП ВВЕДЁТ САНКЦИИ				662366	Май 2025	136	2025-05-01	662517
662	Алексей Навальный	661 662,0	56	137	-81	137	134042	-10 000	—				648258	Май 2025	137	2025-05-01	661662
663	Mash Room	660 832,0	Новое	138	Новое	138	970739	+4 000	Щелин: судьба анти-России, оппозиция как секта и конец истории на стероидах || Не выходя из комнаты				563758	Май 2025	138	2025-05-01	660832
664	РОЙ ТВ	650 508,0	113	139	-26	139	0	-1 000	Что вынуждает нашу власть идти на переговоры?				650508	Май 2025	139	2025-05-01	650508
665	Антонов такой Антонов	649 678,0	157	140	+17	140	256706	+1 000	Бедняки в тапках кошмарят США и Израиль				624007	Май 2025	140	2025-05-01	649678
666	Когнитивный надзор	649 040,0	144	141	+3	141	0	+2 000	Панчин VS Савватеев. Дебаты: Происхождение и эволюция жизни. Нужен ли науке Творец?				649040	Май 2025	141	2025-05-01	649040
667	TV2media	636 450,0	111	142	-31	142	2407877	+1 000	У отчима много знакомых пошли добровольцами и погибли // Антон Белянский				395662	Май 2025	142	2025-05-01	636450
668	Это Осетинская!	633 233,0	136	143	-7	143	242459	+1 000	Большой разговор с Сергеем Гуриевым. Перемирие, торговая война, экономика России и карьера в LBS				608987	Май 2025	143	2025-05-01	633233
669	Убежище оппозиции	620 108,0	159	144	+15	144	1238	+2 000	Новый налог от Правительственных жуликов				619984	Май 2025	144	2025-05-01	620108
670	Вместе с Жуковой	616 101,0	115	145	-30	145	246162	+2 500	САМЫЙ ОТБИТЫЙ СВЯЩЕННИК: Как Андрей Ткачёв стал звездой РПЦ?				591485	Май 2025	145	2025-05-01	616101
671	Политолог Аббас Галлямов	615 869,0	132	146	-14	146	51756	+1 700	Что будет после войны?				610693	Май 2025	146	2025-05-01	615869
672	Кавказ.Реалии	605 308,0	110	147	-37	147	2111495	+1 000	Дагестан и Чечня: конфликт из-за мечети | НОВОСТИ				394158	Май 2025	147	2025-05-01	605308
673	Радио Долин	586 807,0	134	148	-14	148	21411	+1 000	Канны 2025: Антон Долин о победителях и лучших фильмах				584666	Май 2025	148	2025-05-01	586807
674	Дмитрий Дёмушкин	578 489,0	160	149	+11	149	218	+1 000	Работать до ГРОБА. Россиян обрекают на бедность (Демушкин Потапенко*)				578467	Май 2025	149	2025-05-01	578489
675	Андрей Пионтковский	571 543,0	127	150	-23	150	4729	-1 000	⚡️ПИОНТКОВСКИЙ & ЦИМБАЛЮК: ЗВОНОК Трампа Путину: СРОЧНАЯ реакция США! Вот, что НАЗРЕВАЕТ по Украине				571070	Май 2025	150	2025-05-01	571543
676	SVTV	571 061,0	138	151	-13	151	22735	-	СВЕТОВ // КАШИН // АДГ — ЭКСТРЕМИСТЫ				568787	Май 2025	151	2025-05-01	571061
677	Крым.Реалии	557 704,0	124	152	-28	152	234069	+1 000	Как сложилась жизнь украинских дезертиров из Крыма после 2014 года? | Крым.Реалии ТВ				534297	Май 2025	152	2025-05-01	557704
678	Nовые Куклы	518 931,0	174	153	+21	153	255481	+4 000	Путин решил сделать «специальную операцию» себе и всем своим подельникам				493383	Май 2025	153	2025-05-01	518931
679	Пастуховская Кухня	518 493,0	128	154	-26	154	2091	+1 000	"Разговор Трампа и Путина: разбор. Ждем ""Минск-3"" или ""Брестский Мир""? Пастуховская Кухня"				518284	Май 2025	154	2025-05-01	518493
680	Медиазона	514 619,0	117	155	-38	155	64640	+2 000	Денискины рассказы. История мошенника Дениса Бондаренко, достойная Netflix				508155	Май 2025	155	2025-05-01	514619
681	Ростислав Мурзагулов	490 000,0	133	156	-23	156	3740509	+1 000	Банды в Кремле - будет ли большая перестрелка на майские?				115949	Май 2025	156	2025-05-01	490000
682	Ёшкин Крот	481 552,0	Новое	157	Новое	157	4575555	-	Как День Победы стал политическим инструментом в России — Екатерина Шульман				23996	Май 2025	157	2025-05-01	481552
683	Разворот	449 746,0	108	158	-50	158	9718	+600	Путина ждут в Стамбуле. Победа Индии и Пакистана. Сталин снова. Шах и мат от Талибов | 12.05.25				448774	Май 2025	158	2025-05-01	449746
684	KrasNews	441 719,0	Новое	159	Новое	159	19431	+2 000	🔥ЖИТЕЛИ КРАСНОЯРСКОГО КРАЯ ПРОТЕСТУЮТ ПРОТИВ МУНИЦИПАЛЬНОЙ РЕФОРМЫ!				439776	Май 2025	159	2025-05-01	441719
685	ОТДЕЛЬНАЯ ЦИВИЛИЗАЦИЯ	435 448,0	150	160	-10	160	5167	+2 000	🔥ИТОГИ ЗАМЕДЛЕНИЯ ЮТУБА, ГДЕ СЕГОДНЯ ЛЮДИ СМОТРЯТ ВИДЕО.ОПРОС 2025				434931	Май 2025	160	2025-05-01	435448
686	Oleg Kashin	435 414,0	139	161	-22	161	15909	+300	НИ В КОЕМ СЛУЧАЕ НЕ БРАТЬ ОТ ВОЛОНТЕРОВ КРАСИВО ОДЕТЫХ РЕБЯТ БУТЫЛКИ С ВОДОЙ ГРАВИРОВКОЙ ЖИДКОСТЬЮ				433823	Май 2025	161	2025-05-01	435414
687	Говорит НеМосква	416 634,0	Новое	162	Новое	162	881829	+2 000	Такси за космическую цену. Госдума штампует законы для запугивания. “Добрый военком” снова в мемах				328451	Май 2025	162	2025-05-01	416634
688	Вестник Бури	370 809,0	129	163	-34	163	0	-1 000	ВЕТЕРАНЫ ВОЙНЫ - УГРОЗА ДЛЯ РОССИИ И УКРАИНЫ / ВЕТЕРАНИ ВІЙНИ - ЗАГРОЗА ДЛЯ РОСІЇ ТА УКРАЇНИ				370809	Май 2025	163	2025-05-01	370809
689	Котрикадзе Дзядко	362 816,0	131	164	-33	164	0	-	Трамп и Путин поговорили. Котрикадзе о том, что меняет этот разговор				362816	Май 2025	164	2025-05-01	362816
690	Объектив	356 433,0	164	165	-1	165	535	-1 000	Битва экстрасенсов: как медиумы очаровали зумеров | Мемы или пиар на трагедии? | Разоблачение				356379	Май 2025	165	2025-05-01	356433
691	Sasha Sotnik (Sotnik-TV)	345 795,0	Новое	166	Новое	166	156236	-1 000	ДОЖИТЬ ДО ПОБЕДЫ Итоги недели с А. Сотником				330171	Май 2025	166	2025-05-01	345795
692	Zakhar Artemiev	336 738,0	149	167	-18	167	38866	-	Мобилизация, все как один! Песков. Картошка за год 3.6 раз. Выросла цена. 11 лет назад. Одесса				332851	Май 2025	167	2025-05-01	336738
693	MRR — My Russian Rights	333 074,0	152	168	-16	168	2030842	+3 000	Как прошла большая воровская сходка.				129990	Май 2025	168	2025-05-01	333074
694	Фёдор Крашенинников	309 491,0	171	169	+2	169	18426	+1 000	Разговор Путина с Трампом и его итоги I Федор Крашенинников				307648	Май 2025	169	2025-05-01	309491
695	ВАЖНЫЕ НОВОСТИ	303 998,0	Новое	170	Новое	170	811	+1 000	СЕКРЕТ УСПЕХА ПУТИНА В ПЕРЕГОВОРАХ С ТРАМПОМ: АНАЛИЗ ОТ РИТТЕРА				303917	Май 2025	170	2025-05-01	303998
696	Andrei Illarionov (Андрей Илларионов)	303 188,0	130	171	-41	171	809	-	Когда можно победить в войне с Россией?				303107	Май 2025	171	2025-05-01	303188
697	ШАЦ	293 853,0	162	172	-10	172	502093	-	Чулпан Хаматова | РАДИ ЧЕГО #8 | Шац, Оганисян				243644	Май 2025	172	2025-05-01	293853
698	Аспекты - Башкортостан	286 001,0	Новое	173	Новое	173	2210693	+1 600	Обращение активиста Урала Байбулатова к начальнику УФСБ РФ по РБ Кочневу #Крыктытау				64932	Май 2025	173	2025-05-01	286001
699	Голос Америки	280 028,0	135	174	-39	174	372689	-2 000	—				242759	Май 2025	174	2025-05-01	280028
700	7x7 Горизонтальная Россия	278 642,0	153	175	-22	175	392057	+1 000	Вас прослушивают: что про тебя знает «товарищ майор»? | КАМИН				239436	Май 2025	175	2025-05-01	278642
701	Совесть и Подлость!	274 266,0	Новое	176	Новое	176	0	-	Политика разрушения России и карательные отряды деп. Фёдорова!				274266	Май 2025	176	2025-05-01	274266
702	Как теперь / проект ОВД-Инфо	261 050,0	137	177	-40	177	47638	+2 000	Андрей Зубов: как войны меняли Россию и чем разрушителен культ победы? / Как теперь				256286	Май 2025	177	2025-05-01	261050
703	Sergey Aleksashenko	251 308,0	169	178	-9	178	820	-	Итоги Стамбула.Си уехал; что в остатке? Три источника, три составные части экономики Трампа				251226	Май 2025	178	2025-05-01	251308
704	Lazarevatut	247 688,0	172	179	-7	179	43994	+1 000	Максим Кац. О двойной эмиграции подростком, новом образовании и детях | Татьяна Лазарева				243289	Май 2025	179	2025-05-01	247688
705	Гроза / Николай Росов	230 216,0	156	180	-24	180	3483	-1 000	ДЕБАТЫ: Панчин VS Савватеев: Креационизм или Эволюция?				229868	Май 2025	180	2025-05-01	230216
706	Юзефович	229 167,0	158	181	-23	181	308256	+1 000	—				198341	Май 2025	181	2025-05-01	229167
707	Votvot	200 904,0	151	182	-31	182	5881	-	Эксклюзивный взгляд на современную Японию | Как у них получилось?				200316	Май 2025	182	2025-05-01	200904
708	Роман Юнеман	196 845,0	141	183	-42	183	322909	-	150.000 ПАКИСТАНЦЕВ. Зачем Лукашенко завозит мигрантов на границу с Россией?				164554	Май 2025	183	2025-05-01	196845
709	Страна и мир	195 799,0	180	184	-4	184	512	+800	Рогов о главном: 100 дней Трампа, новые санкции против России, демократии в кризисе				195748	Май 2025	184	2025-05-01	195799
710	Первый отдел	189 900,0	165	185	-20	185	15750	+1 000	ИИ знает о тебе всё. И ты ему не нравишься				188325	Май 2025	185	2025-05-01	189900
711	Радио Свобода Live	175 981,0	166	186	-20	186	23	+400	Кадыров оставляет Чечню? | Весь эфир				175979	Май 2025	186	2025-05-01	175981
712	Подкаст Лазерсон	175 800,0	168	187	-19	187	0	-	—				175800	Май 2025	187	2025-05-01	175800
713	Whalesplaining	170 950,0	143	188	-45	188	0	+1 000	—				170950	Май 2025	188	2025-05-01	170950
714	Yevgenia Albats	168 753,0	155	189	-34	189	1729	-	Путин совершенно сошел с ума // Полный Альбац				168580	Май 2025	189	2025-05-01	168753
715	Утро Февраля	168 124,0	163	190	-27	190	11193	-	💥Смерть Путина: что ждёт Россию? | Специальный эфир «Утро Февраля»				167005	Май 2025	190	2025-05-01	168124
716	Рабкор	157 938,0	176	191	-15	191	1352	-	Переговоры в Стамбуле: война или мир? Судьба политзеков / Алексей Венедиктов*				157803	Май 2025	191	2025-05-01	157938
717	Пикули	155 205,0	173	192	-19	192	11690	-	Не взяли на Дождь → пошла в Z-новости на Россия 24 (обзор на Скабееву 2.0)				154036	Май 2025	192	2025-05-01	155205
718	CIT	153 489,0	125	193	-68	193	1054	-4 300	День 1167. Очередная решающая неделя переговоров?				153384	Май 2025	193	2025-05-01	153489
719	Евгений Трикоз	148 048,0	167	194	-27	194	1350340	-	—				13014	Май 2025	194	2025-05-01	148048
720	Свободные	146 165,0	Новое	195	Новое	195	258	-	Лавров и Захарова обозвали Зеленского. Алик из Саратова				146139	Май 2025	195	2025-05-01	146165
721	РОМБ	144 507,0	147	196	-49	196	189042	+1 000	МАМА ПЛАКАЛА: Мне 17, и я хочу на войну				125603	Май 2025	196	2025-05-01	144507
722	Красный поворот	135 698,0	198	197	+1	197	6215	+1 600	Настоящий Первомай. Митинг 1 мая 2025 года. Новосибирск				135076	Май 2025	197	2025-05-01	135698
723	Сергей Бойко	133 321,0	177	198	-21	198	5464	-1 000	Россия. Бункер. Великий Вождь. 25 лет встаем с колен.				132775	Май 2025	198	2025-05-01	133321
724	DOXA | ДОКСА	132 063,0	146	199	-53	199	186081	-	Евровидение. Обзор на «ЛГБТ-пропаганду» на конкурсе // Как Россия повлияла на квирность шоу				113455	Май 2025	199	2025-05-01	132063
725	Сергей Смирнов	127 360,0	175	200	-25	200	1880	-	США выходят из переговоров, Зеленский говорит о 30-дневном перемирии				127172	Май 2025	200	2025-05-01	127360
726	ZIMA MAGAZINE	127 214,0	195	201	-6	201	5098	+600	Эраст Петрович возвращается. Встреча с Борисом Акуниным в Лондоне				126704	Май 2025	201	2025-05-01	127214
727	Baunov_Tube	125 434,0	161	202	-41	202	330	+800	Раскол Азии. Господа и товарищи. Александр Баунов и Андрей Ланьков. Бауновкаст				125401	Май 2025	202	2025-05-01	125434
728	Сергей Пархоменко	110 937,0	179	203	-24	203	97	-1 000	Особое мнение @zhivoygvozd 21.05.2025				110927	Май 2025	203	2025-05-01	110937
729	Татьяна Фельгенгауэр	100 739,0	184	204	-20	204	996	+1 000	Таня Ф. и Рома Л.: Свадебный стрим и немного новостей				100639	Май 2025	204	2025-05-01	100739
730	ШЕПЕЛИН	100 439,0	145	205	-60	205	812	-1 000	Смотрим фильм Путина про «дворец Путина» | Бесстрашный Пригожин вернулся! | Бабка-лекция Медведева				100358	Май 2025	205	2025-05-01	100439
731	Прекрасная Россия	93 739,0	Новое	206	Новое	206	0	-	"о ""тлях"", ""оборотнях в погонах"" и о ""коричневой"" чуме"				93739	Май 2025	206	2025-05-01	93739
732	Movchans	91 417,0	191	207	-16	207	8879	+200	Рубль крепнет? Доллар падает? Чего ждать от экономической политики США? Коррекция Фондового рынка.				90529	Май 2025	207	2025-05-01	91417
733	Реалии	88 187,0	178	208	-30	208	744950	-	—				13692	Май 2025	208	2025-05-01	88187
734	Говорящие Головы	83 148,0	185	209	-24	209	163062	-	—				66842	Май 2025	209	2025-05-01	83148
735	RusNews	81 318,0	181	210	-29	210	42649	-1 000	⭕️ Протестная суббота в Новосибирске | 10.05.2025				77053	Май 2025	210	2025-05-01	81318
736	ЗЫГАРЬ	80 517,0	170	211	-41	211	8492	-	—				79668	Май 2025	211	2025-05-01	80517
737	MOUNT SHOW	73 208,0	207	212	-5	212	52762	-1 000	Безумие! Трамп в БЕШЕНСТВЕ! ЭТО КОНЕЦ! / Зеленский БЕГИ! / Депутат Госдумы от Дубай / Сердючка и ТЦК				67932	Май 2025	212	2025-05-01	73208
738	Григорий Явлинский	65 271,0	Новое	213	Новое	213	175	+100	Европа хочет, чтобы за их страх расплачивалась Украина				65253	Май 2025	213	2025-05-01	65271
739	ГражданинЪ TV	59 698,0	189	214	-25	214	1930	-	Вызов в Стамбул. Путин и Си приветствуют парад Победы. Кашмир горит. Папа Лев XIV / Шлосберг weekly				59505	Май 2025	214	2025-05-01	59698
740	Открытые медиа	59 558,0	188	215	-27	215	1970	-	—				59361	Май 2025	215	2025-05-01	59558
741	Губин ON AIR	52 278,0	183	216	-33	216	0	-	"В ЧЕМ НЕПРАВА НАВАЛЬНАЯ? ""Губин ON AIR"" 09.05.2025"				52278	Май 2025	216	2025-05-01	52278
742	Транзит	47 300,0	192	217	-25	217	152477	+1 000	Левые, правые, нищие и элита: кто реально делает политику? Лобанов и Крашенинников. Часть 1				32052	Май 2025	217	2025-05-01	47300
743	Карен Шаинян	44 070,0	187	218	-31	218	9585	-	«Дело издателей» и преследование квир-литературы | прямой эфир Just Got Lucky				43111	Май 2025	218	2025-05-01	44070
744	FURYDROPS. Блог Григория Баженова об экономике.	41 288,0	182	219	-37	219	5280	0	План Трампа: тарифные войны бесконечности?				40760	Май 2025	219	2025-05-01	41288
745	SOTA	38 994,0	190	220	-30	220	20593	200	Екатерина Барабаш: первое интервью на свободе				36935	Май 2025	220	2025-05-01	38994
746	ЮРИЙ ФЁДОРОВ	35 293,0	Новое	221	Новое	221	0	700	БЕСКОНЕЧНАЯ ВОЙНА ИЛИ?				35293	Май 2025	221	2025-05-01	35293
747	Пермь 36,6	31 735,0	194	222	-28	222	42347	200	Как издеваются над ветеранами				27500	Май 2025	222	2025-05-01	31735
748	Депутат Елена Шувалова	27 457,0	208	223	-15	223	8597	200	Можно ли покушаться на жилые дома				26597	Май 2025	223	2025-05-01	27457
749	СМЕХОПАРАНОЙЯ	25 708,0	Новое	224	Новое	224	57687	0	СМЕХОПАРАНОЙЯ - ПРЕЗЕНТАЦИЯ ИДЕЙ В РУТУБЕ				19939	Май 2025	224	2025-05-01	25708
750	Богатый регион	21 517,0	196	225	-29	225	31261	0	Русские «чернорубашечники»? Кто стоит за Русской дружиной.				18391	Май 2025	225	2025-05-01	21517
751	Anna Zueva	21 491,0	200	226	-26	226	97514	0	Правозащитник из Бурятии Энхэ Нороев выступил на постоянном форуме ООН по вопросам коренных народов.				11740	Май 2025	226	2025-05-01	21491
752	nixelpixel	19 246,0	197	227	-30	227	154	0	—				19231	Май 2025	227	2025-05-01	19246
753	Трудовая Россия	17 751,0	199	228	-29	228	762	0	КРОВАВЫЙ ПЕРВОМАЙ. О событиях 1 мая 1993 года. Комментарии депутатов В. Ребрикова, М. Челнокова				17675	Май 2025	228	2025-05-01	17751
754	Залищак Владимир	17 713,0	Новое	229	Новое	229	1158	0	—				17597	Май 2025	229	2025-05-01	17713
755	Команда Отраковского	16 374,0	Новое	230	Новое	230	6422	2000	Надо ли легализовать диаспоры. Народ или население. Родина или государство. t.me/iotrakovskiy				15732	Май 2025	230	2025-05-01	16374
756	Виктор Шендерович	13 721,0	193	231	-38	231	5045	0	—				13216	Май 2025	231	2025-05-01	13721
757	Varlamov Talks	9 007,0	201	232	-31	232	0	-1000	—				9007	Май 2025	232	2025-05-01	9007
758	НЕОРУЭЛЛ	8 635,0	204	233	-29	233	2923	0	—				8343	Май 2025	233	2025-05-01	8635
759	Ворнадзор	8 554,0	202	234	-32	234	13588	0	Мятеж Пригожина в Воронеже. Как это было?				7195	Май 2025	234	2025-05-01	8554
760	Живой Уголок Троицкого	7 726,0	Новое	235	Новое	235	0	0	—				7726	Май 2025	235	2025-05-01	7726
761	Псковская Губерния	7 095,0	203	236	-33	236	38102	20	—				3285	Май 2025	236	2025-05-01	7095
762	Удмуртия против коррупции	6 865,0	214	237	-23	237	17299	-100	Зачем Ижевск переименовали в Устинов и как ижевчане вернули имя городу | Декларация 90				5135	Май 2025	237	2025-05-01	6865
763	Общество Защиты Интернета	5 925,0	Новое	238	Новое	238	238	0	Дуров на распутье. Какое будущее ждёт Telegram в России?				5901	Май 2025	238	2025-05-01	5925
764	Хроники.Медиа	5 180,0	216	239	-23	239	32250	0	Контрабанда на высоком уровне: как власти России наладили «параллельный импорт» санкционных товаров				1955	Май 2025	239	2025-05-01	5180
765	Омское Гражданское Объединение	4 869,0	212	240	-28	240	19836	0	Новостной стрим 30 мая | Итого с Даниилом Чебыкиным и Анастасией Панченко				2885	Май 2025	240	2025-05-01	4869
766	Дарья Беседина	4 675,0	215	241	-26	241	0	-200	—				4675	Май 2025	241	2025-05-01	4675
767	Маша Борзунова	4 037,0	213	242	-29	242	1604	-1000	—				3877	Май 2025	242	2025-05-01	4037
768	Голос. За честные выборы	3 772,0	205	243	-38	243	399	0	Что стало со свободой слова? / Сергей Смирнов				3732	Май 2025	243	2025-05-01	3772
769	Верстка Медиа	3 593,0	Новое	244	Новое	244	5343	30	—				3059	Май 2025	244	2025-05-01	3593
770	Дозор в Волгограде	3 505,0	222	245	-23	245	1364	0	День Победы над Сталиным: Волгограду - быть?				3369	Май 2025	245	2025-05-01	3505
771	Леонид Волков	3 401,0	211	246	-35	246	141	-1000	—				3387	Май 2025	246	2025-05-01	3401
772	Сергей Гуриев	2 933,0	219	247	-28	247	0	-1000	—				2933	Май 2025	247	2025-05-01	2933
773	Фарида Курбангалеева	2 778,0	218	248	-30	248	0	-400	—				2778	Май 2025	248	2025-05-01	2778
774	Аполитичность губит	2 750,0	220	249	-29	249	15569	0	Зубы дракона. Кто зарабатывает на войне?				1193	Май 2025	249	2025-05-01	2750
775	Екатерина Дунцова	2 702,0	206	250	-44	250	278	-400	Переговоры в Стамбуле и выборы ДЭГ. От заката к Рассвету: Дунцова, Галямина*, Пивоваров.				2674	Май 2025	250	2025-05-01	2702
776	Юлия Галямина	2 659,0	223	251	-28	251	1578	0	"Журналистика и пропаганда — где граница? | Юлия Галямина, Ксения Лученко | СТРИМ ""Мягко говоря"""				2501	Май 2025	251	2025-05-01	2659
777	Левый Фронт	2 609,0	217	252	-35	252	0	0	—				2609	Май 2025	252	2025-05-01	2609
778	Идите лесом	2 141,0	210	253	-43	253	4017	50	Новости призыва с Артёмом Клыгой и Иваном Чувиляевым				1739	Май 2025	253	2025-05-01	2141
779	Андрей Пивоваров	1 415,0	221	254	-33	254	35	-100	—				1411	Май 2025	254	2025-05-01	1415
780	Дмитрий Гудков	1 100,0	209	255	-46	255	154	-100	—				1085	Май 2025	255	2025-05-01	1100
781	Фактор	1 068,0	224	256	-32	256	0	-100	—				1068	Май 2025	256	2025-05-01	1068
782	Партия «Рассвет»	1 039,0	229	257	-28	257	9676	0	—				71	Май 2025	257	2025-05-01	1039
783	Ольга Цуканова🔴Общественный деятель	1 035,0	225	258	-33	258	736	-100	—				961	Май 2025	258	2025-05-01	1035
784	Борис Надеждин	975,0	227	259	-32	259	800	-1000	—				895	Май 2025	259	2025-05-01	975
785	ИГОРЬ ЛИПСИЦ: ПРО ЭКОНОМИКУ И МАРКЕТИНГ	921,0	186	260	-74	260	0	-200	—				921	Май 2025	260	2025-05-01	921
786	ЦУРреализм	900,0	226	261	-35	261	0	0	—				900	Май 2025	261	2025-05-01	900
787	Dasha Navalnaya	663,0	Новое	262	Новое	262	0	-100	—				663	Май 2025	262	2025-05-01	663
788	Эльвира Вихарева	621,0	228	263	-35	263	0	-300	—				621	Май 2025	263	2025-05-01	621
789	NEXTA Live	64 742 744,00	1	1	-	1	88847955	+90 000	Удар ВМС США по российским морякам / Москва в ярости				55857948	Апрель 2025	1	2025-04-01	64742744
790	Ходорковский LIVE	37 176 740,0	4	2	+2	2	30894517	+20 000	Кадыров проиграл. Глава Чечни надоел Путину, опозорился на войне и уступил женщине / МОЖЕМ ОБЪЯСНИТЬ				34087288	Апрель 2025	2	2025-04-01	37176740
791	Анатолий Шарий	35 448 370,0	2	3	-1	3	72104	+20 000	Война США и ЕС началась...				35441160	Апрель 2025	3	2025-04-01	35448370
792	Телеканал Дождь	32 494 911,0	3	4	-1	4	30265081	-	Конфликт Кадырова с Кремлем, Трамп взбешен Путиным, США начали мировую торговую войну				29468403	Апрель 2025	4	2025-04-01	32494911
793	Майкл Наки	32 021 669,0	5	5	-	5	51409	+10 000	ПУТИН ПРОТИВ КАДЫРОВА. Конфликт Чечни с федеральным центром из-за наследника Рамзана				32016528	Апрель 2025	5	2025-04-01	32021669
794	Дмитрий Гордон	26 525 507,0	6	6	-	6	8095503	+20 000	Трамп вышел из переговоров с Путиным, что теперь ждет Украину, план Патрушева – аналитик Демченко				25715957	Апрель 2025	6	2025-04-01	26525507
795	Максим Кац	26 026 263,0	7	7	-	7	3425	-	Элиты готовятся к жизни без Путина | Намётки на будущее и предыдущий опыт (English sub) @Max_Katz				26025920	Апрель 2025	7	2025-04-01	26026263
796	И Грянул Грэм	23 613 975,0	9	8	+1	8	153543	+20 000	"ЛИПСИЦ: ""Дальше вот что будет!"": к чему приведут тарифы Трампа, что ждет ДОЛЛАР, кого добивает Маск"				23598621	Апрель 2025	8	2025-04-01	23613975
797	Обманутый Россиянин	21 590 195,0	13	9	+4	9	0	+10 000	Привет! Я Адам, мне 17 лет и я курирую работу МВД в Чечне. ПРОСТО БАТЯ НИКОМУ БОЛЬШЕ НЕ ДОВЕРЯЕТ				21590195	Апрель 2025	9	2025-04-01	21590195
798	МИНАЕВ LIVE	20 294 247,0	10	10	-	10	0	+40 000	Владимир Ленин: Гений революции или талантливый манипулятор? / Личности @MINAEVLIVE				20294247	Апрель 2025	10	2025-04-01	20294247
799	The Breakfast Show	20 133 022,0	8	11	-3	11	2744848	+17 000	Падение азиатского рынка сегодня: повторение 1998 года?				19858537	Апрель 2025	11	2025-04-01	20133022
800	Популярная политика	19 405 658,0	12	12	-	12	39959798	+10 000	ТУМСО про новую работу сына Кадырова в МВД				15409678	Апрель 2025	12	2025-04-01	19405658
801	varlamov	19 295 850,0	11	13	-2	13	8	+10 000	Мошенники: как россиян лишают миллиардов | Тюремные колл-центры, офисы в Украине, нейросети, даркнет				19295849	Апрель 2025	13	2025-04-01	19295850
802	DW на русском	14 898 948,0	16	14	+2	14	3266631	-	Трамп продолжает шокировать мир своим непостоянством: он заморозил повышение пошлин, но не для Китая				14572285	Апрель 2025	14	2025-04-01	14898948
803	Роман Цимбалюк	13 886 990,0	18	15	+3	15	6115455	+20 000	"Итоги заседания «Рамштайн» восхищают: в Москве официально попрощались с Одессой и ""победой"""				13275444	Апрель 2025	15	2025-04-01	13886990
804	Редакция	13 626 695,0	15	16	-1	16	341571	-	Редакция. News: 163-я неделя				13592538	Апрель 2025	16	2025-04-01	13626695
805	Осторожно: Собчак	13 220 032,0	29	17	+12	17	10697293	+20 000	«Он хотел умереть». Первое интервью жены ПАШИ ТЕХНИКА после трагедии				12150303	Апрель 2025	17	2025-04-01	13220032
806	Антон Хардин	12 168 267,0	23	18	+5	18	53623	-	Узнаваемый даже в Мире музыкант Леонид Агутин прервал молчание и сразу влетел в опалу двумя ногами				12162905	Апрель 2025	18	2025-04-01	12168267
807	Юрий Швец -- официальный канал	11 408 622,0	17	19	-2	19	259608	+10 000	Трамп “освобождает” Америку. Народ и эксперты в ужасе. Новая коалиция: Все - против США /№925/ Швец				11382661	Апрель 2025	19	2025-04-01	11408622
808	ВОТ ТАК	11 138 075,0	19	20	-1	20	1581148	+10 000	‼️ В Чечне тело убитого подростка выставили напоказ на площади. Комментирует Ольга Романова				10979960	Апрель 2025	20	2025-04-01	11138075
809	Послезавтра	11 110 307,0	27	21	+6	21	45773689	+30 000	Китай. В чём сила? @posle_zavtra				6532938	Апрель 2025	21	2025-04-01	11110307
810	ФЕЙГИН LIVE	10 743 864,0	22	22	-	22	2406065	-	МИРНЫЕ ПЕРЕГОВОРЫ ЗАКОНЧЕНЫ. БЕСЕДА С ВИТАЛИЙ ПОРТНИКОВ @portnikov.argumenty				10503257	Апрель 2025	22	2025-04-01	10743864
811	Volodymyr Zolkin	10 571 002,0	34	23	+11	23	16964606	+20 000	🤯 ТА МНЕ П**УЙ! ВСУ БОМБИЛИ СЕЛИДОВО – А Я ЖДАЛ РОССИЮ! / ЗОЛКИН vs КОЛЛАБОРАНТЫ				8874541	Апрель 2025	23	2025-04-01	10571002
812	Alexey Arestovych	9 971 172,0	21	24	-3	24	14342802	-	Арестович: Момент истины для Украины в Лондоне. Сбор для военных👇				8536892	Апрель 2025	24	2025-04-01	9971172
813	Александр Невзоров	9 087 720,0	25	25	-	25	4925874	+10 000	За это Путин готов разбомбить Ватикан. Похороны Папы не по правилам. Встреча Трампа с Зеленским.				8595133	Апрель 2025	25	2025-04-01	9087720
814	Denis Kazanskyi	8 770 819,0	39	26	+13	26	86699	+10 000	"""Не нужно иллюзий. Мы не вернемся к власти в Украине"" Азаров провел провальную конференцию в Москве"				8762149	Апрель 2025	26	2025-04-01	8770819
815	Живой Гвоздь	8 320 230,0	28	27	+1	27	20099	-10 000	Пастуховские четверги. Владимир Пастухов* и Алексей Венедиктов* / 03.04.25				8318220	Апрель 2025	27	2025-04-01	8320230
816	Настоящее Время. Док	8 252 424,0	37	28	+9	28	11012097	+10 000	Что думают о России ее соседи				7151214	Апрель 2025	28	2025-04-01	8252424
817	Euronews по-русски	7 920 279,0	33	29	+4	29	5798	-	В Литве нашли последнего из четырех пропавших на учениях американских солдат: он также погиб				7919699	Апрель 2025	29	2025-04-01	7920279
818	Ivan Yakovina	7 685 384,0	36	30	+6	30	728061	+10 000	ВСУ сожгли огромную колонну противника в Запорожской области | Мы передали ССО Украины дроны SHARK				7612578	Апрель 2025	30	2025-04-01	7685384
819	вДудь	7 683 977,0	26	31	-5	31	0	-	Кукушкин – разговор, который вас подбодрит / вДудь				7683977	Апрель 2025	31	2025-04-01	7683977
820	Сергей Ауслендер	7 671 648,0	30	32	-2	32	815943	+7 000	Мощный взрыв в порту Ирана: Что стало причиной трагедии с сотнями жертв?				7590054	Апрель 2025	32	2025-04-01	7671648
821	Комсомольская Правда	7 460 825,0	14	33	-19	33	8786399	+10 000	Рыбаки массово спасались с опасной льдины				6582185	Апрель 2025	33	2025-04-01	7460825
822	Продолжение следует	7 357 381,0	47	34	+13	34	4606807	+10 000	Последние дни Кадырова. Что падишах всю жизнь хотел доказать отцу Ахмату | Разборы				6896700	Апрель 2025	34	2025-04-01	7357381
823	Портников. Аргументы	7 031 942,0	48	35	+13	35	395898	+17 000	Избиение кыргызов | Виталий Портников				6992352	Апрель 2025	35	2025-04-01	7031942
824	Настоящее Время	6 984 902,0	20	36	-16	36	2260373	-	Вашингтон поставил Путину дедлайн. Дмитриев и Лавров поругались в Эр-Рияде. Удар по Харькову | ВЕЧЕР				6758865	Апрель 2025	36	2025-04-01	6984902
825	Навальный LIVE	6 937 054,0	31	37	-6	37	7381791	+10 000	Беспредел в погонах. Как живет главный полицейский России				6198875	Апрель 2025	37	2025-04-01	6937054
826	Радио Свобода	6 757 648,0	35	38	-3	38	9990219	-	"""Забулдыга, пьянчужка, убитая собутыльниками"""				5758626	Апрель 2025	38	2025-04-01	6757648
827	RTVI Новости	5 743 768,0	43	39	+4	39	44274	+10 000	Мобилизация и риски полномасштабной войны: Алаудинов о боях под Курском, Белгородом и миссии Трампа				5739341	Апрель 2025	39	2025-04-01	5743768
828	Павел Иванов	5 604 333,0	42	40	+2	40	26983	+9 000	Татьяна Монтян: Гаага против Путина, Переговоры с США, раскол Запада и новое наступление				5601635	Апрель 2025	40	2025-04-01	5604333
829	Евгений Киселёв	5 477 849,0	49	41	+8	41	0	+6 000	ПОРТНИКОВ: Меня повели на ВСТРЕЧУ с Путиным! Сделку с США уже НЕ СПАСТИ? Киеву предложат РЕФЕРЕНДУМ				5477849	Апрель 2025	41	2025-04-01	5477849
830	ШАРФ	5 464 453,0	41	42	-1	42	5320	-	Если не камера никто бы не поверил. У Мизулиной даже нога задергалась				5463921	Апрель 2025	42	2025-04-01	5464453
831	ПАНЧЕНКО	5 246 646,0	38	43	-5	43	8588227	+10 000	УКРАИНА-РОССИЯ: КАК ЖИТЬ ДАЛЬШЕ? | #ИнтервьюПанченко				4387823	Апрель 2025	43	2025-04-01	5246646
832	The Люди	4 915 262,0	40	44	-4	44	0	-	Питерские Кресты - самая суровая тюрьма России / Как выживали зэки в легендарном СИЗО @anton_lyadov				4915262	Апрель 2025	44	2025-04-01	4915262
833	Юрий ВЕЛИКИЙ	4 780 259,0	44	45	-1	45	7117807	-	"ФЕЙГИН и Профессор СОЛОВЕЙ про ""путина в ХОЛОДИЛЬНИКЕ"" 😁 [Пародия]"				4068478	Апрель 2025	45	2025-04-01	4780259
834	BBC News - Русская служба	4 779 273,0	32	46	-14	46	619350	-	«И юность страшная, и 7 лет уголовного преследования». Интервью с адвокатом Ангелины Хачатурян				4717338	Апрель 2025	46	2025-04-01	4779273
835	Константин Сёмин	4 224 088,0	46	47	-1	47	209513	+1 000	Китай трампануло, Хеллоу Америка, Жириновский жив! // Галопом по Европам #1381				4203137	Апрель 2025	47	2025-04-01	4224088
836	Адекватный Русский	4 065 540,0	100	48	+52	48	40655403	+13 000	—				0	Апрель 2025	48	2025-04-01	4065540
837	Клим Жуков	3 929 713,0	55	49	+6	49	3623349	+5 000	Темное просвещение и философия Дугина на практике				3567378	Апрель 2025	49	2025-04-01	3929713
838	Meduza	3 711 368,0	51	50	+1	50	39783	+3 000	Дочь Шувалова получила главную партию в балете Большого театра				3707390	Апрель 2025	50	2025-04-01	3711368
839	Игорь Яковенко	3 480 808,0	56	51	+5	51	1360	+2 000	Заявления Кремля и новый разворот Трампа. С @soliarqueen				3480672	Апрель 2025	51	2025-04-01	3480808
840	Newsader	3 402 314,0	45	52	-7	52	404	-	Виталий Портников: Война в Европе стала возможной				3402274	Апрель 2025	52	2025-04-01	3402314
841	ЖестЬ Доброй Воли	3 276 920,0	59	53	+6	53	6831483	+4 000	SHAMAN и МИЗУЛИНА - вся ПРАВДА про их роман@ЖестЬДобройВоли #пародия #мизулина #шаман #shaman #путин				2593772	Апрель 2025	53	2025-04-01	3276920
842	Бондаренко LIVE	3 184 423,0	76	54	+22	54	0	+10 000	Депутаты в Госдуме заговорили о новой пенсионной реформе				3184423	Апрель 2025	54	2025-04-01	3184423
843	Руслан Усачев	3 170 246,0	53	55	-2	55	4555	-10 000	Жесткие Тарифы Трампа // Россия прощает Талибан // США против Ирана				3169790	Апрель 2025	55	2025-04-01	3170246
844	Алексей Навальный	3 050 880,0	118	56	+62	56	464824	-20 000	Гондураска с Первого канала. Как живет любимая пропагандистка Путина				3004398	Апрель 2025	56	2025-04-01	3050880
845	Важные истории	2 939 959,0	91	57	+34	57	3949037	+11 000	«Папа, это не моя война». Как отец пытался спасти сына				2545055	Апрель 2025	57	2025-04-01	2939959
846	Самое важное с Иваном Ждановым	2 817 209,0	73	58	+15	58	922786	+10 000	«Сейчас буду стрелять всех». День, когда решили убрать Бастрыкина — Путин, ФСБ и Шакро Молодой				2724930	Апрель 2025	58	2025-04-01	2817209
847	Dmitry Kolezev	2 734 998,0	75	59	+16	59	275070	+10 000	Чем генерал Иван Попов опасен для режима Путина. Биография и уголовное дело популярного командира				2707491	Апрель 2025	59	2025-04-01	2734998
848	Tamara Eidelman	2 710 009,0	61	60	+1	60	3068668	-	Иран. От Персидской империи до исламской революции				2403142	Апрель 2025	60	2025-04-01	2710009
849	NoFake	2 673 058,0	86	61	+25	61	24922822	+14 000	—				180776	Апрель 2025	61	2025-04-01	2673058
850	Новости СВЕРХДЕРЖАВЫ	2 560 906,0	64	62	+2	62	1555	-	Репрессии как в 37 году - стукачку Мизулину настигла карма				2560750	Апрель 2025	62	2025-04-01	2560906
851	Yulia Latynina	2 470 956,0	57	63	-6	63	95451	-5 000	Алексей Арестович. Сила - это когда ты не бегаешь от реальности. Покушение на Трампа. Китай				2461411	Апрель 2025	63	2025-04-01	2470956
852	А поговорить?	2 464 098,0	50	64	-14	64	1903008	-	Американский профессор предупреждает о катастрофе! Искусственный интеллект опаснее, чем мы думаем				2273797	Апрель 2025	64	2025-04-01	2464098
853	Александр Балу	2 352 189,0	63	65	-2	65	0	-1 000	СОЛОВЬИНЫЙ ПОМЕТ№370/ПОХОРОНЫ ЧЕРЕЗ ГОСУСЛУГИ; КАДЫШЕВА УДЕЛАЛА ШАМАНА; 7 ЛЕТ ЗА ЯЙЦА; ЧЛЕН ГИТЛЕРА				2352189	Апрель 2025	65	2025-04-01	2352189
854	Евгений Ступин	2 288 450,0	65	66	-1	66	1686930	+4 000	Повестки, облавы, ВИЧ, принудительные контракты - угрозы для призывников и как защищаться #призыв				2119757	Апрель 2025	66	2025-04-01	2288450
855	Александр Штефанов	2 270 764,0	52	67	-15	67	16589	+5 000	«Договорняк‎» скорее жив или скорее мёртв?				2269105	Апрель 2025	67	2025-04-01	2270764
856	Дневник Депутата	2 228 929,0	58	68	-10	68	22516	-	Путин: Какая Ваша зарплата? Ответ убил				2226677	Апрель 2025	68	2025-04-01	2228929
857	Владимир Милов	2 220 916,0	78	69	+9	69	1738	+7 000	Тарифы Трампа и их последствия: объясняем простыми словами				2220742	Апрель 2025	69	2025-04-01	2220916
858	Дмитрий ПОТАПЕНКО	2 143 364,0	77	70	+7	70	267	-	ЦБ предупредил об угрозе.. 🔴 Деньги будут рисовать || Дмитрий Потапенко*				2143337	Апрель 2025	70	2025-04-01	2143364
859	Новая газета Европа	2 105 457,0	88	71	+17	71	843857	+3 000	Монолог дезертира о СИЗО, контракте, «дороге смерти» и побеге / «Нас перевели в батальон смертников»				2021071	Апрель 2025	71	2025-04-01	2105457
860	Екатерина Шульман	2 102 873,0	60	72	-12	72	9298	-	Перемирие. Статус S08E33				2101943	Апрель 2025	72	2025-04-01	2102873
861	Mark Solonin	2 088 142,0	71	73	-2	73	0	+1 000	"""Катюша"" - оружие, которое немцы ""не смогли скопировать"". / Техникум Марка Солонина"				2088142	Апрель 2025	73	2025-04-01	2088142
862	varlamov moments	2 075 327,0	62	74	-12	74	243316	+4 000	Поезда в Тибет: 21 час китайской жести, где просветлеешь быстрее, чем тибетский монах | Китай				2050995	Апрель 2025	74	2025-04-01	2075327
863	Валерий Соловей	2 061 885,0	66	75	-9	75	0	-1 000	Тупик в переговорах о мире // Плохие и очень плохие решения для экономики. Что происходит. Вып.181				2061885	Апрель 2025	75	2025-04-01	2061885
864	Самый сок 2	1 982 845,0	79	76	+3	76	1008	-	"Армагеддон под Москвой: ""самый защищённый"" арсенал ГРАУ стал мишенью ВСУ"				1982744	Апрель 2025	76	2025-04-01	1982845
865	Настоящее Время. Сюжеты	1 969 886,0	54	77	-23	77	453142	+4 000	Как российские заключенные воюют в Украине. Документальный фильм				1924572	Апрель 2025	77	2025-04-01	1969886
866	BILD на русском	1 863 419,0	83	78	+5	78	145111	+1 000	Дмитрий Глуховский и Максим Курников | Интервью BILD				1848908	Апрель 2025	78	2025-04-01	1863419
867	Андрей Ланьков	1 836 117,0	Новое	79	Новое	79	0	+46 200	Ланьков о побегах из Северной Кореи				1836117	Апрель 2025	79	2025-04-01	1836117
868	Forbes	1 750 463,0	107	80	+27	80	597790	+7 000	Последняя битва за Домодедово: как миллиардер Каменщик 25 лет сражался с силовиками				1690684	Апрель 2025	80	2025-04-01	1750463
869	Матвей Ганапольский	1 690 313,0	82	81	+1	81	0	+1 000	ЭТО КОНЕЦ! ПЕРЕГОВОРЫ О МИРЕ ЗАКОНЧЕНЫ / ГАНАПОЛЬСКАЯ ПРАВДА / 13.04.2025				1690313	Апрель 2025	81	2025-04-01	1690313
870	Острый Угол	1 591 834,0	87	82	+5	82	2465721	+10 000	Путинизм как он есть в кино (фрагмент фильма)				1345262	Апрель 2025	82	2025-04-01	1591834
871	Михаил Ходорковский	1 560 537,0	68	83	-15	83	653137	+10 000	Путин разозлил Трампа. Переговоров не будет?				1495223	Апрель 2025	83	2025-04-01	1560537
872	Холод	1 552 393,0	117	84	+33	84	197238	+16 000	Как искали одного, а нашли двух маньяков | ХОЛОД.ТРУКРАЙМ				1532669	Апрель 2025	84	2025-04-01	1552393
873	sotavision	1 525 934,0	69	85	-16	85	1914075	+3 000	"""Мечтаю, чтобы Украина вернула себе каждую пядь своей земли!"" Дарья Козырева. Приговор, как это было"				1334526	Апрель 2025	85	2025-04-01	1525934
874	Скажи Гордеевой	1 499 471,0	70	86	-16	86	2710669	-	«Выбор, который всё перевернёт». Важный разговор о православной церкви// «Скажи Гордеевой»				1228404	Апрель 2025	86	2025-04-01	1499471
875	kuji podcast	1 457 139,0	94	87	+7	87	0	+2 000	Артур Чапарян: шутки не нужны (Kuji Podcast 188)				1457139	Апрель 2025	87	2025-04-01	1457139
876	Минута в минуту	1 441 399,0	80	88	-8	88	22404	+16 000	—				1439159	Апрель 2025	88	2025-04-01	1441399
877	The Insider Live	1 433 038,0	93	89	+4	89	2096	+3 000	Сможет ли Россия компенсировать падение экономики? Когда из-за нефти обвалится рубль?				1432828	Апрель 2025	89	2025-04-01	1433038
878	Нино Росебашвили	1 339 523,0	92	90	+2	90	709	+5 000	"""ТРАМП СИЛЬНО РИСКУЕТ"" ФИЛИППЕНКО про решение Трампа обвалить мировую экономику и шансы импичмента"				1339452	Апрель 2025	90	2025-04-01	1339523
879	The Insider	1 318 711,0	72	91	-19	91	618232	+2 000	«Отца и братьев забрали». В Чечне похитили родственников убитого подростка и активистов				1256888	Апрель 2025	91	2025-04-01	1318711
880	Parfenon	1 272 840,0	90	92	-2	92	427805	-	#НМДНИ-1941: МИР, ВОЙНА И МIРЪ				1230059	Апрель 2025	92	2025-04-01	1272840
881	Аудио статьи	1 271 997,0	96	93	+3	93	462381	-	⚡️Срочно! Центр перекрыт, массовая эвакуация, объявлен режим ЧС!				1225759	Апрель 2025	93	2025-04-01	1271997
882	Любовь Соболь	1 244 188,0	99	94	+5	94	2211918	+2 000	Кто такой Япончик и почему о нем до сих пор боятся говорить				1022996	Апрель 2025	94	2025-04-01	1244188
883	Masyanya Kuvaeva	1 239 989,0	101	95	+6	95	4432	-	Масяня. Эпизод 181. Моменты. Понедельник				1239546	Апрель 2025	95	2025-04-01	1239989
884	НО.Медиа из России	1 220 950,0	89	96	-7	96	62592	+3 000	Уехал — предатель? Максим Виторган о выборе без крайностей в эпоху раскола				1214691	Апрель 2025	96	2025-04-01	1220950
885	Радио Свобода. Новости	1 161 322,0	67	97	-30	97	1681324	-	Взрыв в Балашихе: погиб генерал Москалик. Приговор Попову. Индия и Пакистан на грани войны. НОВОСТИ				993190	Апрель 2025	97	2025-04-01	1161322
886	Евгений Чичваркин	1 149 103,0	84	98	-14	98	2128464	+3 000	НАЧНЁТСЯ СТРАШНОЕ! Чичваркин: c Путиным будет тяжёлый путь для России. Дмитриев и Соловей				936257	Апрель 2025	98	2025-04-01	1149103
887	Проект	1 144 817,0	111	99	+12	99	579632	+10 000	Как олигархи спасались от войны и не спаслись | Проект.Детали				1086854	Апрель 2025	99	2025-04-01	1144817
888	Максим Шевченко	1 133 644,0	74	100	-26	100	307502	-	"С Евгением Спицыным. Начало катастрофы: 40 лет ""апрельскому пленуму"" ЦК КПСС и Перестройке. 23.04.25"				1102894	Апрель 2025	100	2025-04-01	1133644
889	Михаил Веллер	1 001 344,0	95	101	-6	101	33714	-	СВОБОДНЫЕ ЛЮДИ - ПРОТИВ РЬЯНЫХ РАБОВ: НАСТАЛ АРМАГЕДДОН #веллер 08 04 2025				997973	Апрель 2025	101	2025-04-01	1001344
890	Гулагу-нет Официальный канал	917 026,0	85	102	-17	102	89650	-10 000	Об увольнении Осечкина В.В.				908061	Апрель 2025	102	2025-04-01	917026
891	Владислав Жуковский	880 407,0	106	103	+3	103	1481	-	Липсиц: ТРАМП РАЗРУШАЕТ ДОЛЛАР И США? НЕФТЬ ДЕШЕВЛЕ 61 ДОЛЛ! ВЕЛИКАЯ ДЕПРЕССИЯ 2.0				880259	Апрель 2025	103	2025-04-01	880407
892	Заповедник	873 097,0	97	104	-7	104	294332	-	"Трамп грабит Украину. Европа под пошлинами. Кастинг в президенты – ""Заповедник"", выпуск 354"				843664	Апрель 2025	104	2025-04-01	873097
893	Набутовы	867 130,0	120	105	+15	105	50638	+1 000	Репортаж с похорон Путина / Есть ли адекватные русские / Си играет в Сталина / Набузили #59				862066	Апрель 2025	105	2025-04-01	867130
894	Белковский	843 400,0	108	106	+2	106	563824	+1 000	ИСТОРИЯ МОЕЙ СТАРОСТИ. Психотерапевтический эпизод. Белковский + Бильжо. Paraclete @BelkovskiyS				787018	Апрель 2025	106	2025-04-01	843400
895	Ян Матвеев	838 253,0	140	107	+33	107	2824163	+4 000	Уничтожены за секунды. Как российская армия потеряла сотни тысяч боеприпасов. Взорван 51-й арсенал				555837	Апрель 2025	107	2025-04-01	838253
896	Разворот	833 570,0	132	108	+24	108	14534	+2 100	Депрессия в США, крушение экономики в России | Игорь Липсиц о возможных последствиях политики Трампа				832117	Апрель 2025	108	2025-04-01	833570
897	Простые числа	809 553,0	102	109	-7	109	10034	-	Как умирала российская космонавтика // Олег Комолов. Простые числа				808550	Апрель 2025	109	2025-04-01	809553
898	Кавказ.Реалии	789 689,0	127	110	+17	110	1135409	+1 000	Нападение в Чечне: последствия | ПОДКАСТ (№231)				676148	Апрель 2025	110	2025-04-01	789689
899	TV2media	777 619,0	105	111	-6	111	2513755	+2 000	В России осталось спиваться и молчать // Савва Раводин				526243	Апрель 2025	111	2025-04-01	777619
900	БАРМАЛЕЙКА	775 964,0	103	112	-9	112	0	-1 000	Ох, уж эти адепты русского мира/Такого позора США ещё не видели/приключения американцев в Гренландии				775964	Апрель 2025	112	2025-04-01	775964
901	РОЙ ТВ	768 778,0	98	113	-15	113	0	-	Гибель генерала Москалика, приговор Попову и наши перспективы				768778	Апрель 2025	113	2025-04-01	768778
902	вДудь Shorts	750 469,0	165	114	+51	114	4968787	+1 000	Дмитрий Романов – о российском гражданстве				253590	Апрель 2025	114	2025-04-01	750469
903	Вместе с Жуковой	721 859,0	Новое	115	Новое	115	115908	+3 900	Крыса из «Кадетства»: История безумия Бориса Корчевникова				710268	Апрель 2025	115	2025-04-01	721859
904	kremlin	622 906,0	104	116	-12	116	0	+1 000	Российско-катарские переговоры				622906	Апрель 2025	116	2025-04-01	622906
905	Медиазона	620 484,0	133	117	+16	117	74611	+3 000	Взрыв Крымского моста: пожизненный срок владельцу грузовика со взрывчаткой				613023	Апрель 2025	117	2025-04-01	620484
906	Ищем Выход	612 286,0	124	118	+6	118	46777	+1 000	СОЛОВЕЙ: Патрушев против Чемезова: кто захватит власть в Кремле? Чистка МВД и Минобороны				607608	Апрель 2025	118	2025-04-01	612286
907	Отъезд Кукухи	604 165,0	Новое	119	Новое	119	89387	+5 700	Кулич за 2 миллиона, глазурь с сапфирами и пасхальное гнездо. Юлия Панкратова				595226	Апрель 2025	119	2025-04-01	604165
908	Ксения Ларина	600 707,0	125	120	+5	120	13537	+1 000	"Кривой Рог. Детская площадка - законная цель?/ Зеленский: ""Давить на Россию!""/Торговая война Трампа"				599353	Апрель 2025	120	2025-04-01	600707
909	Сергей Асланян	600 317,0	109	121	-12	121	2919	-	АСЛАНЯН: 🔴СРОЧНО🔴ПУТИН ПОЛУЧИЛ НОВЕЙШЕЕ ВОЕННОЕ ОРУЖИЕ | ЭЛИТА КРЕМЛЯ ТЕПЕРЬ ЗАРАБАТЫВАЕТ НА ВОЙНЕ				600025	Апрель 2025	121	2025-04-01	600317
910	Форум свободной России	596 361,0	138	122	+16	122	48965	+2 000	Глобальный расклад. Трамп и Путин собираются делить мир? | Гарри Каспаров				591464	Апрель 2025	122	2025-04-01	596361
911	РАЗГОВОРНЫЙ ЖАНР	571 053,0	147	123	+24	123	5595	-1 000	Кринж-шоу Роскомнадзора, Цыганова и песня про Трубу в Судже, молодёжь до 44 и Чебурашка | ОП				570493	Апрель 2025	123	2025-04-01	571053
912	Крым.Реалии	548 835,0	113	124	-11	124	140467	-	Армия России штурмует острова на Днепре | Крым.Реалии ТБ				534788	Апрель 2025	124	2025-04-01	548835
913	CIT	533 963,0	128	125	+3	125	783	+300	День 1146. Реакция Трампа на Сумы. Уничтожение корейского «Коксана»				533885	Апрель 2025	125	2025-04-01	533963
914	SOBOLEV	531 662,0	81	126	-45	126	192260	-	СРАВНИЛИ ЦЕНЫ 2007 vs 2022 vs 2025 года. Крах российской экономики – это реально?				512436	Апрель 2025	126	2025-04-01	531662
915	Андрей Пионтковский	515 660,0	116	127	-11	127	3771	-	⚡️ПИОНТКОВСКИЙ & ЦИМБАЛЮК: Путин СМЕЕТСЯ с угроз США! Трамп В ЯРОСТИ. Что РЕАЛЬНО остановит ВОЙНУ?				515283	Апрель 2025	127	2025-04-01	515660
916	Пастуховская Кухня	513 090,0	121	128	-7	128	2028	-	Трамп готовится к войне? Переговоры Кремля и Вашингтона. Перспективы Перемирия - Пастуховская Кухня				512887	Апрель 2025	128	2025-04-01	513090
917	Вестник Бури	483 529,0	134	129	+5	129	9336	-1 000	УКРАИНСКИЕ НЕОНАЦИСТЫ: мифы и реальность | УКРАЇНСЬКІ НЕОНАЦИСТИ: міфи та реальність				482595	Апрель 2025	129	2025-04-01	483529
918	Andrei Illarionov (Андрей Илларионов)	468 370,0	114	130	-16	130	843	+500	Почему Трамп переобулся? Часть 2				468286	Апрель 2025	130	2025-04-01	468370
919	Котрикадзе Дзядко	457 438,0	110	131	-21	131	0	-	«Это надолго»: Чичваркин о Маске, Трампе и поездке в Украину				457438	Апрель 2025	131	2025-04-01	457438
920	Политолог Аббас Галлямов	451 273,0	146	132	+14	132	73589	+1 200	Добился ли Кирилл Дмитриев хоть каких-то успехов? 09.04.25 @Popularpolitics				443914	Апрель 2025	132	2025-04-01	451273
921	Ростислав Мурзагулов	449 557,0	136	133	+3	133	1797344	-	Хочу спросить всех с кем дружил и общался что вы думаете о том что я показываю в этом видео:				269823	Апрель 2025	133	2025-04-01	449557
922	Радио Долин	444 415,0	115	134	-19	134	35729	+1 000	10 лучших фильмов с Томом Крузом. Выбор Антона Долина				440842	Апрель 2025	134	2025-04-01	444415
923	Голос Америки	433 820,0	24	135	-111	135	452205	-2 000	—				388599	Апрель 2025	135	2025-04-01	433820
924	Это Осетинская!	433 139,0	139	136	+3	136	365089	-	100 дней Трампа: большой разговор про Америку с Сергеем Алексашенко				396630	Апрель 2025	136	2025-04-01	433139
925	Как теперь / проект ОВД-Инфо	406 499,0	137	137	-	137	16287	+1 000	Екатерина Шульман: «Люди дышат воздухом надежд» / О конце войны и переменах в России и мире				404870	Апрель 2025	137	2025-04-01	406499
926	SVTV	401 598,0	119	138	-19	138	56086	-1 000	ЮЛИЯ ЛАТЫНИНА в гостях у Михаила Светова // ТАРИФНЫЕ ВОЙНЫ				395989	Апрель 2025	138	2025-04-01	401598
927	Oleg Kashin	398 690,0	129	139	-10	139	18067	+200	ПРЕДСТАВЛЯЕШЬ СТРАШНУЮ СТАРУЮ ЖЕНЩИНУ, КОТОРАЯ ХОЧЕТ ТЕБЯ ЗАСОСАТЬ ЧЕРНЫМ РТОМ				396883	Апрель 2025	139	2025-04-01	398690
928	Майор в отставке	385 336,0	166	140	+26	140	38649	+1 900	Путин в ловушке — Почему он никогда не остановит войну				381471	Апрель 2025	140	2025-04-01	385336
929	Роман Юнеман	377 385,0	142	141	+1	141	250565	+2 000	РОССИЯ VS ЕВРОПА. Чья армия сильнее?				352328	Апрель 2025	141	2025-04-01	377385
930	Илья Яшин	364 284,0	130	142	-12	142	29541	-	Что скрывало ЦРУ? Трамп рассекретил архивы спецслужб				361330	Апрель 2025	142	2025-04-01	364284
931	Whalesplaining	351 754,0	190	143	+47	143	0	+2 000	Как женщины стали паразитами | Михаил Пожарский				351754	Апрель 2025	143	2025-04-01	351754
932	Когнитивный надзор	338 750,0	131	144	-13	144	0	-	Разбор ПРИЁМОВ ПРОПАГАНДЫ на Популярной политике				338750	Апрель 2025	144	2025-04-01	338750
933	ШЕПЕЛИН	326 932,0	164	145	+19	145	1348	+1 000	Симоньян едет на СВО! Ой... не едет | Пришла полюбоваться собой и рассказать о муже в коме				326797	Апрель 2025	145	2025-04-01	326932
934	DOXA | ДОКСА	318 699,0	148	146	+2	146	267091	+3 000	Инцелы, нацисты, радикалы. Почему сегодня ультраправые идеи захватывают мир?				291990	Апрель 2025	146	2025-04-01	318699
935	РОМБ	307 973,0	123	147	-24	147	202517	-	Александр Штефанов, Никита Электроник, комсомолка Полина: как 18-летние скучают по Брежневу и Ленину				287721	Апрель 2025	147	2025-04-01	307973
936	Семён Кочкин	299 418,0	154	148	+6	148	1003651	+1 200	«Мои вторые дети»: как мать солдата из Чувашии спасает бездомных собак				199053	Апрель 2025	148	2025-04-01	299418
937	Zakhar Artemiev	295 913,0	151	149	+2	149	33338	-	Пенсия в 70, Замуж за гробовые, Блиновская на СВО! ₽ беременным в школе Кемерово. Анклавы мигрантов				292579	Апрель 2025	149	2025-04-01	295913
938	ОТДЕЛЬНАЯ ЦИВИЛИЗАЦИЯ	292 610,0	126	150	-24	150	2412	-1 000	📺ЛЮДИ О КОСПЛЕЕРАХ,КТО ГЛАВНЫЙ В ОТНОШЕНИЯХ?ЧТО НУЖНО ДЛЯ СЧАСТЬЯ?ОПРОС 2025				292369	Апрель 2025	150	2025-04-01	292610
939	Votvot	288 004,0	170	151	+19	151	8563	+2 000	Наконец-то! Стендап Михаила Шаца				287148	Апрель 2025	151	2025-04-01	288004
940	MRR — My Russian Rights	277 588,0	153	152	+1	152	1740591	-	Массовая вербовка заключенных и как планируют наказывать ФСИНовцев. СТРИМ Ольги Романовой				103529	Апрель 2025	152	2025-04-01	277588
941	7x7 Горизонтальная Россия	275 638,0	122	153	-31	153	516848	+1 000	Неизбежная девальвация и доллар по 130: к чему приведут низкие цены на нефть | КАМИН				223953	Апрель 2025	153	2025-04-01	275638
942	Быть Или	274 129,0	171	154	+17	154	0	-	Гениальный Замысел Трампа, но в чём Подвох? | Быть Или				274129	Апрель 2025	154	2025-04-01	274129
943	Yevgenia Albats	266 685,0	155	155	-	155	2045	-	Переговорный тупик				266480	Апрель 2025	155	2025-04-01	266685
944	Гроза / Николай Росов	245 699,0	150	156	-6	156	4262	-	Мятежник Джек VS Кристина Вестник Бури | Дебаты				245273	Апрель 2025	156	2025-04-01	245699
945	Антонов такой Антонов	238 114,0	144	157	-13	157	169249	-	—				221189	Апрель 2025	157	2025-04-01	238114
946	Юзефович	235 819,0	156	158	-2	158	14719	-	Людмила Петрановская о книге «К себе нежно», психических расстройствах героев книг и «Лолите»				234347	Апрель 2025	158	2025-04-01	235819
947	Убежище оппозиции	230 775,0	145	159	-14	159	151	-	Путин поднял зарплаты губернаторам. Рекордные суммы				230760	Апрель 2025	159	2025-04-01	230775
948	Дмитрий Дёмушкин	223 338,0	143	160	-17	160	191	-	Торговая война Трампа (Дмитрий Демушкин, Дмитрий Потапенко*)				223319	Апрель 2025	160	2025-04-01	223338
949	Baunov_Tube	221 091,0	Новое	161	Новое	161	424	+1 300	Проклятые вопросы Ватикана. Александр Баунов и Ксения Лученко. Бауновкаст				221049	Апрель 2025	161	2025-04-01	221091
950	ШАЦ	220 736,0	141	162	-21	162	1019403	+1 000	—				118796	Апрель 2025	162	2025-04-01	220736
951	Утро Февраля	215 629,0	149	163	-14	163	17525	+1 000	⚡️Как Россия превратилась в цирк? Полный разбор деградации власти				213876	Апрель 2025	163	2025-04-01	215629
952	Объектив	209 600,0	112	164	-52	164	239	-1 000	Почему партнёрство Украины и США дало трещину? | Секреты тайного штаба				209576	Апрель 2025	164	2025-04-01	209600
953	Первый отдел	205 518,0	158	165	-7	165	14462	-	Как сайты для взрослых собирают и продают ваши данные — и что с этим делать				204072	Апрель 2025	165	2025-04-01	205518
954	Радио Свобода Live	204 523,0	160	166	-6	166	5	+600	Кадыров оступился? | Весь эфир				204522	Апрель 2025	166	2025-04-01	204523
955	Евгений Трикоз	202 021,0	184	167	+17	167	1795373	-	МАТ У ДЕТЕЙ. ПРИЧИНЫ, ПОСЛЕДСТВИЯ. ЧТО ДЕЛАТЬ?				22484	Апрель 2025	167	2025-04-01	202021
956	Подкаст Лазерсон	196 580,0	157	168	-11	168	0	+1 000	Будущее этого канала.				196580	Апрель 2025	168	2025-04-01	196580
957	Sergey Aleksashenko	177 214,0	172	169	+3	169	768	-	Нефть упала. Рублю приготовиться! @theinsiderlive				177137	Апрель 2025	169	2025-04-01	177214
958	ЗЫГАРЬ	173 068,0	169	170	-1	170	12772	-	Молочников: об «Аноре», Трампе, русской культуре и новой этике				171791	Апрель 2025	170	2025-04-01	173068
959	Фёдор Крашенинников	172 528,0	159	171	-12	171	24214	+200	Нарастающий хаос I Фёдор Крашенинников ON AIR				170107	Апрель 2025	171	2025-04-01	172528
960	Lazarevatut	171 303,0	161	172	-11	172	50253	+1 000	Как реализовать свой потенциал? Борис Гребенщиков | Татьяна Лазарева				166278	Апрель 2025	172	2025-04-01	171303
961	Пикули	170 098,0	175	173	+2	173	4162	-1 000	Обзор на РУСОФОБЫ.РУ: сайт Zетников про Дудя, Нойза МС, Монеточку и др.				169682	Апрель 2025	173	2025-04-01	170098
962	Nовые Куклы	168 474,0	185	174	+11	174	79088	+1 000	Секретный хозяин России. Путин оказался ширмой!				160565	Апрель 2025	174	2025-04-01	168474
963	Сергей Смирнов	153 810,0	163	175	-12	175	2244	-	СТАЛИН И ГИТЛЕР ПЫТАЮТСЯ ДЕЛИТЬ МИР. Переговоры Молотова в Берлине в 1940 году				153586	Апрель 2025	175	2025-04-01	153810
964	Рабкор	141 924,0	162	176	-14	176	1324	-	Риск глобальной рецессии, рационален ли Трамп, ждет ли Россию кризис / Иноземцев*, Будунов				141792	Апрель 2025	176	2025-04-01	141924
965	Сергей Бойко	127 494,0	152	177	-25	177	8311	-	Убийство срочников на войне				126663	Апрель 2025	177	2025-04-01	127494
966	Реалии	124 769,0	179	178	+1	178	1061785	+1 000	—				18590	Апрель 2025	178	2025-04-01	124769
967	Сергей Пархоменко	108 642,0	173	179	-6	179	76	-	Особое мнение @zhivoygvozd 09.04.2025				108634	Апрель 2025	179	2025-04-01	108642
968	Страна и мир	102 452,0	167	180	-13	180	4098	-	Рогов о главном: Трамп злится, нефть дешевеет, россияне молчат о войне				102042	Апрель 2025	180	2025-04-01	102452
969	RusNews	98 164,0	178	181	-3	181	44707	-	⭕️ «Наши действия считаются противоправными!» – полиция в Новосибирске				93693	Апрель 2025	181	2025-04-01	98164
970	FURYDROPS. Блог Григория Баженова об экономике.	88 296,0	192	182	+10	182	1441	-	ЭТО НЕ ТАРИФЫ, ЭТО ПОЛНЫЙ КРАХ ЭКОНОМИКИ: американский прожекторрайнгослинг				88152	Апрель 2025	182	2025-04-01	88296
971	Губин ON AIR	83 650,0	187	183	+4	183	0	+200	"КАК БАЛЕРИНА ШУВАЛОВА СОЖГЛА БОЛЬШОЙ ТЕАТР НАХ**. ""Губин ON AIR"" 04.04.2025"				83650	Апрель 2025	183	2025-04-01	83650
972	Татьяна Фельгенгауэр	78 957,0	180	184	-4	184	1145	-1 000	Таня Ф.: Легенда в деле / Таня Ф. и Нино Р. / стрим про жизнь // 9.4.25				78842	Апрель 2025	184	2025-04-01	78957
973	Говорящие Головы	66 250,0	197	185	+12	185	118715	-	Андрей Айрапетов - комики в эмиграции, малахольный огурчик, секрет Славы Комиссаренко				54378	Апрель 2025	185	2025-04-01	66250
974	ИГОРЬ ЛИПСИЦ: ПРО ЭКОНОМИКУ И МАРКЕТИНГ	63 914,0	177	186	-9	186	0	+800	ИНОГДА ОСПОРИТЬ ГЛУПЦА ОЧЕНЬ ДАЖЕ ЗАБАВНО ИЛИ ОТВЕТ АЛЕКСУ РАДУНСКОМУ				63914	Апрель 2025	186	2025-04-01	63914
975	Карен Шаинян	61 366,0	174	187	-13	187	46220	-	—				56744	Апрель 2025	187	2025-04-01	61366
976	Открытые медиа	61 199,0	183	188	-5	188	1683	+1 000	—				61031	Апрель 2025	188	2025-04-01	61199
977	ГражданинЪ TV	56 940,0	181	189	-8	189	5669	-100	Лев Шлосберг: Путин, Украина и Запад — кому нужен мир и кто выберет компромисс? / @ishemvihod				56373	Апрель 2025	189	2025-04-01	56940
978	SOTA	55 978,0	189	190	-1	190	30339	+200	Убежать, чтобы выжить: что такое «убийство чести» / Опять войс #01				52944	Апрель 2025	190	2025-04-01	55978
979	Movchans	55 837,0	191	191	-	191	1028	+300	Как работает крипторынок - разговор с Яковом Баринским. Биткоин, криптофонды, мемкоины.				55734	Апрель 2025	191	2025-04-01	55837
980	Транзит	44 400,0	186	192	-6	192	144863	+400	Как превратить военную экономику в здоровую. Конкретные шаги | Экономист Элина Рыбакова				29914	Апрель 2025	192	2025-04-01	44400
981	Виктор Шендерович	32 168,0	205	193	+12	193	14233	-	"ШЕНДЕРОВИЧ*. НОВЫЕ ВИДЫ ДРУЖБЫ: Ось зла"" и ""Путин, ""Молодая Гвардия"" и КНДР, Кремль и Талибан"				30745	Апрель 2025	193	2025-04-01	32168
982	Пермь 36,6	31 474,0	199	194	+5	194	12691	+100	Военный убил следователя из-за жены				30205	Апрель 2025	194	2025-04-01	31474
983	ZIMA MAGAZINE	27 645,0	198	195	+3	195	134	-	«Историю делают оставшиеся» | Вера Кричевская с Оуэном Мэтьюзом | Проклятые вопросы				27632	Апрель 2025	195	2025-04-01	27645
984	Богатый регион	25 200,0	195	196	-1	196	55577	-100	Юность в цинковых гробах: цена липовых побед Путина.				19642	Апрель 2025	196	2025-04-01	25200
985	nixelpixel	22 158,0	200	197	+3	197	241	-1 000	—				22134	Апрель 2025	197	2025-04-01	22158
986	Красный поворот	20 093,0	196	198	-2	198	10425	-	Тарифные войны. Весенний призыв. Дело Ле Пен. Стрим/Е. Ступин, Н. Лопатин, А. Демидов и другие				19050	Апрель 2025	198	2025-04-01	20093
987	Трудовая Россия	16 141,0	194	199	-5	199	16270	-100	Татьяна Хабарова в 1994 году. Митинги в День образования СССР 30 декабря 1994 года.				14514	Апрель 2025	199	2025-04-01	16141
988	Anna Zueva	15 044,0	201	200	+1	200	72851	-100	—				7759	Апрель 2025	200	2025-04-01	15044
989	Varlamov Talks	14 991,0	168	201	-33	201	0	-1 000	—				14991	Апрель 2025	201	2025-04-01	14991
990	Ворнадзор	14 043,0	182	202	-20	202	17922	+100	Студенток уговаривают рожать				12251	Апрель 2025	202	2025-04-01	14043
991	Псковская Губерния	13 386,0	193	203	-10	203	23434	+80	Новая реальность или бездумная политика? Говорим с Кириллом Набутовым @Nabutovy				11043	Апрель 2025	203	2025-04-01	13386
992	НЕОРУЭЛЛ	11 773,0	203	204	-1	204	2596	-	—				11513	Апрель 2025	204	2025-04-01	11773
993	Голос. За честные выборы	11 141,0	208	205	+3	205	478	-	Как политика влияет на экономику / Игорь Липсиц				11093	Апрель 2025	205	2025-04-01	11141
994	Екатерина Дунцова	9 729,0	214	206	+8	206	327	-400	Олег Кашин* - ОТ ЗАКАТА К РАССВЕТУ				9696	Апрель 2025	206	2025-04-01	9729
995	MOUNT SHOW	9 438,0	176	207	-31	207	14222	-	—				8016	Апрель 2025	207	2025-04-01	9438
996	Депутат Елена Шувалова	8 760,0	207	208	-1	208	2789	-	Следят нон-стоп				8481	Апрель 2025	208	2025-04-01	8760
997	Дмитрий Гудков	7 395,0	224	209	+15	209	4703	-100	Как Путин обманул санкции @Gudkov				6925	Апрель 2025	209	2025-04-01	7395
998	Идите лесом	7 135,0	222	210	+12	210	660	+150	Из СИЗО — на фронт. История медика, выжившего после кассетного удара				7069	Апрель 2025	210	2025-04-01	7135
999	Леонид Волков	6 633,0	209	211	-2	211	154	-	—				6618	Апрель 2025	211	2025-04-01	6633
1000	Омское Гражданское Объединение	5 072,0	202	212	-10	212	11310	-	Русская община — что это? | Николай Родькин в эфире @RZVRT				3941	Апрель 2025	212	2025-04-01	5072
1001	Маша Борзунова	5 016,0	211	213	-2	213	1130	-	—				4903	Апрель 2025	213	2025-04-01	5016
1002	Удмуртия против коррупции	4 945,0	216	214	+2	214	8175	-	Нас объявили иноагентами. Что дальше?				4127	Апрель 2025	214	2025-04-01	4945
1003	Дарья Беседина	4 801,0	206	215	-9	215	0	-100	—				4801	Апрель 2025	215	2025-04-01	4801
1004	Хроники.Медиа	4 495,0	204	216	-12	216	32000	-	Ростислав Гольдштейн: приумножить семейное состояние и остаться во власти				1295	Апрель 2025	216	2025-04-01	4495
1005	Левый Фронт	3 520,0	217	217	-	217	0	-	—				3520	Апрель 2025	217	2025-04-01	3520
1006	Фарида Курбангалеева	3 472,0	212	218	-6	218	0	-400	—				3472	Апрель 2025	218	2025-04-01	3472
1007	Сергей Гуриев	3 018,0	215	219	-4	219	0	-1000	—				3018	Апрель 2025	219	2025-04-01	3018
1008	Аполитичность губит	2 938,0	218	220	-2	220	13395	0	Арест Мошковича. Сахарный НЕ король				1598	Апрель 2025	220	2025-04-01	2938
1009	Андрей Пивоваров	2 616,0	225	221	+4	221	42	0	—				2612	Апрель 2025	221	2025-04-01	2616
1010	Дозор в Волгограде	2 550,0	188	222	-34	222	2164	0	—				2334	Апрель 2025	222	2025-04-01	2550
1011	Юлия Галямина	2 501,0	219	223	-4	223	1926	0	"Новый закон о местном самоуправлении | Подкаст ""Децентрализация"" | Юлия Галямина, Виталий Боварь"				2308	Апрель 2025	223	2025-04-01	2501
1012	Фактор	1 833,0	213	224	-11	224	0	-100	—				1833	Апрель 2025	224	2025-04-01	1833
1013	Ольга Цуканова🔴Общественный деятель	1 725,0	210	225	-15	225	798	-200	—				1645	Апрель 2025	225	2025-04-01	1725
1014	ЦУРреализм	1 089,0	220	226	-6	226	0	-100	—				1089	Апрель 2025	226	2025-04-01	1089
1015	Борис Надеждин	1 000,0	221	227	-6	227	736	0	—				926	Апрель 2025	227	2025-04-01	1000
1016	Эльвира Вихарева	733,0	223	228	-5	228	0	-200	—				733	Апрель 2025	228	2025-04-01	733
1017	Партия «Рассвет»	325,0	226	229	-3	229	2870	10	—				38	Апрель 2025	229	2025-04-01	325
1018	NEXTA Live	77 536 031,00	1	1	-	1	69414843	+130 000	Конец специальной операции / Вывод части войск				70594547	Март 2025	1	2025-03-01	77536031
1019	Анатолий Шарий	48 822 010,0	4	2	+2	2	174493	+40 000	Почему Зеленского взбесил ответ Путина?				48804561	Март 2025	2	2025-03-01	48822010
1020	Телеканал Дождь	45 323 105,0	2	3	-1	3	28487576	+20 000	Конфуз с Киркоровым, Пугачеву поцеловал Песков, Путин ушел один — все скандалы на похоронах				42474347	Март 2025	3	2025-03-01	45323105
1021	Ходорковский LIVE	43 761 439,0	3	4	-1	4	43328457	+60 000	ЭКСКЛЮЗИВ: Почему Путин все еще жив. Как работает служба безопасности президента ФСО | ДОСЬЕ				39428593	Март 2025	4	2025-03-01	43761439
1022	Майкл Наки	37 126 461,0	5	5	-	5	24128	+20 000	ФСБ УЗНАЛА, ЧТО КАДЫРОВ ИЩЕТ ЗАПАСНОЙ АЭРОДРОМ. Путин в ярости				37124048	Март 2025	5	2025-03-01	37126461
1023	Дмитрий Гордон	34 574 659,0	6	6	-	6	8764937	+40 000	Осечкин. Трамп решился: России конец! Ядерный зонтик Макрона над Украиной. Ссора Трампа и Маска				33698165	Март 2025	6	2025-03-01	34574659
1024	Максим Кац	30 448 837,0	8	7	+1	7	2567	+10 000	Хамский разговор Трампа и Зеленского | Что произошло в Белом доме (English subtitles) @Max_Katz​				30448580	Март 2025	7	2025-03-01	30448837
1025	The Breakfast Show	25 414 506,0	14	8	+6	8	2951729	+30 000	Гигантский рой беспилотников атаковал Москву. Юрий Федоров				25119333	Март 2025	8	2025-03-01	25414506
1026	И Грянул Грэм	25 054 673,0	11	9	+2	9	1177782	+20 000	"СОЛОВЕЙ: ""Решение принято. Это серьезно"". Что согласовал Кремль, СЦЕНАРИИ Путина, камуфляж ДВОЙНИКА"				24936895	Март 2025	9	2025-03-01	25054673
1027	МИНАЕВ LIVE	23 541 141,0	13	10	+3	10	0	+60 000	Пропаганда Геббельса / Вторая мировая война @MINAEVLIVE				23541141	Март 2025	10	2025-03-01	23541141
1028	varlamov	21 847 639,0	7	11	-4	11	101	+10 000	Трамп прогнал Зеленского | Скандал в Белом доме				21847629	Март 2025	11	2025-03-01	21847639
1029	Популярная политика	20 195 050,0	10	12	-2	12	40849138	+30 000	НАСТУПЛЕНИЕ В БЕЛГОРОДСКОЙ ОБЛАСТИ | УНИЧТОЖЕН СКЛАД АВИАЦИИ | ❗️ ВОЕННОЕ ПОЛОЖЕНИЕ				16110136	Март 2025	12	2025-03-01	20195050
1030	Обманутый Россиянин	20 168 746,0	12	13	-1	13	0	-	Гнилой сюжет Симоньян развалился на части в прямом эфире.СМЕЯЛСЯ ДАЖЕ КВЕНТИН ТАРАНТИНО				20168746	Март 2025	13	2025-03-01	20168746
1031	Комсомольская Правда	19 519 796,0	41	14	+27	14	6127750	+30 000	Наступление российской армии в Курской области: репортаж военкора Александра Коца				18907021	Март 2025	14	2025-03-01	19519796
1032	Редакция	18 854 063,0	19	15	+4	15	5288	+10 000	После ссоры: как будет устроен мир				18853534	Март 2025	15	2025-03-01	18854063
1033	DW на русском	18 589 203,0	9	16	-7	16	3194838	+10 000	Екатерина Шульман: Разворот Кремля в отношении США шокировал российских патриотов				18269719	Март 2025	16	2025-03-01	18589203
1034	Юрий Швец -- официальный канал	17 706 368,0	17	17	-	17	1686395	+10 000	Драматические переговоры Зеленского с Трампом и Вэнсом в Белом доме				17537728	Март 2025	17	2025-03-01	17706368
1035	Роман Цимбалюк	16 669 905,0	18	18	-	18	400498	+20 000	Прорыв на переговорах с США: Украина получила МАКСИМУМ + оружие				16629855	Март 2025	18	2025-03-01	16669905
1036	ВОТ ТАК	15 621 211,0	24	19	+5	19	5953391	+20 000	❗ Протесты в США против Вэнса и Трампа. Дрон РФ упал в Румынии / Вот Так. Кратко				15025872	Март 2025	19	2025-03-01	15621211
1037	Настоящее Время	15 121 656,0	25	20	+5	20	1546819	+10 000	Переговоры Трампа и Зеленского. Планы Путина на Одессу. Перевооружение Германии | ВЕЧЕР				14966974	Март 2025	20	2025-03-01	15121656
1038	Alexey Arestovych	14 506 077,0	16	21	-5	21	11143310	+10 000	Арестович: Конец режима Зеленского. @A.Shelest				13391746	Март 2025	21	2025-03-01	14506077
1039	ФЕЙГИН LIVE	13 357 790,0	23	22	+1	22	2921	-	ДУЭЛЬ. БЕСЕДА С ВИТАЛИЙ ПОРТНИКОВ @portnikov.argumenty				13357498	Март 2025	22	2025-03-01	13357790
1040	Антон Хардин	13 195 256,0	15	23	-8	23	83831	-	"Трагическая новость резко прервала эфир канала. Журналистка ""Первого"" - всё. Больше не снимет ничего"				13186873	Март 2025	23	2025-03-01	13195256
1041	Голос Америки	12 399 122,0	21	24	-3	24	1483356	+29 000	Трамп и Зеленский: крах переговоров. ИТОГИ				12250786	Март 2025	24	2025-03-01	12399122
1042	Александр Невзоров	11 369 039,0	28	25	+3	25	2533091	-	Крутой поворот. Трамп. Зеленский. Вэнс. Маск. Путин. Война. Опричнина. Оппозиция. Деградация.				11115730	Март 2025	25	2025-03-01	11369039
1043	вДудь	10 967 432,0	20	26	-6	26	0	-	Ровшан Аскеров – разговор, который вас разозлит / вДудь				10967432	Март 2025	26	2025-03-01	10967432
1044	Послезавтра	10 858 150,0	31	27	+4	27	41321112	+30 000	Гренландия. Остров сокровищ @posle_zavtra				6726039	Март 2025	27	2025-03-01	10858150
1045	Живой Гвоздь	10 444 705,0	30	28	+2	28	60807	+10 000	Срыв переговоров США и Украины / Будем наблюдать / Алексей Венедиктов* и Сергей Бунтман / 01.03.25				10438624	Март 2025	28	2025-03-01	10444705
1046	Осторожно: Собчак	9 826 538,0	37	29	+8	29	6410497	+10 000	НАСТАСЬЯ САМБУРСКАЯ: «Я пиво с мойвой люблю, я народная!»				9185488	Март 2025	29	2025-03-01	9826538
1047	Сергей Ауслендер	9 677 083,0	33	30	+3	30	682771	+9 000	Провальная операция российской армии. Интервью с военным экспертом Яном Матвеевым				9608806	Март 2025	30	2025-03-01	9677083
1048	Навальный LIVE	9 516 605,0	34	31	+3	31	8607885	+10 000	Люди Путина. Как сложилась судьба тех, кто привел его к власти				8655816	Март 2025	31	2025-03-01	9516605
1049	BBC News - Русская служба	9 248 117,0	29	32	-3	32	1311762	+20 000	Трамп — Зеленскому: «Вы доиграетесь до Третьей мировой». Полная версия спора с субтитрами				9116941	Март 2025	32	2025-03-01	9248117
1050	Euronews по-русски	8 879 753,0	22	33	-11	33	4014	+10 000	Поиски американских солдат в Литве: спасатели пытаются вытащить затонувшую бронемашину из болота				8879352	Март 2025	33	2025-03-01	8879753
1051	Volodymyr Zolkin	8 788 862,0	39	34	+5	34	13285403	+10 000	❗️НАДЕЮСЬ ВЫ ТУТ И УМР*ТЕ! ВИЗИТ ЗОЛКИНА В ЛАГЕРЬ КОЛЛАБОРАНТОВ / АНОНС НОВЫХ ИНТЕРВЬЮ				7460322	Март 2025	34	2025-03-01	8788862
1052	Радио Свобода	8 289 073,0	32	35	-3	35	22730526	+10 000	НОВОСТИ: По газопроводу на Суджу: продвижение армии РФ. Переговоры США и Украины. Обострение в Сирии				6016020	Март 2025	35	2025-03-01	8289073
1053	Ivan Yakovina	8 181 773,0	27	36	-9	36	1399932	-	США умоляют Украину помириться | Скандалом Трамп угробил свою собственную внешнюю политику				8041780	Март 2025	36	2025-03-01	8181773
1054	Настоящее Время. Док	8 144 620,0	26	37	-11	37	7680474	+10 000	"Расследование о ЧВК ""Вагнер"""				7376573	Март 2025	37	2025-03-01	8144620
1055	ПАНЧЕНКО	7 373 350,0	49	38	+11	38	9093817	+40 000	КТО КУПИЛ УКРАИНУ? | #ВзглядПанченко				6463968	Март 2025	38	2025-03-01	7373350
1056	Denis Kazanskyi	7 287 136,0	38	39	-1	39	42125	+4 000	"Скандал на всю Россию! Соловьева заставили извиниться перед кадыровцами из ""Ахмата"""				7282923	Март 2025	39	2025-03-01	7287136
1057	The Люди	6 803 632,0	55	40	+15	40	0	+20 000	Московское гетто 90х: Черкизон / Бордели с малолетними и подземный город с нелегалами @anton_lyadov​				6803632	Март 2025	40	2025-03-01	6803632
1058	ШАРФ	6 640 812,0	36	41	-5	41	4185	-	Сегодня вечером это сообщение уже везде. Все песенка спета Гудбай Америка				6640393	Март 2025	41	2025-03-01	6640812
1059	Павел Иванов	6 621 732,0	45	42	+3	42	24377	+11 000	Монтян жестко о переговорах, ситуации на фронте и официальных заявлениях.				6619294	Март 2025	42	2025-03-01	6621732
1060	RTVI Новости	6 375 987,0	35	43	-8	43	46707	-	Путин в Курской области: что значит его визит? Какие гарантии нужны России для перемирия с Украиной?				6371316	Март 2025	43	2025-03-01	6375987
1061	Юрий ВЕЛИКИЙ	6 287 056,0	40	44	-4	44	6007777	+10 000	ЛАТЫНИНА и АРЕСТОВИЧ про встречу Зеленского с Трампом 😁 [Пародия]				5686278	Март 2025	44	2025-03-01	6287056
1062	Newsader	6 082 308,0	52	45	+7	45	174	+2 000	Украинский Томагавк заработал! Первое применение Нептуна на 1000 километров				6082291	Март 2025	45	2025-03-01	6082308
1063	Константин Сёмин	5 774 980,0	46	46	-	46	167000	+7 000	Дробышевский: Люди зажрались! // По-живому				5758280	Март 2025	46	2025-03-01	5774980
1064	Продолжение следует	5 662 974,0	42	47	-5	47	5301710	+10 000	Володин: прятаться всю жизнь, будучи у всех на виду. И мстить | Портреты				5132803	Март 2025	47	2025-03-01	5662974
1065	Портников. Аргументы	5 568 955,0	43	48	-5	48	243858	+11 000	Смерть Путина и конец войны | Виталий Портников @bestradioisrael				5544569	Март 2025	48	2025-03-01	5568955
1066	Евгений Киселёв	5 328 589,0	47	49	-2	49	0	+4 000	СОЛОВЕЙ: ПОСЛЕДНЕЕ НАСТУПЛЕНИЕ ПУТИНА! Макрон отвел 21 день на конец войны. Где ПЕРЕМИРИЕ ОТ ТРАМПА?				5328589	Март 2025	49	2025-03-01	5328589
1067	А поговорить?	4 249 148,0	44	50	-6	50	2223828	+10 000	Владимир Сурдин о самых невероятных открытиях в космосе // Наука. А поговорить?...				4026765	Март 2025	50	2025-03-01	4249148
1068	Meduza	4 046 057,0	51	51	-	51	85233	+4 000	Сильное землетрясение в Юго-Восточной Азии. Последствия				4037534	Март 2025	51	2025-03-01	4046057
1069	Александр Штефанов	4 030 689,0	72	52	+20	52	16097	+10 000	Крах президента-пацифиста				4029079	Март 2025	52	2025-03-01	4030689
1070	Руслан Усачев	4 013 416,0	48	53	-5	53	2864	+10 000	Украина без США // Оксимирона обвинили // Оскар 2025				4013130	Март 2025	53	2025-03-01	4013416
1071	Настоящее Время. Сюжеты	3 916 777,0	67	54	+13	54	722684	+10 000	Начало боев за предместья Суджи и провал штурма через трубу: что происходит в Курской области				3844509	Март 2025	54	2025-03-01	3916777
1072	Клим Жуков	3 885 264,0	54	55	-1	55	583782	+9 000	Клим Жуков. Злой город: что было в Козельске, остается в Козельске				3826886	Март 2025	55	2025-03-01	3885264
1073	Игорь Яковенко	3 782 065,0	63	56	+7	56	1679	+5 000	БИТВА В ОВАЛЬНОМ КАБИНЕТЕ И ЕЕ ПОСЛЕДСТВИЯ				3781897	Март 2025	56	2025-03-01	3782065
1074	Yulia Latynina	3 763 563,0	66	57	+9	57	149144	-1 000	Алексей Арестович. Перемирие на 30 дней или навсегда? Когда выборы? Что дальше?				3748649	Март 2025	57	2025-03-01	3763563
1075	Дневник Депутата	3 558 414,0	58	58	-	58	21032	-	Астраханский стриптиз. Папа полицейский заставил рабочих унижаться на всю Россию.				3556311	Март 2025	58	2025-03-01	3558414
1076	ЖестЬ Доброй Воли	3 403 113,0	56	59	-3	59	5811663	+18 000	ЕКАТЕРИНА МИЗУЛИНА у СОБЧАК - Любовница Путина, роман с Шаманом, Моргенштерн, КВН@ЖестЬДобройВоли				2821947	Март 2025	59	2025-03-01	3403113
1077	Екатерина Шульман	3 137 721,0	68	60	+8	60	9329	-	Конец времён. Статус S08E26				3136788	Март 2025	60	2025-03-01	3137721
1078	Tamara Eidelman	3 100 684,0	60	61	-1	61	3135766	+10 000	Взлёт и падение Испанской империи				2787107	Март 2025	61	2025-03-01	3100684
1079	varlamov moments	2 854 173,0	59	62	-3	62	166314	+8 000	Туркмены в Турции: Шокирующая правда о жизни эмигрантов из Туркменистана| Илья Варламов				2837542	Март 2025	62	2025-03-01	2854173
1080	Александр Балу	2 707 835,0	70	63	+7	63	0	-2 000	ЭТО ПОКАЗАЛИ В НОВОСТЯХ? ПОЛНОЕ ДНО				2707835	Март 2025	63	2025-03-01	2707835
1081	Новости СВЕРХДЕРЖАВЫ	2 640 770,0	75	64	+11	64	1013	-	Пиар Путина в Судже и возмущение z-блогеров на перемирие				2640669	Март 2025	64	2025-03-01	2640770
1082	Евгений Ступин	2 586 336,0	79	65	+14	65	1809864	+7 000	«Это мое последнее видео, везут обнулять, отправляют на убой, на мясо, ради звездочек»				2405350	Март 2025	65	2025-03-01	2586336
1083	Валерий Соловей	2 586 260,0	64	66	-2	66	0	-	Когда все проигрывают. А больше всех - Украина. Что происходит. Вып.173				2586260	Март 2025	66	2025-03-01	2586260
1084	Радио Свобода. Новости	2 563 153,0	85	67	+18	67	2052261	+10 000	Действия США после ссоры Трампа и Зеленского. Мирный план Европы. Триумф “Аноры” на Оскаре. НОВОСТИ				2357927	Март 2025	67	2025-03-01	2563153
1085	Михаил Ходорковский	2 469 973,0	73	68	+5	68	791679	+10 000	Переговоры. Во что играет Трамп? | Блог Ходорковского				2390805	Март 2025	68	2025-03-01	2469973
1086	sotavision	2 403 977,0	77	69	+8	69	955950	+7 000	Люди по всему миру вышли против Путина и войны. Митинги 1 марта, как это было				2308382	Март 2025	69	2025-03-01	2403977
1087	Скажи Гордеевой	2 331 568,0	53	70	-17	70	1783406	-	Автор «Русских на войне» Анастасия Трофимова: «Это не животные» // «Скажи Гордеевой»				2153227	Март 2025	70	2025-03-01	2331568
1088	Mark Solonin	2 329 049,0	69	71	-2	71	0	-2 000	Триумф Вов				2329049	Март 2025	71	2025-03-01	2329049
1089	The Insider	2 272 309,0	65	72	-7	72	153542	+8 000	«Это геноцид. Из роты нас осталось трое». Интервью с военными, которых считают пропавшими без вести				2256955	Март 2025	72	2025-03-01	2272309
1090	Самое важное с Иваном Ждановым	2 268 737,0	Новое	73	Новое	73	593000	+10 000	Главный бандит Питера в тюрьме| Умер старец Путина | Тайная свадьба Песковой |Элитный спецназ Кремля				2209437	Март 2025	73	2025-03-01	2268737
1091	Максим Шевченко	2 247 276,0	61	74	-13	74	7570	-	Как Трамп и Путин создают новый мир? С Максимом Шевченко. 19.03.25				2246519	Март 2025	74	2025-03-01	2247276
1092	Dmitry Kolezev	2 146 945,0	76	75	+1	75	99246	+6 000	Разбор перепалки Трампа и Зеленского. К чему приведет скандал в Белом доме				2137020	Март 2025	75	2025-03-01	2146945
1093	Бондаренко LIVE	2 100 366,0	84	76	+8	76	0	+5 000	Путин 25 лет у власти. Ну и как вам?				2100366	Март 2025	76	2025-03-01	2100366
1094	Дмитрий ПОТАПЕНКО	2 097 610,0	71	77	-6	77	182	-	Скандал в Белом доме! 🇺🇸 🇺🇦 Это должно было остаться в кулуарах.. || Дмитрий Потапенко*				2097592	Март 2025	77	2025-03-01	2097610
1095	Владимир Милов	2 036 399,0	112	78	+34	78	1028	+4 000	Забастовки шахтеров, протесты жителей, падение угледобычи и банкротство - кризис в Кузбассе				2036296	Март 2025	78	2025-03-01	2036399
1096	Самый сок 2	2 022 312,0	86	79	+7	79	1096	-1 000	Бомбардировщики в цинке: Энгельс-2 в оцеплении химвойск, станция Кавказская вышла из чата				2022202	Март 2025	79	2025-03-01	2022312
1097	Минута в минуту	2 003 165,0	117	80	+37	80	20372	+27 000	Почему сгорела «Зимняя вишня». Кто виноват? Секунда за секундой. Полная реконструкция #минутавминуту				2001128	Март 2025	80	2025-03-01	2003165
1098	SOBOLEV	1 986 472,0	98	81	+17	81	117048	-	АЛЕКСЕЙ АРЕСТОВИЧ. Интервью с кандидатом в президенты Украины: почему он посадит Зеленского?				1974767	Март 2025	81	2025-03-01	1986472
1099	Матвей Ганапольский	1 976 182,0	90	82	+8	82	0	+4 000	ПЕРЕПАЛКА В ОВАЛЬНОМ КАБИНЕТЕ! / ГАНАПОЛЬСКАЯ ПРАВДА / 28.02.2025				1976182	Март 2025	82	2025-03-01	1976182
1100	BILD на русском	1 966 609,0	81	83	-2	83	188460	+2 000	Наталья Зубаревич и Максим Курников | Интервью BILD				1947763	Март 2025	83	2025-03-01	1966609
1101	Евгений Чичваркин	1 937 588,0	74	84	-10	84	2435563	+5 000	Чичваркин об исторической перепалке Зеленского и Трампа				1694032	Март 2025	84	2025-03-01	1937588
1102	Гулагу-нет Официальный канал	1 893 754,0	99	85	+14	85	59984	+10 000	"Сенатор Джефф Меркли: ""Что еще мог бы сделать российский агент, чего не сделал Трамп?"""				1887756	Март 2025	85	2025-03-01	1893754
1103	NoFake	1 866 438,0	80	86	-6	86	16586115	+22 000	—				207826	Март 2025	86	2025-03-01	1866438
1104	Острый Угол	1 770 891,0	96	87	+9	87	531972	-	«Сын уборщицы и вахтера» | Путинизм как он есть #22				1717694	Март 2025	87	2025-03-01	1770891
1105	Новая газета Европа	1 697 657,0	82	88	-6	88	1826280	+3 000	Дипломатический провал в Белом доме. Почему не договорились Трамп и Зеленский? / «Ужасные новости»				1515029	Март 2025	88	2025-03-01	1697657
1106	НО.Медиа из России	1 628 744,0	97	89	+8	89	48932	+4 000	Прекращение огня, Трамп и будущее СВО. Прогноз Валерия Ширяева				1623851	Март 2025	89	2025-03-01	1628744
1107	Parfenon	1 612 592,0	102	90	+12	90	308349	-	#НАМЕМНИ-2024: Сигмабой, снова Кадышева и Агутин, скуфы и альтушки, Николай Анатольевич улыбается				1581757	Март 2025	90	2025-03-01	1612592
1108	Важные истории	1 540 143,0	135	91	+44	91	5088292	+9 000	Как вдовы военных проживают свое горе в России				1031314	Март 2025	91	2025-03-01	1540143
1109	Нино Росебашвили	1 521 563,0	94	92	+2	92	485	+7 000	"""ХУЖЕ, ЧЕМ В КАРТОЧНОМ ДОМИКЕ"" ФИЛИППЕНКО про Трампа, встречу с Зеленским и американскую политику"				1521514	Март 2025	92	2025-03-01	1521563
1110	The Insider Live	1 505 082,0	93	93	-	93	1580	+4 000	⚡️🎙Зеленский ответил Трампу | Драка в парламенте Сербии | Утренний подкаст INSIDE 5				1504924	Март 2025	93	2025-03-01	1505082
1111	kuji podcast	1 490 854,0	101	94	+7	94	0	+2 000	Kuji Live: шутка про жену (Каргинов, Коняев, Сабуров)				1490854	Март 2025	94	2025-03-01	1490854
1112	Михаил Веллер	1 408 183,0	92	95	-3	95	61097	-	СОЦИАЛ-ГЛОБАЛИСТЫ СЛИВАЮТ УКРАИНУ РАДИ СВЕРЖЕНИЯ ТРАМПА #веллер 01 03 2025				1402073	Март 2025	95	2025-03-01	1408183
1113	Аудио статьи	1 396 283,0	106	96	+10	96	16300	-	Матвиенко оскандалилась на всю страну! Кухаркиным детям в ВУЗах не место!				1394653	Март 2025	96	2025-03-01	1396283
1114	Заповедник	1 247 372,0	100	97	+3	97	196180	-	"Зеленский у Трампа. Пара для Путина. США собирает долги – ""Заповедник"", выпуск 349"				1227754	Март 2025	97	2025-03-01	1247372
1115	РОЙ ТВ	1 229 430,0	89	98	-9	98	0	+1 000	Ю.Евич: о боях за Суджу без эйфории				1229430	Март 2025	98	2025-03-01	1229430
1116	Любовь Соболь	1 210 733,0	110	99	+11	99	759147	+3 000	История Солнцевской ОПГ. От подворотен до Госдумы				1134818	Март 2025	99	2025-03-01	1210733
1117	Адекватный Русский	1 187 591,0	126	100	+26	100	11875907	+3 000	—				0	Март 2025	100	2025-03-01	1187591
1118	Masyanya Kuvaeva	1 170 395,0	138	101	+37	101	4294	-	Масяня. Эпизод 180. Морковия				1169966	Март 2025	101	2025-03-01	1170395
1119	Простые числа	1 102 045,0	95	102	-7	102	8465	-	Европа готовится к войне с Россией // Олег Комолов. Числа недели				1101198	Март 2025	102	2025-03-01	1102045
1120	БАРМАЛЕЙКА	1 098 792,0	104	103	+1	103	0	-	Позор. Кадры с путиным в камуфляже оказались консервами/Меняю myжа на Мальдивы				1098792	Март 2025	103	2025-03-01	1098792
1121	kremlin	1 085 129,0	87	104	-17	104	0	+3 000	Заявления для прессы по итогам российско-таджикистанских переговоров				1085129	Март 2025	104	2025-03-01	1085129
1122	TV2media	1 033 159,0	88	105	-17	105	3936955	+6 000	"Боюсь, что почти победившую Украину могут ""слить"" // Сергей Гуляев"				639463	Март 2025	105	2025-03-01	1033159
1123	Владислав Жуковский	1 015 661,0	108	106	+2	106	1602	+1 000	Липсиц: ПУТИН БОИТСЯ ОБВАЛА? ЦБ ИСПУГАЛСЯ СНИЗИТЬ СТАВКУ? НАБИУЛЛИНУ ПОСАДЯТ? ДОЛЛАР 100 РУБ СКОРО!				1015501	Март 2025	106	2025-03-01	1015661
1124	Forbes	971 678,0	109	107	+2	107	425599	+5 000	«Я лезу, куда не надо». Бизнес по всему миру и спасение российского авиастроения. Александр Лебедев				929118	Март 2025	107	2025-03-01	971678
1125	Белковский	943 015,0	111	108	+3	108	493516	-	Белковский + Бунтман. 27 Марта 2025 @BelkovskiyS				893663	Март 2025	108	2025-03-01	943015
1126	Сергей Асланян	939 207,0	83	109	-26	109	3338	+2 000	СЕРГЕЙ АСЛАНЯН: СТРАШНЫЕ МИНУТЫ ДЛЯ ВСЕГО ЧЕЛОВЕЧЕСТВА | ТРАМП ПОЗВОНИЛ ПУТИНУ. ГЛАВНОЕ				938873	Март 2025	109	2025-03-01	939207
1127	Котрикадзе Дзядко	897 255,0	137	110	+27	110	0	+3 000	Итоги разговора Путина и Трампа: почему переговоры прошли неудачно - мнение Тихона Дзядко				897255	Март 2025	110	2025-03-01	897255
1128	Проект	891 458,0	122	111	+11	111	419520	-	Разбор «преступлений ВСУ» В Курской области | Проект.Детали				849506	Март 2025	111	2025-03-01	891458
1129	Объектив	883 904,0	113	112	+1	112	88	-	Разборки в Белом доме | Трамп и Зеленский: что будет с переговорами после перепалки				883895	Март 2025	112	2025-03-01	883904
1130	Крым.Реалии	872 559,0	114	113	+1	113	183789	+1 000	Вода уходит из Крыма, ожидают засуху. Как российские власти будут решать проблему? | Крым.Реалии ТВ				854180	Март 2025	113	2025-03-01	872559
1131	Andrei Illarionov (Андрей Илларионов)	852 201,0	136	114	+22	114	1084	+5 200	Можно ли победить в войне с Россией?				852093	Март 2025	114	2025-03-01	852201
1132	Радио Долин	850 409,0	116	115	+1	115	46038	+5 000	«Оскар»: что это было? Стрим с Антоном Долиным				845805	Март 2025	115	2025-03-01	850409
1133	Андрей Пионтковский	823 226,0	131	116	+15	116	3737	-	ПИОНТКОВСКИЙ, ЯКОВЕНКО: Перепалка ЗЕЛЕНСКОГО и ТРАМПА! США взорвались от реакции. ТАКОГО еще не было				822852	Март 2025	116	2025-03-01	823226
1134	Холод	774 864,0	147	117	+30	117	99357	+8 000	Как удалось найти убийцу Даны Ильиных | ХОЛОД.ТРУКРАЙМ				764928	Март 2025	117	2025-03-01	774864
1135	Алексей Навальный	774 441,0	57	118	-61	118	40530	-10 000	—				770388	Март 2025	118	2025-03-01	774441
1136	SVTV	769 130,0	127	119	+8	119	53109	-	СПЕЦИАЛЬНЫЙ ЭФИР: ВСТРЕЧА ЗЕЛЕНСКОГО И ТРАМПА В БЕЛОМ ДОМЕ // 1102 ДЕНЬ ВОЙНЫ				763819	Март 2025	119	2025-03-01	769130
1137	Набутовы	748 356,0	118	120	-2	120	32043	-	Переговоры о перемирии / Наброски #169				745152	Март 2025	120	2025-03-01	748356
1138	Пастуховская Кухня	724 628,0	115	121	-6	121	13135	+2 000	ФИАСКО В БЕЛОМ ДОМЕ. ВСТРЕЧА ЗЕЛЕНСКОГО И ТРАМПА. Пастуховская Кухня - Владимир Пастухов				723314	Март 2025	121	2025-03-01	724628
1139	7x7 Горизонтальная Россия	708 725,0	151	122	+29	122	469245	-	«Американские горки» российской экономики. Наталья Зубаревич | КАМИН				661800	Март 2025	122	2025-03-01	708725
1140	РОМБ	702 026,0	128	123	+5	123	536615	+4 000	ТЕЛЕГРАМ, ПЕТАРДА, СИЗО, ПСИХБОЛЬНИЦА. Как 14-летнюю девочку обвинили в подготовке атаки на школу				648364	Март 2025	123	2025-03-01	702026
1141	Ищем Выход	686 908,0	105	124	-19	124	57875	+1 000	Валерий Соловей: главное, чего боятся в Кремле				681120	Март 2025	124	2025-03-01	686908
1142	Ксения Ларина	678 112,0	119	125	-6	125	24705	+1 000	Михаил Ефремов, возвращение. Жизнь До и После / @xlarina				675641	Март 2025	125	2025-03-01	678112
1143	ОТДЕЛЬНАЯ ЦИВИЛИЗАЦИЯ	677 116,0	141	126	+15	126	3079	+1 000	КТО УПРАВЛЯЕТ МИРОМ?РЕПТИЛОИДЫ.ОПРОС 2025				676808	Март 2025	126	2025-03-01	677116
1144	Кавказ.Реалии	666 307,0	120	127	-7	127	597317	+1 000	Военные перебежчики из Чечни | ПОДКАСТ (№226)				606575	Март 2025	127	2025-03-01	666307
1145	CIT	639 093,0	140	128	+12	128	455	+1 400	День 1125. Удар по вертолётам в Белгородской области. Результаты переговоров				639047	Март 2025	128	2025-03-01	639093
1146	Oleg Kashin	628 323,0	129	129	-	129	44433	+900	ОН МОЖЕТ ВЕРНУТЬСЯ, КОГДА БУДЕТ ГОТОВ К МИРУ				623880	Март 2025	129	2025-03-01	628323
1147	Илья Яшин	585 896,0	78	130	-52	130	60889	-10 000	⚡️Спецрепортаж! Марш «Россия против Путина» в Берлине				579807	Март 2025	130	2025-03-01	585896
1148	Когнитивный надзор	567 235,0	107	131	-24	131	0	-	Разбор манипуляций на дебатах Каца и Жданова				567235	Март 2025	131	2025-03-01	567235
1149	Разворот	565 594,0	125	132	-7	132	11913	+1 700	РЗВРТ | Lilac Sofa Day. 3 часа эфира в честь 3 лёт в эфире | Антон Рубин и Даша Литвишко | 11.3.2025				564403	Март 2025	132	2025-03-01	565594
1150	Медиазона	564 938,0	123	133	-10	133	43135	+3 000	14-летнюю школьницу отправили сначала в СИЗО, а затем в психбольницу				560624	Март 2025	133	2025-03-01	564938
1151	Вестник Бури	555 414,0	121	134	-13	134	0	-	ПОЗОР/УСПЕХИ ЛЕВЫХ И ВОЙНА. От Гоблина, Стаса и КПРФ до Комолова, Ступина, Кагарлицкого и прочих				555414	Март 2025	134	2025-03-01	555414
1152	Кринж с Жуковой	554 021,0	145	135	+10	135	58943	+3 300	ГЛАВНЫЙ РЕД ФЛАГ: Алексей Воробьёв — из краша в кринж				548127	Март 2025	135	2025-03-01	554021
1153	Ростислав Мурзагулов	534 250,0	103	136	-33	136	2160381	+4 000	Путин снова хочет Киев за два дня, но его офицеры разбегаются. О главном - сегодня в 15 мск LIVE.				318212	Март 2025	136	2025-03-01	534250
1154	Как теперь / проект ОВД-Инфо	512 207,0	154	137	+17	137	7982	+2 000	Наталья Зубаревич: «Перед Россией вызревают новые проблемы» / «Как теперь»				511409	Март 2025	137	2025-03-01	512207
1155	Форум свободной России	492 947,0	163	138	+25	138	82699	+1 000	Спецэфир: Трамп слил Украину? Как скандал в Белом доме изменит мир | Гарри Каспаров				484677	Март 2025	138	2025-03-01	492947
1156	Это Осетинская!	478 439,0	149	139	+10	139	172802	-	“Мы живем в истории”. Баунов про авторитарный мир, и чего ждать от Трампа и Путина				461159	Март 2025	139	2025-03-01	478439
1157	Ян Матвеев	466 211,0	156	140	+16	140	1117619	+2 000	Стремительный прорыв в Курской области. ВСУ отступают к Судже. Освобождение Малой Локни и Мартыновки				354449	Март 2025	140	2025-03-01	466211
1158	ШАЦ	464 904,0	124	141	-17	141	1864321	+3 000	Лиза Монеточка & Витя Исаев | РАДИ ЧЕГО #7 | Шац, Оганисян				278472	Март 2025	141	2025-03-01	464904
1159	Роман Юнеман	455 730,0	130	142	-12	142	161598	+3 000	УКРАИНА ПОСЛЕ ВОЙНЫ. Зеленский уйдёт? Что с экономикой? А пророссийские партии будут?				439570	Март 2025	142	2025-03-01	455730
1160	Дмитрий Дёмушкин	454 252,0	133	143	-10	143	74	-	Трамп скандал! Мобилизация?. (Дмитрий Демушкин)				454245	Март 2025	143	2025-03-01	454252
1161	Антонов такой Антонов	447 213,0	157	144	+13	144	125970	-	Стать Z-военкором и заработать миллионы: инструкция				434616	Март 2025	144	2025-03-01	447213
1162	Убежище оппозиции	410 209,0	173	145	+28	145	3091	+1 000	Власть подготовила новую реформу! Не упадите со стула…				409900	Март 2025	145	2025-03-01	410209
1163	Политолог Аббас Галлямов	397 728,0	132	146	-14	146	43812	+1 700	Почему Путин кидается на соседей?				393347	Март 2025	146	2025-03-01	397728
1164	РАЗГОВОРНЫЙ ЖАНР	351 189,0	144	147	-3	147	4143	-1 000	Обзор на срач Трампа и Зеленского с Антоном Пикули				350775	Март 2025	147	2025-03-01	351189
1165	DOXA | ДОКСА	342 445,0	171	148	+23	148	422658	+3 000	Феминизм в России 2025. Кому он нужен?				300179	Март 2025	148	2025-03-01	342445
1166	Утро Февраля	326 038,0	164	149	+15	149	6992	+2 000	ПОЧЕМУ ЭТО ДОЛЖНЫ УВИДЕТЬ НА ЗАПАДЕ? РОМАНОВА & ДАВЛЯТЧИН & ПОПКОВ				325339	Март 2025	149	2025-03-01	326038
1167	Гроза / Николай Росов	319 317,0	172	150	+22	150	2336	-	Что будет дальше? Переговоры Путина и Трампа уже скоро - Валерий Соловей*				319083	Март 2025	150	2025-03-01	319317
1168	Zakhar Artemiev	319 299,0	153	151	+2	151	3126	-	Цыганские бароны продают дома, Коркино. Бананы 212₽, ляп Дюжева. США зовут РФ от Китая				318986	Март 2025	151	2025-03-01	319299
1169	Сергей Бойко	308 722,0	142	152	-10	152	6022	+1 000	Telegram заблокируют в апреле? Как готовиться.				308120	Март 2025	152	2025-03-01	308722
1170	MRR — My Russian Rights	307 489,0	150	153	-3	153	1522226	+4 000	Прекращение вербовки в зонах России и увеличение количества преступлений.				155266	Март 2025	153	2025-03-01	307489
1171	Семён Кочкин	306 478,0	197	154	+43	154	115187	+1 800	Война по блату: как мажоры и чиновники становятся «героями»				294959	Март 2025	154	2025-03-01	306478
1172	Yevgenia Albats	298 952,0	168	155	+13	155	2205	-	Михаил Ходорковский о треугольнике Россия—США—Украина// Полный Альбац				298731	Март 2025	155	2025-03-01	298952
1173	Юзефович	294 739,0	152	156	-4	156	47811	+2 000	«Юзефович» рекомендует. Книги, чтобы не сойти с ума от новостей				289958	Март 2025	156	2025-03-01	294739
1174	Подкаст Лазерсон	272 246,0	160	157	+3	157	0	-	США vs Россия: Кто виноват в вечном противостоянии? Экономист Сергей Алексашенко* | Лиза Лазерсон				272246	Март 2025	157	2025-03-01	272246
1175	Первый отдел	238 968,0	146	158	-12	158	11049	+2 000	—				237863	Март 2025	158	2025-03-01	238968
1176	Фёдор Крашенинников	225 925,0	143	159	-16	159	15739	+400	Что ждет Европу, Украину, Россию и США: обзор текущих событий I Фёдор Крашенинников ON AIR				224351	Март 2025	159	2025-03-01	225925
1177	Радио Свобода Live	211 099,0	169	160	+9	160	19	+400	Путин, Трамп и конец войны в Украине: что сообщил Уиткофф? | Весь эфир				211097	Март 2025	160	2025-03-01	211099
1178	Lazarevatut	210 682,0	175	161	+14	161	18889	+2 000	«Мама, а куда мы дальше поедем?». О феминизме и эмиграции. Екатерина Котрикадзе | Татьяна Лазарева				208793	Март 2025	161	2025-03-01	210682
1179	Рабкор	208 782,0	174	162	+12	162	882	-	Задержание мэра Стамбула, оппозиция в Турции, политические протесты / Руслан Сулейманов				208694	Март 2025	162	2025-03-01	208782
1180	Сергей Смирнов	189 608,0	162	163	-1	163	1200	+1 000	Как Путин ответит на призыв к перемирию. Политическая журналистка Фарида Рустамова о логике Кремля				189488	Март 2025	163	2025-03-01	189608
1181	ШЕПЕЛИН	188 940,0	179	164	+15	164	629	-	Из-за жадности и ревности Соловьев обидел кадыровцев, пришлось извиняться | Победила Жаба или Гадюка				188877	Март 2025	164	2025-03-01	188940
1182	вДудь Shorts	174 702,0	139	165	-26	165	1422305	-	—				32471	Март 2025	165	2025-03-01	174702
1183	Майор в отставке	170 139,0	166	166	-	166	11934	+800	Послание силовикам				168946	Март 2025	166	2025-03-01	170139
1184	Страна и мир	165 808,0	177	167	+10	167	11716	+400	Рогов о главном: переговоры в тупике, Европа не справляется, Путин 25 лет у власти				164636	Март 2025	167	2025-03-01	165808
1185	Varlamov Talks	163 440,0	148	168	-20	168	0	-1 000	Каста без границ: Шым о Португалии и творческой свободе | Интервью Ильи Варламова				163440	Март 2025	168	2025-03-01	163440
1186	ЗЫГАРЬ	160 557,0	165	169	-4	169	18542	-	Ссора с Трампом не была шоком для окружения Зеленского				158703	Март 2025	169	2025-03-01	160557
1187	Votvot	159 416,0	155	170	-15	170	17338	+1 000	Музыканты и китайская цензура | Музыка, которую нельзя				157682	Март 2025	170	2025-03-01	159416
1188	Быть Или	146 716,0	134	171	-37	171	0	-	—				146716	Март 2025	171	2025-03-01	146716
1189	Sergey Aleksashenko	142 735,0	161	172	-11	172	404	-1 000	В Кремле создан вечный двигатель. Банк России путается в показаниях @theinsiderlive				142695	Март 2025	172	2025-03-01	142735
1190	Сергей Пархоменко	135 381,0	176	173	+3	173	57	-	Особое мнение @zhivoygvozd 05.03.2025				135375	Март 2025	173	2025-03-01	135381
1191	Карен Шаинян	107 825,0	186	174	+12	174	76895	-1 000	Слава и травля: жизнь гея в современной российской школе				100135	Март 2025	174	2025-03-01	107825
1192	Пикули	102 862,0	159	175	-16	175	2691	-	—				102593	Март 2025	175	2025-03-01	102862
1193	MOUNT SHOW	102 257,0	204	176	+28	176	17669	-	—				100490	Март 2025	176	2025-03-01	102257
1194	ИГОРЬ ЛИПСИЦ: ПРО ЭКОНОМИКУ И МАРКЕТИНГ	96 653,0	228	177	+51	177	0	+1 200	"ЛИПСИЦ: ИНТЕРВЬЮ ДЛЯ ПРОГРАММЫ ""ЧЕСТНОЕ СЛОВО"" 26.03.2025"				96653	Март 2025	177	2025-03-01	96653
1195	RusNews	93 732,0	158	178	-20	178	104491	-	⭕️ Теракт в Крокусе. Открытие мемориала | Москва				83283	Март 2025	178	2025-03-01	93732
1196	Реалии	92 384,0	180	179	+1	179	336555	-	Как вторжение в Украину изменило Россию? Итоги трех лет войны				58728	Март 2025	179	2025-03-01	92384
1197	Татьяна Фельгенгауэр	83 371,0	184	180	+4	180	1785	-	Таня Ф.: семейный стрим про жизнь / Рома рассказывает Тане новости // 26.3.25				83192	Март 2025	180	2025-03-01	83371
1198	ГражданинЪ TV	75 537,0	183	181	+2	181	1101	-200	Европа готовится к войне. Украина теряет фронт. Зеленский ищет дорогу к Трампу / Шлосберг Weekly				75427	Март 2025	181	2025-03-01	75537
1199	Ворнадзор	74 181,0	190	182	+8	182	3460	+300	Провокации ФСБ, бродячие собаки и универсальные чиновники | А что там в Воронеже?				73835	Март 2025	182	2025-03-01	74181
1200	Открытые медиа	63 746,0	187	183	+4	183	957	-	—				63650	Март 2025	183	2025-03-01	63746
1201	Евгений Трикоз	63 455,0	167	184	-17	184	501615	-1 000	—				13293	Март 2025	184	2025-03-01	63455
1202	Nовые Куклы	61 013,0	185	185	-	185	22459	-	—				58767	Март 2025	185	2025-03-01	61013
1203	Транзит	59 792,0	181	186	-5	186	218961	+400	Борьба с пособниками режима vs охота на ведьм | Илья Шуманов | Диалоги с Миловым				37896	Март 2025	186	2025-03-01	59792
1204	Губин ON AIR	56 491,0	195	187	+8	187	0	+100	"Про Пугачеву, Латынину и ""доставших леваков"" ""Губин ON AIR"" 21.03.2025"				56491	Март 2025	187	2025-03-01	56491
1205	Дозор в Волгограде	55 412,0	194	188	+6	188	18827	+200	Каких «героев СВО» посадят в Госдуму? Слитый план Кремля				53529	Март 2025	188	2025-03-01	55412
1206	SOTA	53 716,0	170	189	-19	189	2033	+200	Фрияшинг в Берлине: весна, РДК, триколор				53513	Март 2025	189	2025-03-01	53716
1207	Whalesplaining	48 656,0	191	190	+1	190	0	-	—				48656	Март 2025	190	2025-03-01	48656
1208	Movchans	45 951,0	192	191	+1	191	508	-	Чего ждать от политики США? Коррекция Фондового рынка. Обзор макроэкономической ситуации. Март 2025				45900	Март 2025	191	2025-03-01	45951
1209	FURYDROPS. Блог Григория Баженова об экономике.	45 478,0	198	192	+6	192	631	-200	Русский прожекторрайнгослинг: Баженов и Тополев обсуждают экономику России				45415	Март 2025	192	2025-03-01	45478
1210	Псковская Губерния	44 101,0	206	193	+13	193	801	+420	СТРАНЫ БАЛТИИ и РОССИЯ: РЕАЛЬНА ЛИ УГРОЗА ВТОРЖЕНИЯ?				44021	Март 2025	193	2025-03-01	44101
1211	Трудовая Россия	37 078,0	201	194	+7	194	2332	-	ПЕРВЫЙ БОЙ. 23 февраля 1992 года - ОМОН разогнал демонстрацию ветеранов и коммунистов в Москве				36845	Март 2025	194	2025-03-01	37078
1212	Богатый регион	29 773,0	182	195	-13	195	23250	-	"Вернулись с фронта, но продолжили воевать. Как ""ветераны СВО"" убивают тюменцев."				27448	Март 2025	195	2025-03-01	29773
1213	Красный поворот	26 691,0	188	196	-8	196	2388	-	Провальная сделка. Придворные писатели. Угольные войны. Стрим/С.Крупенько, Д.Черный, С.Шереметьев				26452	Март 2025	196	2025-03-01	26691
1214	Говорящие Головы	25 056,0	193	197	-4	197	94535	-	—				15602	Март 2025	197	2025-03-01	25056
1215	ZIMA MAGAZINE	23 881,0	178	198	-20	198	62	-100	—				23875	Март 2025	198	2025-03-01	23881
1216	Пермь 36,6	23 022,0	196	199	-3	199	4991	-	Колония, в которой сидит самый молодой политзэк России				22523	Март 2025	199	2025-03-01	23022
1217	nixelpixel	21 872,0	199	200	-1	200	98	-	—				21862	Март 2025	200	2025-03-01	21872
1218	Anna Zueva	20 535,0	202	201	+1	201	30108	-	Отвечаю на комментарии, которые оставили подписчики под видео про бурятский язык.				17524	Март 2025	201	2025-03-01	20535
1219	Омское Гражданское Объединение	15 958,0	217	202	+15	202	17691	+100	10 причин почему Путин не хочет СВОрачивать				14189	Март 2025	202	2025-03-01	15958
1220	НЕОРУЭЛЛ	14 734,0	203	203	-	203	1577	-	—				14576	Март 2025	203	2025-03-01	14734
1221	Хроники.Медиа	12 635,0	221	204	+17	204	73356	-100	—				5299	Март 2025	204	2025-03-01	12635
1222	Виктор Шендерович	11 256,0	205	205	-	205	15543	-1 000	—				9702	Март 2025	205	2025-03-01	11256
1223	Дарья Беседина	10 496,0	211	206	+5	206	0	-100	Платный проезд в Москве. Причём тут Трамп? | Дарья Беседина				10496	Март 2025	206	2025-03-01	10496
1224	Депутат Елена Шувалова	10 486,0	208	207	+1	207	913	-100	О выборах в Абхазии				10395	Март 2025	207	2025-03-01	10486
1225	Голос. За честные выборы	10 021,0	212	208	+4	208	1430	-	Муниципальная реформа / Екатерина Шульман, Станислав Андрейчук				9878	Март 2025	208	2025-03-01	10021
1226	Леонид Волков	7 187,0	210	209	+1	209	131	-1 000	—				7174	Март 2025	209	2025-03-01	7187
1227	Ольга Цуканова🔴Общественный деятель	6 618,0	189	210	-21	210	1227	-200	—				6495	Март 2025	210	2025-03-01	6618
1228	Маша Борзунова	6 015,0	207	211	-4	211	895	-1 000	—				5925	Март 2025	211	2025-03-01	6015
1229	Фарида Курбангалеева	4 946,0	200	212	-12	212	0	-500	—				4946	Март 2025	212	2025-03-01	4946
1230	Фактор	4 216,0	220	213	+7	213	0	-	—				4216	Март 2025	213	2025-03-01	4216
1231	Екатерина Дунцова	2 959,0	222	214	+8	214	355	-700	Люди, которым не всё равно | Фильм о помощи жителям курского приграничья				2923	Март 2025	214	2025-03-01	2959
1232	Сергей Гуриев	2 906,0	216	215	+1	215	0	-1 000	—				2906	Март 2025	215	2025-03-01	2906
1233	Удмуртия против коррупции	2 680,0	213	216	-3	216	3301	-	НОВАЯ Правда об Удмуртии - митинг в Ижевске, молебен против абортов, Бречалов дарит землю единороссу				2350	Март 2025	216	2025-03-01	2680
1234	Левый Фронт	2 445,0	219	217	+2	217	0	-	—				2445	Март 2025	217	2025-03-01	2445
1235	Аполитичность губит	2 283,0	223	218	+5	218	49	-100	Демидовка под контролем ВСУ. Бои в Белгородской области | Шо за новости				2278	Март 2025	218	2025-03-01	2283
1236	Юлия Галямина	1 951,0	215	219	-4	219	183	-100	"Мир для людей| Юлия Галямина, Екатерина Дунцова, Василий Жарков, Сергей Росс | СТРИМ ""Мягко говоря"""				1933	Март 2025	219	2025-03-01	1951
1237	ЦУРреализм	1 381,0	218	220	-2	220	0	0	—				1381	Март 2025	220	2025-03-01	1381
1238	Борис Надеждин	1 087,0	209	221	-12	221	344	-1000	—				1053	Март 2025	221	2025-03-01	1087
1239	Идите лесом	1 006,0	214	222	-8	222	2137	30	—				792	Март 2025	222	2025-03-01	1006
1240	Эльвира Вихарева	797,0	224	223	+1	223	0	-300	—				797	Март 2025	223	2025-03-01	797
1241	Дмитрий Гудков	510,0	227	224	+3	224	52	-200	—				505	Март 2025	224	2025-03-01	510
1242	Андрей Пивоваров	465,0	226	225	+1	225	30	0	—				462	Март 2025	225	2025-03-01	465
1243	Партия «Рассвет»	276,0	225	226	-1	226	11	0	Люди, которым не всё равно | Фильм партии ‭«Рассвет»				275	Март 2025	226	2025-03-01	276
1244						227								Март 2025	227	2025-03-01	
1245						228								Март 2025	228	2025-03-01	
1246	NEXTA Live	63 133 136,00	1	1	-	1	41423565	+90 000	Стрельба в Офисе президента / Покушение на Зеленского				58990779	Февраль 2025	1	2025-02-01	63133136
1247	Телеканал Дождь	42 235 836,0	2	2	-	2	23582745	+20 000	«Вы имеете дело с бандитом»: Ходорковский — о связях Трампа с Путиным и будущем мирных переговоров				39877561	Февраль 2025	2	2025-02-01	42235836
1248	Ходорковский LIVE	37 617 851,0	4	3	+1	3	49858518	+40 000	Кадыров теряет власть и уезжает. Кто его заменит и какие богатства накопила семья / МОЖЕМ ОБЪЯСНИТЬ				32631999	Февраль 2025	3	2025-02-01	37617851
1249	Анатолий Шарий	35 641 968,0	5	4	+1	4	124795	+20 000	Оглушительное кукареканье. «Мы в гов*е»				35629488	Февраль 2025	4	2025-02-01	35641968
1250	Майкл Наки	31 528 479,0	3	5	-2	5	12291	+10 000	ВОЛНА КОРПОРАТИВНЫХ БАНКРОТСТВ / ПУТИН «ЗАДУШИЛ» НАБИУЛЛИНУ / ЦМАКП БЬЁТ ТРЕВОГУ. Милов об экономике				31527250	Февраль 2025	5	2025-02-01	31528479
1251	Дмитрий Гордон	26 361 092,0	8	6	+2	6	7977367	+30 000	Наступление ВСУ под Курском, смерть Лукашенко, Трамп припер Путина к стенке – топ-аналитик Демченко				25563355	Февраль 2025	6	2025-02-01	26361092
1252	varlamov	26 090 549,0	6	7	-1	7	0	+20 000	Инфоцыгане: от марафона желаний до марафона кредитов | Маркарян, Блиновская, разоблачение				26090549	Февраль 2025	7	2025-02-01	26090549
1253	Максим Кац	25 178 657,0	7	8	-1	8	2325	-	Ответ ФБК | И о новой политике Трампа (English subtitles) @Max_Katz				25178424	Февраль 2025	8	2025-02-01	25178657
1254	DW на русском	22 049 506,0	9	9	-	9	3158790	+20 000	Массовое убийство в Эребру погрузило Швецию в глубокий шок				21733627	Февраль 2025	9	2025-02-01	22049506
1255	Популярная политика	21 761 879,0	12	10	+2	10	50748161	+40 000	Подруга Путиной была убита. Подробности				16687063	Февраль 2025	10	2025-02-01	21761879
1256	И Грянул Грэм	19 871 165,0	11	11	-	11	126290	+20 000	"ГУДКОВ: ""Последствия звонка будут чудовищные, ЗНАЮ – Путин и Трамп не сошлись в одном"""				19858536	Февраль 2025	11	2025-02-01	19871165
1257	Обманутый Россиянин	19 231 476,0	10	12	-2	12	0	+10 000	Еще раз спрашиваю: куда новая ракета попала?! ЧЕГО МОЛЧИТЕ?!				19231476	Февраль 2025	12	2025-02-01	19231476
1258	МИНАЕВ LIVE	19 069 871,0	16	13	+3	13	0	+50 000	ЗАЧЕМ ТРАМПУ ГРЕНЛАНДИЯ? / Уроки истории @MINAEVLIVE				19069871	Февраль 2025	13	2025-02-01	19069871
1259	The Breakfast Show	18 329 289,0	15	14	+1	14	2569590	+20 000	Олег Тиньков о Трампе, Маске, Путине и Набиуллиной. Новое интервью.				18072330	Февраль 2025	14	2025-02-01	18329289
1260	Антон Хардин	15 897 853,0	14	15	-1	15	70364	+10 000	Известный артист Михаил Галустян - всё, попал! Шутки закончились, понять и простить не получится!				15890817	Февраль 2025	15	2025-02-01	15897853
1261	Alexey Arestovych	15 880 888,0	21	16	+5	16	7365520	+20 000	Арестович: Окончание войны будет страшным. Сбор для военных👇				15144336	Февраль 2025	16	2025-02-01	15880888
1262	Юрий Швец -- официальный канал	15 487 634,0	17	17	-	17	345364	+20 000	Важно! Тайный сговор Трампа и Путина вскрылся / Европа в ужасе /№901/ Юрий Швец				15453098	Февраль 2025	17	2025-02-01	15487634
1263	Роман Цимбалюк	14 377 678,0	23	18	+5	18	415513	+10 000	ПАБЕДИЛИ ВСЕХ: Путин передаёт американцам богатства Донбасса!				14336127	Февраль 2025	18	2025-02-01	14377678
1264	Редакция	12 312 458,0	22	19	+3	19	3883	-	Редакция. News: 154-я неделя				12312070	Февраль 2025	19	2025-02-01	12312458
1265	вДудь	11 966 221,0	25	20	+5	20	0	-	Потап – война, хейт, Настя, новая жизнь / вДудь				11966221	Февраль 2025	20	2025-02-01	11966221
1266	Голос Америки	11 873 684,0	26	21	+5	21	1880630	+36 000	Пресс-конференция Дональда Трампа и Эммануэля Макрона. ПРЯМОЙ ЭФИР				11685621	Февраль 2025	21	2025-02-01	11873684
1267	Euronews по-русски	11 812 870,0	13	22	-9	22	3316	-	Новости дня | 4 февраля — вечерний выпуск				11812538	Февраль 2025	22	2025-02-01	11812870
1268	ФЕЙГИН LIVE	11 674 403,0	28	23	+5	23	2440	-10 000	ИГРА В ПОДДАВКИ. БЕСЕДА С ВИТАЛИЙ ПОРТНИКОВ @portnikov.argumenty				11674159	Февраль 2025	23	2025-02-01	11674403
1269	ВОТ ТАК	11 565 821,0	20	24	-4	24	2238681	+10 000	"❗Покушение на Зеленского: подробности. США: ""Украина в НАТО – нереалистично"" / Выпуск новостей"				11341953	Февраль 2025	24	2025-02-01	11565821
1270	Настоящее Время	11 350 063,0	31	25	+6	25	1218980	-	Что произошло на встрече Зеленского и спецпосланника Трампа. Продолжат ли США помогать Киеву | ВЕЧЕР				11228165	Февраль 2025	25	2025-02-01	11350063
1271	Настоящее Время. Док	10 838 621,0	18	26	-8	26	6560814	+20 000	Горбачев и Путин. Фильмы Виталия Манского				10182540	Февраль 2025	26	2025-02-01	10838621
1272	Ivan Yakovina	10 262 585,0	30	27	+3	27	3014554	+20 000	ВС РФ под Покровском погибают без снабжения | Украинские дроны полностью контролируют небо				9961130	Февраль 2025	27	2025-02-01	10262585
1273	Александр Невзоров	9 806 276,0	24	28	-4	28	2053077	-	Нет худа без добра. КГБшный компромат. Mарс и Энгельс. ЕС готова порвать с США. Война миров.				9600968	Февраль 2025	28	2025-02-01	9806276
1274	BBC News - Русская служба	9 726 153,0	19	29	-10	29	1633459	+20 000	Тупик в воздухе: почему авиация не решит исход войны? | Военное время				9562807	Февраль 2025	29	2025-02-01	9726153
1275	Живой Гвоздь	8 795 539,0	27	30	-3	30	32530	-	Гибель криминального авторитета в Москве. Чего Москва ждёт от Трампа? Шевченко: Особое мнение				8792286	Февраль 2025	30	2025-02-01	8795539
1276	Послезавтра	8 627 059,0	37	31	+6	31	33102159	+30 000	Чей Казахстан? @posle_zavtra				5316843	Февраль 2025	31	2025-02-01	8627059
1277	Радио Свобода	8 207 057,0	35	32	+3	32	20475141	+20 000	НОВОСТИ: Конференция в Мюнхене: чего ждать. Удар по Чернобыльской АЭС. Укрепление рубля				6159543	Февраль 2025	32	2025-02-01	8207057
1278	Сергей Ауслендер	8 102 166,0	33	33	-	33	354747	+9 000	Почему РФ не победит в войне с Украиной. Интервью с военным экспертом Яном Матвеевым от 14.02.2025				8066691	Февраль 2025	33	2025-02-01	8102166
1279	Навальный LIVE	8 069 785,0	34	34	-	34	8209871	+10 000	Криминал и тайная жизнь главного следователя России. Как живет друг Путина Александр Бастрыкин				7248798	Февраль 2025	34	2025-02-01	8069785
1280	RTVI Новости	7 801 098,0	46	35	+11	35	76657	+10 000	У Украины «нет шансов». ВСУ в Курской области. Могут ли США переломить ход конфликта? / Ширяев				7793432	Февраль 2025	35	2025-02-01	7801098
1281	ШАРФ	7 161 689,0	32	36	-4	36	3171	+10 000	Вот что сегодня показали на первом канале! Дрожит тело от таких вестей				7161372	Февраль 2025	36	2025-02-01	7161689
1282	Осторожно: Собчак	6 852 533,0	40	37	+3	37	4837624	+10 000	Переговоры в Эр-Рияде, Трамп атакует Зеленского, кто такой Кирилл Дмитриев. Большой разбор новостей				6368771	Февраль 2025	37	2025-02-01	6852533
1283	Denis Kazanskyi	6 528 229,0	29	38	-9	38	3078	+4 000	"""Если все так хорошо почему мы не можем победить Украину 3 года?"" Скандальный эфир на Первом канале"				6527921	Февраль 2025	38	2025-02-01	6528229
1284	Volodymyr Zolkin	6 514 064,0	36	39	-3	39	13426572	+10 000	❗️ПОШЕЛ НА СВО, ЧТОБЫ ПОПАСТЬ В ЛСР / КАК ВСУ МЕНЯЕТ РОССИЯН / ИНТЕРВЬЮ ЗОЛКИНА С ЛСР				5171407	Февраль 2025	39	2025-02-01	6514064
1285	Юрий ВЕЛИКИЙ	6 242 431,0	49	40	+9	40	2523218	-	ПОТАП у Дудя: про ТеррОборону, Зеленского и Женьку ЛОПЕС 😁 [Пародия]				5990109	Февраль 2025	40	2025-02-01	6242431
1286	Комсомольская Правда	6 007 517,0	54	41	+13	41	5420471	+10 000	🔴Пресс-подход Сергея Лаврова после переговоров России и США: прямая трансляция				5465470	Февраль 2025	41	2025-02-01	6007517
1287	Продолжение следует	5 500 867,0	38	42	-4	42	5649764	+10 000	Из Хабенского вынули позвоночник, Безруков и Машков нагнулись сами | Разборы				4935891	Февраль 2025	42	2025-02-01	5500867
1288	Портников. Аргументы	5 052 993,0	51	43	+8	43	334035	+10 000	Путин отменяет переговоры | Виталий Портников				5019589	Февраль 2025	43	2025-02-01	5052993
1289	А поговорить?	4 876 231,0	42	44	-2	44	1295568	+10 000	Главные мифы об Украине. Выпуск, который не понравится всем				4746674	Февраль 2025	44	2025-02-01	4876231
1290	Павел Иванов	4 866 248,0	44	45	-1	45	29375	+9 000	⚡️Срочно! Трамп, Путин и Си принуждают к миру! Татьяна Монтян				4863310	Февраль 2025	45	2025-02-01	4866248
1291	Константин Сёмин	4 632 797,0	48	46	+2	46	264231	+2 000	Жесткий торг, Парень из Баку, Внучка расчленила? // Галопом по Европам #1342				4606374	Февраль 2025	46	2025-02-01	4632797
1292	Евгений Киселёв	4 291 506,0	41	47	-6	47	0	+5 000	💥КРУТИХИН: Трамп ОТМЕНИТ СДЕЛКУ С ПУТИНЫМ. Вместо мира - ВОЕННЫЙ РАЗГРОМ РФ? С ВСУ снимают запреты				4291506	Февраль 2025	47	2025-02-01	4291506
1293	Руслан Усачев	4 111 559,0	108	48	+60	48	2046	-	Трамп бросил Зеленского // Какие бренды вернутся // Логан Пол против Месси				4111354	Февраль 2025	48	2025-02-01	4111559
1294	ПАНЧЕНКО	4 076 235,0	45	49	-4	49	5484061	+20 000	ЧТО ПУТИН ДЕЛАЕТ В АБХАЗИИ? | #ВзглядПанченко				3527829	Февраль 2025	49	2025-02-01	4076235
1295	ИГОРЬ ЛИПСИЦ	3 926 557,0	70	50	+20	50	0	+13 000	ЗАЧЕМ РУКОВОДСТВУ РОССИИ ПОНАДОБИЛАСЬ «СПЕЦОПЕРАЦИЯ»? ВЗГЛЯД ЭКОНОМИСТА. ЛЕКЦИЯ 1 (04.2022)				3926557	Февраль 2025	50	2025-02-01	3926557
1296	Meduza	3 711 621,0	50	51	-1	51	52717	+2 000	Битва за центр Донбасса. Наступление на Покровск. Видеосводка				3706349	Февраль 2025	51	2025-02-01	3711621
1297	Newsader	3 620 150,0	43	52	-9	52	214	-	Су-57: Россия опозорилась на авиашоу в Индии				3620129	Февраль 2025	52	2025-02-01	3620150
1298	Скажи Гордеевой	3 530 900,0	67	53	+14	53	2772815	+30 000	Александр Феклистов: «Мы проиграли эту битву» // «Скажи Гордеевой»				3253618	Февраль 2025	53	2025-02-01	3530900
1299	Клим Жуков	3 468 068,0	59	54	+5	54	1077664	+7 000	Ютуб всё, да здравствует что?				3360302	Февраль 2025	54	2025-02-01	3468068
1300	The Люди	3 388 752,0	52	55	-3	55	0	-	Жесть в Самаре: Внучка расчл***ла деда и разбросала по мусоркам / Семья бывшего мэра @anton_lyadov				3388752	Февраль 2025	55	2025-02-01	3388752
1301	ЖестЬ Доброй Воли	3 386 058,0	39	56	-17	56	7212306	+12 000	КАДЫРОВ попал в ПЛЕН @ЖестЬДобройВоли #пародия #кадыров #рамзанкадыров				2664827	Февраль 2025	56	2025-02-01	3386058
1302	Алексей Навальный	3 382 529,0	66	57	+9	57	347956	-20 000	Год без Навального				3347733	Февраль 2025	57	2025-02-01	3382529
1303	Дневник Депутата	3 303 291,0	62	58	+4	58	14574	+10 000	Новые штрафы для Россиян. Как власти до такого додумались?				3301834	Февраль 2025	58	2025-02-01	3303291
1304	varlamov moments	3 199 548,0	64	59	+5	59	127907	+11 000	Бетонный АД Питера: Рай для кошелька или Бездна для жизни? | Россия, СПб, новостройки				3186757	Февраль 2025	59	2025-02-01	3199548
1305	Tamara Eidelman	3 182 141,0	47	60	-13	60	2247058	+10 000	Оруэлл, который всё про нас знал				2957435	Февраль 2025	60	2025-02-01	3182141
1306	Максим Шевченко	3 125 321,0	90	61	+29	61	57842	+7 000	Украина: в чем первопричины конфликта? Трамп поговорил с Путиным и Зеленским. 12.02.2025				3119537	Февраль 2025	61	2025-02-01	3125321
1307	НЕ МОЛЧУ	3 084 469,0	80	62	+18	62	19141315	+9 000	Меня Второй раз ВЫГНАЛИ из РОССИИ - Юрий Шевчук				1170337	Февраль 2025	62	2025-02-01	3084469
1308	Игорь Яковенко	3 007 866,0	63	63	-	63	696	+3 000	УЖЕ НЕ ТРАМП, А США И НЕ ПРОТИВ ЗЕЛЕНСКОГО, А ПРОТИВ УКРАИНЫ				3007796	Февраль 2025	63	2025-02-01	3007866
1309	Валерий Соловей	2 936 259,0	60	64	-4	64	0	+1 000	Кто что получает и что теряет: итоги встречи в СА. Что происходит. Вып.171-й, внеочередной				2936259	Февраль 2025	64	2025-02-01	2936259
1310	The Insider	2 858 296,0	111	65	+46	65	151182	+13 000	«Ад для женщин». Что происходит в женских колониях в Мордовии				2843178	Февраль 2025	65	2025-02-01	2858296
1311	Yulia Latynina	2 830 969,0	71	66	+5	66	15704	-3 000	Алексей Арестович. Перепалка Зеленского и Трампа. Мир радикально изменится.				2829399	Февраль 2025	66	2025-02-01	2830969
1312	Настоящее Время. Сюжеты	2 816 141,0	55	67	-12	67	1364976	+8 000	Итоги переговоров России и США: чем закончилась встреча Лаврова и Рубио в Саудовской Аравии				2679643	Февраль 2025	67	2025-02-01	2816141
1313	Екатерина Шульман	2 801 678,0	61	68	-7	68	5045	-	Разрядка. Конец войне? Статус S08E24				2801173	Февраль 2025	68	2025-02-01	2801678
1314	Mark Solonin	2 693 335,0	68	69	-1	69	0	+3 000	Мир через жопу. Размышлизм про Трампа и Украину				2693335	Февраль 2025	69	2025-02-01	2693335
1315	Александр Балу	2 583 039,0	57	70	-13	70	0	-	СОЛОВЬИНЫЙ ПОМЕТ№359/НИКАКИХ ДИСКОТЕК; ПЕРЕИМЕНУЕМ ОКЕАН; ВОТ ТАК ВЫБОРЫ; ЛОСОСЬ НА ЛИЦО ДЛЯ КРАСОТЫ				2583039	Февраль 2025	70	2025-02-01	2583039
1316	Дмитрий ПОТАПЕНКО	2 501 274,0	53	71	-18	71	268	-	Нас ждёт весёлая весна.. Ослабление доллара, позиция Трампа, инфляция || Дмитрий Потапенко* и Ян Арт				2501247	Февраль 2025	71	2025-02-01	2501274
1317	Александр Штефанов	2 445 450,0	73	72	+1	72	12367	+8 000	Туманное будущее войны в Украине				2444213	Февраль 2025	72	2025-02-01	2445450
1318	Михаил Ходорковский	2 433 549,0	76	73	+3	73	463349	+10 000	Мирные переговоры: почему Путин готов остановить войну и пойти на сделку с Трампом				2387214	Февраль 2025	73	2025-02-01	2433549
1319	Евгений Чичваркин	2 296 365,0	92	74	+18	74	1608666	+6 000	Карма ПРИЛЕТЕЛА: Симоньян ВСЕ! Чичваркин: Все держится на страхе!				2135498	Февраль 2025	74	2025-02-01	2296365
1320	Новости СВЕРХДЕРЖАВЫ	2 240 249,0	65	75	-10	75	1081	-	Скандал в студии у Скабеевой и трибунал для Путина				2240141	Февраль 2025	75	2025-02-01	2240249
1321	Dmitry Kolezev	2 239 508,0	69	76	-7	76	106430	+7 000	Что ждет Россию, когда «ветераны СВО» вернутся с войны | Угрозы, ПТСР и опыт прошлого				2228865	Февраль 2025	76	2025-02-01	2239508
1322	sotavision	2 074 570,0	79	77	+2	77	1518904	+4 000	Фургал: Дело против народа				1922680	Февраль 2025	77	2025-02-01	2074570
1323	Илья Яшин	1 984 276,0	102	78	+24	78	158569	-	Трюк Путина💲Найден самый крупный спонсор войны с Украиной				1968419	Февраль 2025	78	2025-02-01	1984276
1324	Евгений Ступин	1 927 343,0	58	79	-21	79	1160318	+4 000	СВО:с палками и в цепях на штурм. А что с обещанными миллионами? Мать инвалида прогнула чинуш				1811311	Февраль 2025	79	2025-02-01	1927343
1325	NoFake	1 917 381,0	56	80	-24	80	11775209	+14 000	"Путин на шоу ""Давай поженимся!"""				739860	Февраль 2025	80	2025-02-01	1917381
1326	BILD на русском	1 860 550,0	74	81	-7	81	106881	+2 000	Илья Новиков: новая политика США, прекращение огня, санкции против Порошенко и иск против Зеленского				1849862	Февраль 2025	81	2025-02-01	1860550
1327	Новая газета Европа	1 697 711,0	82	82	-	82	676704	+2 000	«Зачем вы врали про добро и зло?» Когда мы окажемся в метро? Где учить питон? / Дмитрий Глуховский				1630041	Февраль 2025	82	2025-02-01	1697711
1328	Сергей Асланян	1 591 208,0	86	83	+3	83	3494	+5 000	СЕРГЕЙ АСЛАНЯН:❗️ ДОКАЗАНО❗️ЦАРЬ НЕ НАСТОЯЩИЙ |ЧТО БУДЕТ КОГДА УМРЕТ ПУТИН❓ДВОЙНИКИ ВОЖДЕЙ В РОССИИ				1590859	Февраль 2025	83	2025-02-01	1591208
1329	Бондаренко LIVE	1 517 018,0	123	84	+39	84	0	+3 000	Набиуллина ТОЧНО говорит правду про заморозку вкладов россиян. Верим?				1517018	Февраль 2025	84	2025-02-01	1517018
1330	Радио Свобода. Новости	1 497 684,0	78	85	-7	85	1218405	-	"В Москве погиб основатель батальона ""Арбат"" Саркисян. Удар по Судже. Трамп и торговая война НОВОСТИ"				1375843	Февраль 2025	85	2025-02-01	1497684
1331	Самый сок 2	1 473 626,0	75	86	-11	86	584	-	Москва теряет еще три колонии и не знает, что делать				1473568	Февраль 2025	86	2025-02-01	1473626
1332	kremlin	1 453 647,0	85	87	-2	87	0	+5 000	Ответы на вопросы представителей СМИ				1453647	Февраль 2025	87	2025-02-01	1453647
1333	TV2media	1 396 846,0	96	88	+8	88	5766486	+9 000	Путин просчитался. Он совершил преступление против России | Ефим Фиштейн				820197	Февраль 2025	88	2025-02-01	1396846
1334	РОЙ ТВ	1 375 110,0	88	89	-1	89	0	+3 000	О боях на Курщине и поведении Баку				1375110	Февраль 2025	89	2025-02-01	1375110
1335	Матвей Ганапольский	1 297 251,0	93	90	+3	90	0	+2 000	ПУТИН КИНУЛ ТРАМПА! / ГАНАПОЛЬСКАЯ ПРАВДА / 24.02.2024				1297251	Февраль 2025	90	2025-02-01	1297251
1336	Самое важное	1 283 369,0	77	91	-14	91	1069870	+7 000	Соперница ответила Кабаевой | Дочь Путина стала главной |Тайна пропажи Кадырова |Побег золотой судьи				1176382	Февраль 2025	91	2025-02-01	1283369
1337	Михаил Веллер	1 267 436,0	105	92	+13	92	86724	+2 000	ИГРЫ ТРАМПА НА 100 ДОСКАХ У КРАЯ ПРОПАСТИ #веллер 17.02.2024				1258764	Февраль 2025	92	2025-02-01	1267436
1338	The Insider Live	1 239 321,0	112	93	+19	93	2359	+3 000	⚡️🎙Зеленский готов уйти ради мира | Выборы в Германии | Утренний подкаст INSIDE 5				1239085	Февраль 2025	93	2025-02-01	1239321
1339	Нино Росебашвили	1 229 860,0	99	94	+5	94	436	+6 000	"""ОБЫВАТЕЛИ ЗА ПУТИНА"" НАБУТОВ про поддержку Путина, корейский телевизор и бандитов из 90-х"				1229816	Февраль 2025	94	2025-02-01	1229860
1340	Простые числа	1 177 755,0	97	95	+2	95	12368	+1 000	Как СВО изменила Россию // Олег Комолов. Числа недели				1176518	Февраль 2025	95	2025-02-01	1177755
1341	Острый Угол	1 145 307,0	72	96	-24	96	416482	-	"Третья годовщина трехдневной спецоперации. Смотрим ""В.В. Калигула"", ""Жертвоприношение"" и др."				1103659	Февраль 2025	96	2025-02-01	1145307
1342	НО.Медиа из России	1 130 175,0	106	97	+9	97	106455	+2 000	Кто остановит СВО? «Рыжий лебедь» Дональд Трамп, переговоры и 3 года военных действий				1119529	Февраль 2025	97	2025-02-01	1130175
1343	SOBOLEV	1 058 517,0	130	98	+32	98	0	-	—				1058517	Февраль 2025	98	2025-02-01	1058517
1344	Гулагу-нет Официальный канал	1 050 121,0	81	99	-18	99	54853	-	Подтверждение нарушения прав украинских военнопленных. Г-образная поза и военные полицаи МО РФ				1044636	Февраль 2025	99	2025-02-01	1050121
1345	Заповедник	1 035 468,0	101	100	+1	100	170396	-	"Что задумал Трамп? Русский домик в Баку. Мелюзга и Путин – ""Заповедник"", выпуск 347"				1018428	Февраль 2025	100	2025-02-01	1035468
1346	kuji podcast	1 022 780,0	87	101	-14	101	0	+1 000	Владимир Спиридонов: наука поведения (Kuji Podcast 184)				1022780	Февраль 2025	101	2025-02-01	1022780
1347	Parfenon	1 015 317,0	94	102	-8	102	444547	-	#НМДНИ-2024. 3-й год войны. Убит Навальный. Путин 5.0. Теракт в Крокусе. Орешник. ЦБ 21%. Трамп 2.0				970862	Февраль 2025	102	2025-02-01	1015317
1348	Ростислав Мурзагулов	988 887,0	114	103	+11	103	7239290	+4 000	Мы нашли научные труды с участием Марией Певчих. Там - имперство, украинофобия и антизападничество.				264958	Февраль 2025	103	2025-02-01	988887
1349	БАРМАЛЕЙКА	979 158,0	103	104	-1	104	0	-	Вот и все! Эрдоган сделал то, что не смог Трамп и США! Русская бензоколонка закрывается навсегда				979158	Февраль 2025	104	2025-02-01	979158
1350	Ищем Выход	962 683,0	119	105	+14	105	101646	+2 000	СОЛОВЕЙ: Трамп общался с двойником Путина или это был настоящий Путин?				952518	Февраль 2025	105	2025-02-01	962683
1351	Аудио статьи	937 177,0	84	106	-22	106	16967	-	⚡Срочно! Путин в ярости убрал последнего человека Шойгу! Борисов оставил Кремль без Орешника?!				935480	Февраль 2025	106	2025-02-01	937177
1352	Когнитивный надзор	911 179,0	110	107	+3	107	0	+2 000	Панчин опровергает все доводы Савватеева за 78 минут | @Scinquisitor				911179	Февраль 2025	107	2025-02-01	911179
1353	Владислав Жуковский	910 005,0	115	108	+7	108	933	+2 000	Липсиц: ЭКОНОМИКА В БЕДЕ! ЭТОТ КРИЗИС СТРАШНЕЕ 90-Х! ВАЛЮТЫ БОЛЬШЕ НЕТ? ТРАМП УСТРОИТ МИРОВОЙ КРИЗИС				909912	Февраль 2025	108	2025-02-01	910005
1354	Forbes	896 931,0	109	109	-	109	260057	+5 000	«Мы близки к точке перелома». Чего ждать от 2025-го? Историк Лев Лурье				870925	Февраль 2025	109	2025-02-01	896931
1355	Любовь Соболь	846 002,0	91	110	-19	110	374600	+1 000	Как депутаты и артисты обслуживали «ночного хозяина Петербурга» I История Владимира Кумарина — Кума				808542	Февраль 2025	110	2025-02-01	846002
1356	Белковский	831 344,0	104	111	-7	111	13117	+1 000	Белковский + Бунтман. 20 Февраля 2025 @BelkovskiyS				830032	Февраль 2025	111	2025-02-01	831344
1357	Владимир Милов	826 108,0	83	112	-29	112	1098	-1 000	Капитуляция Трампа перед Путиным и реакция Европы				825998	Февраль 2025	112	2025-02-01	826108
1358	Объектив	777 160,0	107	113	-6	113	91	-1 000	Переговоры России и США в Саудовской Аравии | Zara и Visa возвращаются? | Где на Руси жить хорошо				777151	Февраль 2025	113	2025-02-01	777160
1359	Крым.Реалии	772 405,0	131	114	+17	114	1157180	+1 000	«Мазут будет выливаться до лета». Последствия катастрофы в Керченском проливе | Крым.Реалии ТВ				656687	Февраль 2025	114	2025-02-01	772405
1360	Пастуховская Кухня	764 023,0	151	115	+36	115	1317	+1 000	"Предательство в Эр-Рияде. Восстание Зеленского. Европа ""отдыхает"". Пастуховская Кухня."				763891	Февраль 2025	115	2025-02-01	764023
1361	Радио Долин	746 210,0	95	116	-21	116	21345	+3 000	Побег от реальности. Антон Долин о новом российском кино				744075	Февраль 2025	116	2025-02-01	746210
1362	Минута в минуту	739 378,0	100	117	-17	117	8558	+8 000	24 февраля. Как начиналась война в Украине. Поминутная реконструкция #минутавминуту				738522	Февраль 2025	117	2025-02-01	739378
1363	Набутовы	731 991,0	134	118	+16	118	138445	+2 000	Путин. Спецоперация в филармонии / Наброски #168				718146	Февраль 2025	118	2025-02-01	731991
1364	Ксения Ларина	718 802,0	116	119	-3	119	59420	-	Ксения ЛАРИНА LIVE: Обсудим последние события, отвечу на все вопросы и поделюсь планами / @xlarina				712860	Февраль 2025	119	2025-02-01	718802
1365	Кавказ.Реалии	710 359,0	142	120	+22	120	462890	+1 000	Задержание сбежавшей из семьи чеченки в Казахстане | ПОДКАСТ (№222)				664070	Февраль 2025	120	2025-02-01	710359
1366	Вестник Бури	707 178,0	138	121	+17	121	0	-	ПОЧЕМУ ДУДЬ - КРАСАВЧИК? Леонид Волков, демократия и капитализм				707178	Февраль 2025	121	2025-02-01	707178
1367	Проект	660 813,0	89	122	-33	122	1448007	-	—				516012	Февраль 2025	122	2025-02-01	660813
1368	Медиазона	627 416,0	144	123	+21	123	96641	+2 000	«Медиазона» о войне: главное за три года				617752	Февраль 2025	123	2025-02-01	627416
1369	ШАЦ	617 192,0	162	124	+38	124	716476	+3 000	Лёва Би-2 | РАДИ ЧЕГО #6 | Шац, Оганисян				545544	Февраль 2025	124	2025-02-01	617192
1370	Разворот	614 962,0	Новое	125	Новое	125	10057	+2 200	Брили, били, насиловали. За петарду и подписку на ТГ | Ольга, мама 15летней заключенной				613956	Февраль 2025	125	2025-02-01	614962
1371	Адекватный Русский	598 596,0	125	126	-1	126	5985962	+2 000	—				0	Февраль 2025	126	2025-02-01	598596
1372	SVTV	582 575,0	136	127	+9	127	58556	+1 000	ЮЛИЯ ЛАТЫНИНА в гостях у Михаила Светова // ЛЮДИ ГИБНУТ ЗА МЕТАЛЛ				576719	Февраль 2025	127	2025-02-01	582575
1373	РОМБ	576 541,0	139	128	+11	128	398768	+2 000	ОН НА СВОБОДЕ, А КАК ЖИТЬ МНЕ? | Как живут заключенные, вернувшиеся с войны, и матери жертв				536664	Февраль 2025	128	2025-02-01	576541
1374	Oleg Kashin	573 539,0	135	129	+6	129	15837	+1 300	АЛЕКСЕЙ ЛЕВКИН!				571955	Февраль 2025	129	2025-02-01	573539
1375	Роман Юнеман	559 459,0	152	130	+22	130	173167	+3 000	ВЫБОРЫ В ГЕРМАНИИ. Рекордный результат Альтернативы для Германии?				542142	Февраль 2025	130	2025-02-01	559459
1376	Андрей Пионтковский	541 096,0	133	131	+2	131	3117	-	⚡️ПИОНТКОВСКИЙ, ФЕЙГИН: Экстренный СОЗВОН ТРАМПА с Путиным и Зеленским! ВОТ ВЫИГРЫШНАЯ комбинация				540784	Февраль 2025	131	2025-02-01	541096
1377	Политолог Аббас Галлямов	535 735,0	137	132	+5	132	75158	+2 000	У Путина не осталось других вариантов 6.2.25 @ArkadiyYankovskiy				528219	Февраль 2025	132	2025-02-01	535735
1378	Дмитрий Дёмушкин	525 457,0	118	133	-15	133	76	+1 000	Великое обнуление (Дмитрий Демушкин, *Дмитрий Потапенко)				525449	Февраль 2025	133	2025-02-01	525457
1379	Быть Или	511 573,0	163	134	+29	134	0	-	Трампу и Путину нужен Медведчук, а не Зеленский? | Быть Или				511573	Февраль 2025	134	2025-02-01	511573
1380	Важные истории	505 022,0	122	135	-13	135	756705	-	—				429351	Февраль 2025	135	2025-02-01	505022
1381	Andrei Illarionov (Андрей Илларионов)	501 703,0	149	136	+13	136	762	+3 700	Три версии этой ахинеи				501627	Февраль 2025	136	2025-02-01	501703
1382	Котрикадзе Дзядко	489 969,0	128	137	-9	137	0	+1 000	«Путин всех переиграл», но «ничего не закончилось»: Шендерович о переговорах, Путине и Трампе				489969	Февраль 2025	137	2025-02-01	489969
1383	Masyanya Kuvaeva	484 404,0	120	138	-18	138	2570	-	—				484147	Февраль 2025	138	2025-02-01	484404
1384	вДудь Shorts	474 728,0	98	139	-41	139	3248295	+2 000	—				149898	Февраль 2025	139	2025-02-01	474728
1385	CIT	467 258,0	132	140	-8	140	326	+200	День 1090. Рекордные масштабы боёв на фронте. Стороны готовятся к переговорам в Саудовской Аравии				467225	Февраль 2025	140	2025-02-01	467258
1386	ОТДЕЛЬНАЯ ЦИВИЛИЗАЦИЯ	414 665,0	127	141	-14	141	2215	+1 000	ЛЮДИ О ДЕПРЕССИИ И КАК С НЕЙ БОРОТЬСЯ.ОПРОС 2025				414443	Февраль 2025	141	2025-02-01	414665
1387	Сергей Бойко	411 427,0	121	142	-21	142	17742	+14 000	ДИСКРЕДИТАЦИЯ #59. Сечин и кекс				409653	Февраль 2025	142	2025-02-01	411427
1388	Фёдор Крашенинников	404 297,0	175	143	+32	143	16033	+2 600	Григорий Юдин и Федор Крашенинников I Разговор ON AIR				402694	Февраль 2025	143	2025-02-01	404297
1389	РАЗГОВОРНЫЙ ЖАНР	399 116,0	147	144	+3	144	57811	-	Z-Вечерний Ургант + куклы: Пучков, Стас Ай Как Просто, Бочаров, Надеждин | Давайте выясним!				393335	Февраль 2025	144	2025-02-01	399116
1390	Кринж с Жуковой	397 862,0	153	145	+8	145	102746	+2 100	10 самых страшных преступлений вернувшихся с войны «героев»				387587	Февраль 2025	145	2025-02-01	397862
1391	Первый отдел	380 122,0	124	146	-22	146	10440	+2 000	ЭНИГМА. Как взломали «непобедимый» шифр				379078	Февраль 2025	146	2025-02-01	380122
1392	Холод	374 660,0	126	147	-21	147	172844	-	На чем зарабатывает Арсен Маркарян и что такое «База»				357376	Февраль 2025	147	2025-02-01	374660
1393	Varlamov Talks	367 722,0	206	148	+58	148	0	-1 000	«Будет взр*в народного ликования» | Шульман про конец во*ны в Украине, будущее РФ и президента США				367722	Февраль 2025	148	2025-02-01	367722
1394	Это Осетинская!	361 503,0	141	149	-8	149	896980	+1 000	“Гонка в AI и венчур: чего ждать?” - главные вопросы про AI профессору Стэнфорда Илье Стребулаеву				271805	Февраль 2025	149	2025-02-01	361503
1395	MRR — My Russian Rights	339 889,0	166	150	+16	150	1328508	+2 000	История выпускницы питерского медвуза: что, сколько и почему она теперь должна стране?				207038	Февраль 2025	150	2025-02-01	339889
1396	7x7 Горизонтальная Россия	327 741,0	143	151	-8	151	342044	+11 000	Что подорожало в 2025 году? // Опрос 7x7 в регионах				293537	Февраль 2025	151	2025-02-01	327741
1397	Юзефович	322 706,0	173	152	+21	152	35439	+2 000	«Юзефович» рекомендует. Топ-5 книг 2024 года				319162	Февраль 2025	152	2025-02-01	322706
1398	Zakhar Artemiev	313 932,0	140	153	-13	153	10465	-	Штраф за покупку наличными! Репатриация неграждан и гибель Барда Стройкина, С-Пб. Книга на столе				312885	Февраль 2025	153	2025-02-01	313932
1399	Как теперь / проект ОВД-Инфо	309 356,0	179	154	+25	154	17385	+1 000	Игорь Липсиц || Копить или тратить? Что дорожает быстрее всего? Что будет с экономикой после войны?				307617	Февраль 2025	154	2025-02-01	309356
1400	Votvot	284 730,0	129	155	-26	155	23377	+1 000	Влади — Длится февраль (LIVE for Votvot)				282392	Февраль 2025	155	2025-02-01	284730
1401	Ян Матвеев	261 301,0	Новое	156	Новое	156	496485	+1 000	Как разгромили колонну 155-й бригады в Курской области. Удар по интернату в Судже — новые материалы				211652	Февраль 2025	156	2025-02-01	261301
1402	Антонов такой Антонов	252 495,0	117	157	-40	157	178718	-	—				234623	Февраль 2025	157	2025-02-01	252495
1403	RusNews	246 335,0	185	158	+27	158	182196	+1 000	⭕️ Протестная суббота в Новосибирске | 01.02.2025				228115	Февраль 2025	158	2025-02-01	246335
1404	Пикули	240 746,0	178	159	+19	159	4527	-	"""НА ЧТО ЖИВУТ ПРЕДАТЕЛИ?"" - Смешная пропаганда на РенТВ (Самые шокирующие гипотезы, обзор)"				240293	Февраль 2025	159	2025-02-01	240746
1405	Подкаст Лазерсон	234 060,0	Новое	160	Новое	160	0	+1 000	Гниение мозга от соцсетей: правда или миф? Мнение нейробиолога! Владимир Алипов | Подкаст про мозг				234060	Февраль 2025	160	2025-02-01	234060
1406	Sergey Aleksashenko	231 888,0	155	161	-6	161	542	-	Деньги, банки и профаны. Меня схватили за руку...правда?				231834	Февраль 2025	161	2025-02-01	231888
1407	Сергей Смирнов	229 594,0	158	162	-4	162	8859	-	КАК НКВД ВЫСЛАЛ ВЕСЬ НАРОД В СИБИРЬ. Зачем сталинские власти объявили калмыков предателями Родины				228708	Февраль 2025	162	2025-02-01	229594
1408	Форум свободной России	221 537,0	159	163	-4	163	10956	+1 000	LIVE: Трампотерапия или полный трампец: что ждет Россию и Украину? | Иван Тютрин, Альфред Кох				220441	Февраль 2025	163	2025-02-01	221537
1409	Утро Февраля	213 350,0	201	164	+37	164	5081	+2 000	⚡️БОЛЬШАЯ ПРЕМЬЕРА! ФИЛЬМ О ЗАКАЗНЫХ ПОЛИТИЧЕСКИХ УБИЙСТВАХ ЭПОХИ ПУТИНА				212842	Февраль 2025	164	2025-02-01	213350
1410	ЗЫГАРЬ	202 332,0	150	165	-15	165	119158	+2 000	—				190416	Февраль 2025	165	2025-02-01	202332
1411	Майор в отставке	192 651,0	146	166	-20	166	3980	+1 800	Реальные цели СВО				192253	Февраль 2025	166	2025-02-01	192651
1412	Евгений Трикоз	190 852,0	145	167	-22	167	1583212	-	—				32531	Февраль 2025	167	2025-02-01	190852
1413	Yevgenia Albats	189 127,0	157	168	-11	168	3363	+1 000	Украина между Путиным и Трампом// Полный Альбац				188791	Февраль 2025	168	2025-02-01	189127
1414	Радио Свобода Live	186 274,0	156	169	-13	169	8	+300	"""Продал Россию Америке"" | Весь эфир"				186273	Февраль 2025	169	2025-02-01	186274
1415	SOTA	181 867,0	184	170	+14	170	2615	+2 300	Как сажают за донаты ФБК: о чем молчал Волков				181605	Февраль 2025	170	2025-02-01	181867
1416	DOXA | ДОКСА	181 449,0	164	171	-7	171	415949	+2 000	Обзор на пропаганду в детсадах и школах // Как в России воспитывают солдат с пеленок				139854	Февраль 2025	171	2025-02-01	181449
1417	Гроза / Николай Росов	176 867,0	148	172	-24	172	1683	-	Ответ Савватеева Панчину | Вызов на онлайн-дебаты				176699	Февраль 2025	172	2025-02-01	176867
1418	Убежище оппозиции	173 477,0	199	173	+26	173	0	-	Глава АвтоВАЗ в панике! Зовет на помощь Кремль				173477	Февраль 2025	173	2025-02-01	173477
1419	Рабкор	153 674,0	171	174	-3	174	849	-	Специальная демографическая операция: искажение статистики, запрет абортов и др. / Алексей Ракша				153589	Февраль 2025	174	2025-02-01	153674
1420	Lazarevatut	150 621,0	169	175	-6	175	14102	+1 000	Выбрать свой путь, когда в тебя никто не верит. Чулпан Хаматова // Татьяна Лазарева				149211	Февраль 2025	175	2025-02-01	150621
1421	Сергей Пархоменко	147 290,0	174	176	-2	176	61	-	Особое мнение @zhivoygvozd 26.02.2025				147284	Февраль 2025	176	2025-02-01	147290
1422	Страна и мир	140 837,0	176	177	-1	177	10097	+200	Рогов о главном: Трамп и Путин, сделка по металлам, кризис Европы				139827	Февраль 2025	177	2025-02-01	140837
1423	ZIMA MAGAZINE	126 790,0	190	178	+12	178	68	+500	Сергей Гуриев и Аркадий Островский «Экономические вызовы в 2025 году»				126783	Февраль 2025	178	2025-02-01	126790
1424	ШЕПЕЛИН	112 474,0	170	179	-9	179	389	-	Сечин и эскортницы в штате Роснефти | Спасаемся от реки Желчи в Блянске | Патрушев: песня ГАЗОВОЗА				112435	Февраль 2025	179	2025-02-01	112474
1425	Реалии	102 689,0	160	180	-20	180	104178	-	Зимы больше нет? Аномалии климата шокируют россиян				92271	Февраль 2025	180	2025-02-01	102689
1426	Транзит	94 006,0	168	181	-13	181	277399	+1 000	Ярославль — здесь даже в СССР была другая жизнь | Александр Баунов | Не московское время				66266	Февраль 2025	181	2025-02-01	94006
1427	Богатый регион	91 193,0	167	182	-15	182	598	+200	Военный микробиолог РФ об украинских биолабораториях. Правда или фейк?				91133	Февраль 2025	182	2025-02-01	91193
1428	ГражданинЪ TV	87 332,0	177	183	-6	183	323	+100	Трамп, Путин, Зеленский начали разговаривать: что дальше? Полная версия интервью «Осторожно, Собчак»				87300	Февраль 2025	183	2025-02-01	87332
1429	Татьяна Фельгенгауэр	84 090,0	180	184	-4	184	465	+1 000	Дёнер раздора: как Турция и Германия спорят о главном берлинском фаст-фуде				84043	Февраль 2025	184	2025-02-01	84090
1430	Nовые Куклы	59 122,0	161	185	-24	185	13545	-1 000	—				57767	Февраль 2025	185	2025-02-01	59122
1431	Карен Шаинян	56 367,0	189	186	+3	186	109910	-	Как вырваться из прошлого: история Ярослава и его побега из России с двумя детьми				45376	Февраль 2025	186	2025-02-01	56367
1432	Открытые медиа	54 606,0	181	187	-6	187	753	-	—				54531	Февраль 2025	187	2025-02-01	54606
1433	Красный поворот	44 445,0	188	188	-	188	7326	+200	Провокация Рудого. Мир скоро? Красное Приморье/Крупенько, Осин, Шмагирев, Полиновская, Сустов				43712	Февраль 2025	188	2025-02-01	44445
1434	Ольга Цуканова🔴Общественный деятель	39 693,0	172	189	-17	189	2830	-100	Эфир 31 января. О новостях, народовластии				39410	Февраль 2025	189	2025-02-01	39693
1435	Ворнадзор	34 724,0	191	190	+1	190	11038	+200	—				33620	Февраль 2025	190	2025-02-01	34724
1436	Whalesplaining	33 989,0	183	191	-8	191	0	-	—				33989	Февраль 2025	191	2025-02-01	33989
1437	Movchans	33 667,0	186	192	-6	192	436	-100	Обзор макроэкономической ситуации от Movchan's Group. Февраль 2025				33623	Февраль 2025	192	2025-02-01	33667
1438	Говорящие Головы	31 811,0	182	193	-11	193	54049	-	Руслан Халитов - прощальный тур, Барселона, Таиланд, Познер и стендап, который никому не нужен				26406	Февраль 2025	193	2025-02-01	31811
1439	Дозор в Волгограде	30 521,0	202	194	+8	194	8055	+100	«Герои СВО» ЕЛИ ЛЮДЕЙ и расчленяли девочек в Волжском | ТРУКРАЙМ				29715	Февраль 2025	194	2025-02-01	30521
1440	Губин ON AIR	27 964,0	195	195	-	195	0	-100	"Америка, Америка вертела всех на себе! ""Губин ON AIR"" 14.02.2025"				27964	Февраль 2025	195	2025-02-01	27964
1441	Пермь 36,6	26 065,0	198	196	+2	196	2363	-	Скандал! Мизулина напала на ветерана СВО				25829	Февраль 2025	196	2025-02-01	26065
1442	Семён Кочкин	23 609,0	193	197	-4	197	43354	-	5 лет обмана: громкие обещания Олега Николаева				19274	Февраль 2025	197	2025-02-01	23609
1443	FURYDROPS. Блог Григория Баженова об экономике.	23 412,0	203	198	+5	198	318	-100	Department of ПРОЖЕКТОРРАЙАНГОСЛИНГ Efficiency: обсуждаем все, что вам интересно				23380	Февраль 2025	198	2025-02-01	23412
1444	nixelpixel	22 903,0	Новое	199	Новое	199	73	-1 000	—				22896	Февраль 2025	199	2025-02-01	22903
1445	Фарида Курбангалеева	22 822,0	208	200	+8	200	0	-200	—				22822	Февраль 2025	200	2025-02-01	22822
1446	Трудовая Россия	18 951,0	207	201	+6	201	610	-	"ДЕНЬ ЗАЩИТНИКА КАКОГО ""ОТЕЧЕСТВА""? Является ли нашей ""наша армия""? Элмар Рустамов"				18890	Февраль 2025	201	2025-02-01	18951
1447	Anna Zueva	17 316,0	197	202	-5	202	10032	-	10 ошибок - 10 причин удалить видео про бурятский язык.				16313	Февраль 2025	202	2025-02-01	17316
1448	НЕОРУЭЛЛ	17 272,0	196	203	-7	203	1172	-1 000	—				17155	Февраль 2025	203	2025-02-01	17272
1449	MOUNT SHOW	15 601,0	187	204	-17	204	4946	-	Трамп Зеленскому: Заткнись и вали из США / Как Путин и Трамп будут делить Украину / Сигма Бой				15106	Февраль 2025	204	2025-02-01	15601
1450	Виктор Шендерович	10 561,0	194	205	-11	205	2301	-1 000	—				10331	Февраль 2025	205	2025-02-01	10561
1451	Псковская Губерния	9 723,0	211	206	+5	206	1362	+50	ВОЙНА. 24 ФЕВРАЛЯ 2025. ЧТО ДАЛЬШЕ?				9587	Февраль 2025	206	2025-02-01	9723
1452	Маша Борзунова	8 416,0	165	207	-42	207	611	-1 000	—				8355	Февраль 2025	207	2025-02-01	8416
1453	Депутат Елена Шувалова	7 209,0	200	208	-8	208	5222	-	Было бы смешно, если бы не было так грустно				6687	Февраль 2025	208	2025-02-01	7209
1454	Борис Надеждин	7 143,0	218	209	+9	209	589	-1 000	Перспективы завершения СВО. Годовщина гибели НАВАЛЬНОГО. ВЫБОРЫ в регионах.				7084	Февраль 2025	209	2025-02-01	7143
1455	Леонид Волков	6 945,0	210	210	-	210	241	-1 000	—				6921	Февраль 2025	210	2025-02-01	6945
1456	Дарья Беседина	6 470,0	205	211	-6	211	0	-100	СТРИМ: Обсуждаем новости и собираем деньги на работу канала | Дарья Беседина 1.02.2025				6470	Февраль 2025	211	2025-02-01	6470
1457	Голос. За честные выборы	6 252,0	204	212	-8	212	283	-	Как устроены выборы в Германии? / Алексей Юсупов				6224	Февраль 2025	212	2025-02-01	6252
1458	Удмуртия против коррупции	5 051,0	212	213	-1	213	13342	-100	Итог 3 лет войны - 1764 погибших из Удмуртии. Вот их имена				3717	Февраль 2025	213	2025-02-01	5051
1459	Идите лесом	3 676,0	213	214	-1	214	2127	+70	Как война сломала жизнь студента				3463	Февраль 2025	214	2025-02-01	3676
1460	Юлия Галямина	3 599,0	215	215	-	215	3073	-	Политические убийства | просто политика				3292	Февраль 2025	215	2025-02-01	3599
1461	Сергей Гуриев	3 534,0	214	216	-2	216	0	-1 000	—				3534	Февраль 2025	216	2025-02-01	3534
1462	Омское Гражданское Объединение	2 558,0	221	217	+4	217	16830	-	—				875	Февраль 2025	217	2025-02-01	2558
1463	ЦУРреализм	2 245,0	220	218	+2	218	0	-100	—				2245	Февраль 2025	218	2025-02-01	2245
1464	Левый Фронт	2 228,0	216	219	-3	219	0	-1000	—				2228	Февраль 2025	219	2025-02-01	2228
1465	Фактор	2 141,0	224	220	+4	220	0	-100	—				2141	Февраль 2025	220	2025-02-01	2141
1466	Хроники.Медиа	2 116,0	209	221	-12	221	19049	0	Кто продолжает богатеть, поставляя рыбу из России в Европу?				211	Февраль 2025	221	2025-02-01	2116
1467	Екатерина Дунцова	1 366,0	217	222	-5	222	243	-500	Пермь Центр Рассвета Промо 13 02 25				1342	Февраль 2025	222	2025-02-01	1366
1468	Аполитичность губит	1 134,0	219	223	-4	223	27	0	—				1131	Февраль 2025	223	2025-02-01	1134
1469	Эльвира Вихарева	865,0	223	224	-1	224	0	-300	—				865	Февраль 2025	224	2025-02-01	865
1470	Партия «Рассвет»	760,0	Новое	225	Новое	225	42	30	Курск. Что это было? | Интервью с Александром Новиковым				756	Февраль 2025	225	2025-02-01	760
1471	Андрей Пивоваров	665,0	192	226	-34	226	36	-100	—				661	Февраль 2025	226	2025-02-01	665
1472	Дмитрий Гудков	437,0	225	227	-2	227	59	-100	—				431	Февраль 2025	227	2025-02-01	437
1473	ИГОРЬ ЛИПСИЦ: ПРО ЭКОНОМИКУ И МАРКЕТИНГ	301,0	222	228	-6	228	0	-300	—				301	Февраль 2025	228	2025-02-01	301
1474	NEXTA Live	72 646 233,00	2	1	+1	1	14702539	+110 000	Россия стягивает войска / Митинг в центре Киева				71175979	Январь 2025	1	2025-01-01	72646233
1475	Телеканал Дождь	47 601 418,0	3	2	+1	2	11734337	+20 000	Ходорковский — почему Путин готов остановиться и пойти на сделку с Трампом				46427984	Январь 2025	2	2025-01-01	47601418
1476	Майкл Наки	37 295 384,0	5	3	+2	3	19231	+10 000	СИМОНЬЯН ПРЕДЛАГАЕТ СДАТЬСЯ. Z-ники в гневе из-за интервью главной пропагандистки Кремля				37293461	Январь 2025	3	2025-01-01	37295384
1477	Ходорковский LIVE	36 963 280,0	4	4	-	4	18094043	+40 000	Кабаева захватывает Россию. Как растут наследники Путина и активы королевы-матери / МОЖЕМ ОБЪЯСНИТЬ				35153876	Январь 2025	4	2025-01-01	36963280
1478	Анатолий Шарий	34 507 499,0	6	5	+1	5	172397	+20 000	Сжечь в Курской				34490259	Январь 2025	5	2025-01-01	34507499
1479	varlamov	30 719 175,0	9	6	+3	6	0	+50 000	Калифорния в огне: почему они не справляются? | Причины пожаров, конфликт Трампа и Байдена				30719175	Январь 2025	6	2025-01-01	30719175
1480	Максим Кац	28 170 641,0	8	7	+1	7	2118	+10 000	Путин не понимает экономику 21 века | Почему войну нельзя выиграть (English subtitles) @Max_Katz				28170429	Январь 2025	7	2025-01-01	28170641
1481	Дмитрий Гордон	26 784 512,0	7	8	-1	8	6093970	+20 000	Скандальный Рустам Солнцев. Муж Симоньян все, как бл@донул Нагиев, Галкин идет в президенты России				26175115	Январь 2025	8	2025-01-01	26784512
1482	DW на русском	24 661 519,0	10	9	+1	9	3439157	+20 000	Праздничное побоище в Германии: хаос новогодней ночи и последствия				24317603	Январь 2025	9	2025-01-01	24661519
1483	Обманутый Россиянин	23 818 618,0	13	10	+3	10	0	+10 000	Иди на .... Путин, я своего сына за тебя на войну не отдам. СМЕЛЫЙ ОТЕЦ СКАЗАЛ КАК ЕСТЬ				23818618	Январь 2025	10	2025-01-01	23818618
1484	И Грянул Грэм	22 929 930,0	12	11	+1	11	204169	+20 000	"СОЛОВЕЙ: ""У меня хорошие новости!"": где игла Кощея, Патрушев, Трамп, Китай, Гренландия, Газпром, МММ"				22909513	Январь 2025	11	2025-01-01	22929930
1485	Популярная политика	22 126 000,0	11	12	-1	12	27535018	+20 000	Муж Симоньян умирает. Что случилось с Кеосаяном?				19372498	Январь 2025	12	2025-01-01	22126000
1486	Euronews по-русски	19 694 616,0	16	13	+3	13	4067	+30 000	Пожары в Лос-Анджелесе: число жертв растёт, введён комендантский час				19694209	Январь 2025	13	2025-01-01	19694616
1487	Антон Хардин	19 069 479,0	15	14	+1	14	78377	+10 000	Актёр Дмитрий Нагиев поздравил страну и всё стало ясно. Мы поняли, Дима. Тоже на это надеемся				19061641	Январь 2025	14	2025-01-01	19069479
1488	The Breakfast Show	17 642 987,0	18	15	+3	15	1036893	+25 000	Переговоры пилотов азербайджанского Embraer с диспетчерами. Разбор командира экипажа				17539298	Январь 2025	15	2025-01-01	17642987
1489	МИНАЕВ LIVE	15 703 136,0	17	16	+1	16	0	+50 000	Ротшильды: Почему их называют тайными властителями мира? / Истории миллиардов @MINAEVLIVE				15703136	Январь 2025	16	2025-01-01	15703136
1490	Юрий Швец -- официальный канал	15 117 036,0	22	17	+5	17	298802	+10 000	Инсайды команды Трампа: Зеленский и Ермак - на выход; Украине - светлое будущее /№890/ Швец				15087156	Январь 2025	17	2025-01-01	15117036
1491	Настоящее Время. Док	14 688 538,0	19	18	+1	18	20084526	+40 000	Темная история СССР: о чем до сих пор молчат?				12680085	Январь 2025	18	2025-01-01	14688538
1492	BBC News - Русская служба	13 440 887,0	21	19	+2	19	2454647	+30 000	Инаугурация Дональда Трампа | Спецэфир Русской службы Би-би-си				13195422	Январь 2025	19	2025-01-01	13440887
1493	ВОТ ТАК	13 282 096,0	14	20	-6	20	2740829	+10 000	🔥Пожар в Москве: сотни людей эвакуируют. Кровавая резня в поезде на Адлер / Вот Так. Кратко				13008013	Январь 2025	20	2025-01-01	13282096
1494	Alexey Arestovych	13 258 843,0	23	21	+2	21	3537827	+10 000	Арестович: Анализ позиций Зеленского в интервью Лекса Фридмана. Сбор для военных👇				12905060	Январь 2025	21	2025-01-01	13258843
1495	Редакция	12 730 356,0	20	22	-2	22	8840	+10 000	Леонид Парфенов, спецгость Редакции — о Вене и вине, империи и импрессионистах, Намедни и вечности				12729472	Январь 2025	22	2025-01-01	12730356
1496	Роман Цимбалюк	11 806 030,0	27	23	+4	23	625533	+10 000	Рязани больше нет: Путин сдал Трампу не только этот город в 200 км от Москвы				11743477	Январь 2025	23	2025-01-01	11806030
1497	Александр Невзоров	11 245 180,0	28	24	+4	24	4257139	+10 000	Слом времен. Ходорковский. Суверенитет. Мировое правительство. Кто вытащит Эскалибур. Одеяло ЕС.				10819466	Январь 2025	24	2025-01-01	11245180
1498	вДудь	10 672 469,0	35	25	+10	25	0	-	Волков – что происходит с ФБК / вДудь				10672469	Январь 2025	25	2025-01-01	10672469
1499	Голос Америки	10 534 585,0	46	26	+20	26	3129062	+35 000	Дональд Трамп. Инаугурация. ПРЯМОЙ ЭФИР				10221679	Январь 2025	26	2025-01-01	10534585
1500	Живой Гвоздь	10 165 049,0	33	27	+6	27	33764	-	Зеленский у Лекса Фридмана. Визит Бербок в Сирию. Максим Шевченко: Особое мнение @MaximShevchenko				10161673	Январь 2025	27	2025-01-01	10165049
1501	ФЕЙГИН LIVE	9 795 382,0	31	28	+3	28	25724	-	НЕФТЬ И БЛИЖНИЙ ВОСТОК ПОСЛЕ ВОЗВРАЩЕНИЯ ТРАМПА. БЕСЕДА С МИХАИЛОМ КРУТИХИНЫМ				9792810	Январь 2025	28	2025-01-01	9795382
1502	Denis Kazanskyi	9 568 363,0	38	29	+9	29	10518	+11 000	"""У нас кругом нищета, на СВО идут от отчаяния!"" Депутат сорвался в студии Соловьева и выдал правду"				9567311	Январь 2025	29	2025-01-01	9568363
1503	Ivan Yakovina	9 096 073,0	39	30	+9	30	715625	-	Завершение войны? | Взрыв инфляции в России | Война на море и блокада нефти | План Трампа				9024510	Январь 2025	30	2025-01-01	9096073
1504	Настоящее Время	9 066 614,0	24	31	-7	31	1211753	-	Инаугурация Трампа, проблемы с Россией и стакан колы. Что ответил Путин. Зеленский поздравил | УТРО				8945439	Январь 2025	31	2025-01-01	9066614
1505	ШАРФ	8 724 025,0	32	32	-	32	4054	-	Сутки назад это показали и началось. Народ начал открывать глаза				8723620	Январь 2025	32	2025-01-01	8724025
1506	Сергей Ауслендер	8 208 934,0	25	33	-8	33	194449	+11 000	"Российский ""Панцирь"": Не спасает от ракет, но сбивает свои самолеты"				8189489	Январь 2025	33	2025-01-01	8208934
1507	Навальный LIVE	8 022 128,0	41	34	+7	34	5164777	-	Главный клоун Кремля. Как живет Дмитрий Песков				7505650	Январь 2025	34	2025-01-01	8022128
1508	Радио Свобода	7 836 061,0	26	35	-9	35	8878114	-	НОВОСТИ: Новое наступление ВСУ под Курском. Захват Курахово. Интервью Зеленского Лексу Фридману				6948250	Январь 2025	35	2025-01-01	7836061
1509	Volodymyr Zolkin	7 370 308,0	37	36	+1	36	13153736	+10 000	Есть первые пленные корейцы. Теперь действительно есть. Еще и живые.				6054934	Январь 2025	36	2025-01-01	7370308
1510	Послезавтра	7 096 787,0	34	37	-3	37	33414436	+30 000	—				3755343	Январь 2025	37	2025-01-01	7096787
1511	Продолжение следует	6 656 901,0	40	38	+2	38	2983194	+10 000	К приходу Антихриста есть план и бюджет. Самый одержимый обитатель Кремля | Портреты				6358582	Январь 2025	38	2025-01-01	6656901
1512	ЖестЬ Доброй Воли	6 391 350,0	47	39	+8	39	3836011	+13 000	Новогоднее УГРОЖЕНИЕ Рамзана Кадырова – 2025 @ЖестЬДобройВоли #пародия #рамзанкадыров #кадыров				6007749	Январь 2025	39	2025-01-01	6391350
1513	Осторожно: Собчак	6 362 056,0	29	40	-11	40	2774887	-	ГРИГОРИЙ АЗАРЁНОК — главный пропагандист Беларуси				6084567	Январь 2025	40	2025-01-01	6362056
1514	Евгений Киселёв	6 226 763,0	48	41	+7	41	0	+9 000	👊СОЛОВЕЙ: РФ отдаст ТРИ ОБЛАСТИ УКРАИНЫ! Трамп предложил Путину КАПИТУЛЯЦИЮ				6226763	Январь 2025	41	2025-01-01	6226763
1515	А поговорить?	6 114 173,0	44	42	+2	42	2629083	+20 000	Екатерина Шульман. Демократия сдулась? Почему мир правеет и голосует за диктаторов?				5851265	Январь 2025	42	2025-01-01	6114173
1516	Newsader	5 673 347,0	30	43	-13	43	361	+4 000	ВСУ заглушили русских, прут плотными колоннами, арта врага не справляется. Подробности из Курщины				5673311	Январь 2025	43	2025-01-01	5673347
1517	Павел Иванов	5 457 058,0	45	44	+1	44	17073	+12 000	Украли 400 ярдов! Донецк в шоке! Татьяна Монтян				5455351	Январь 2025	44	2025-01-01	5457058
1518	ПАНЧЕНКО	5 009 780,0	42	45	-3	45	8736906	+10 000	МИР. ТРАМП. ПУТИН | #ВзглядПанченко				4136089	Январь 2025	45	2025-01-01	5009780
1519	RTVI Новости	4 988 039,0	36	46	-10	46	40666	-	Кто виноват в авиакатастрофе азербайджанского Embraer? Безопасно ли летать рядом с Россией?				4983972	Январь 2025	46	2025-01-01	4988039
1520	Tamara Eidelman	4 497 916,0	58	47	+11	47	8352542	+30 000	Беларусь. Начало				3662662	Январь 2025	47	2025-01-01	4497916
1521	Константин Сёмин	4 401 624,0	52	48	+4	48	287056	+3 000	Снова сифилис // Злоба Дня				4372918	Январь 2025	48	2025-01-01	4401624
1522	Юрий ВЕЛИКИЙ	4 348 162,0	43	49	-6	49	4147988	+10 000	Путин и ПЕСКОВ ждут звонка от ТРАМПА 😁 [Пародия]				3933363	Январь 2025	49	2025-01-01	4348162
1523	Meduza	4 327 713,0	54	50	+4	50	82631	+8 000	Как выглядит мазут на дне Черного моря				4319450	Январь 2025	50	2025-01-01	4327713
1524	Портников. Аргументы	4 135 868,0	53	51	+2	51	510762	+7 000	Тройное поражение Портникова | Виталий Портников @bestradioisrael				4084792	Январь 2025	51	2025-01-01	4135868
1525	The Люди	4 096 206,0	55	52	+3	52	0	-	Колумбия: внутри самого опасного картеля / Перестр**лки, про**титуция, банды Медельина @anton_lyadov				4096206	Январь 2025	52	2025-01-01	4096206
1526	Дмитрий ПОТАПЕНКО	4 025 661,0	70	53	+17	53	876	-	Всем спасибо! Страна закрывается. Просьба: освободить вагоны.. || Дмитрий Потапенко*				4025573	Январь 2025	53	2025-01-01	4025661
1527	Комсомольская Правда	3 498 607,0	49	54	-5	54	3250996	-	Наёмник ВСУ из Великобритании рассказал, как оказался в Курской области				3173507	Январь 2025	54	2025-01-01	3498607
1528	Настоящее Время. Сюжеты	3 445 731,0	59	55	+4	55	1325684	+8 000	Россия близка к катастрофе? Как страна оказалась в демографическом кризисе и что с этим делать				3313163	Январь 2025	55	2025-01-01	3445731
1529	NoFake	3 445 524,0	63	56	+7	56	28357074	+46 000	—				609817	Январь 2025	56	2025-01-01	3445524
1530	Александр Балу	3 311 560,0	61	57	+4	57	0	-1 000	РОССИЯ И США В 2025, ЧТО РАССКАЗАЛ ИНДИЙСКИЙ НОСТРАДАМУС				3311560	Январь 2025	57	2025-01-01	3311560
1531	Евгений Ступин	3 302 384,0	57	58	-1	58	408687	+11 000	⚡️ Внеплановый призыв резервистов! Отправят ли на войну? Кто освобождается?				3261515	Январь 2025	58	2025-01-01	3302384
1532	Клим Жуков	3 105 144,0	66	59	+7	59	714315	+7 000	Клим Жуков, Реми Майснер. Солженицынские чтения: Случай на станции Кочетовка.				3033712	Январь 2025	59	2025-01-01	3105144
1533	Валерий Соловей	2 891 966,0	64	60	+4	60	0	+1 000	"Почему и откуда придут перемены // Когда возвращаться в Россию. Ответы на ""горячие"" вопросы. Вып.89"				2891966	Январь 2025	60	2025-01-01	2891966
1534	Екатерина Шульман	2 889 136,0	67	61	+6	61	21597	-	Год семьи и десятилетие бездетности. Демографическая динамика в России.				2886976	Январь 2025	61	2025-01-01	2889136
1535	Дневник Депутата	2 876 188,0	51	62	-11	62	91209	+10 000	Митинг в Иркутске. Власть доводит до ручки				2867067	Январь 2025	62	2025-01-01	2876188
1536	Игорь Яковенко	2 867 108,0	72	63	+9	63	668	+1 000	ИНАУГУРАЦИЯ ТРАМПА ЗАТМИЛА ДАВОССКИЙ ФОРУМ				2867041	Январь 2025	63	2025-01-01	2867108
1537	varlamov moments	2 851 765,0	73	64	+9	64	139102	+13 000	Египет без пирамид: отдых на Красном море | Африка, фараон, отпуск | Илья Варламов				2837855	Январь 2025	64	2025-01-01	2851765
1538	Новости СВЕРХДЕРЖАВЫ	2 849 627,0	65	65	-	65	1186	-	Контрнаступление ВСУ в Курской области – движуха Кремля и ужас зет военкоров				2849508	Январь 2025	65	2025-01-01	2849627
1539	Алексей Навальный	2 735 585,0	82	66	+16	66	92032	-10 000	Сколько зарабатывает Сечин? Любовницы друзей Путина за ваш счет				2726382	Январь 2025	66	2025-01-01	2735585
1540	Скажи Гордеевой	2 663 069,0	56	67	-11	67	2232337	+50 000	Жанна Немцова: «Ты говоришь с другим человеком» // «Скажи Гордеевой»				2439835	Январь 2025	67	2025-01-01	2663069
1541	Mark Solonin	2 653 590,0	80	68	+12	68	0	+1 000	Первый бой генерала Власова /Второй Фронт. Часть 32				2653590	Январь 2025	68	2025-01-01	2653590
1542	Dmitry Kolezev	2 611 471,0	50	69	-19	69	119746	+11 000	Зачем Трампу Гренландия? И почему план покупки острова США вполне реалистичен				2599496	Январь 2025	69	2025-01-01	2611471
1543	ИГОРЬ ЛИПСИЦ	2 587 172,0	Новое	70	Новое	70	0	+9 000	ЛИПСИЦ: ИНТЕРВЬЮ В ПРОГРАММЕ BREAKFAST SHOW 23.01.2025				2587172	Январь 2025	70	2025-01-01	2587172
1544	Yulia Latynina	2 517 721,0	75	71	+4	71	10987	-4 000	Алексей Арестович. Новый мир Трампа. Арестович - Трамп для Украины				2516622	Январь 2025	71	2025-01-01	2517721
1545	Острый Угол	2 466 174,0	81	72	+9	72	1467132	+10 000	Юбилей главы Тамбовской ОПГ Владимира Кумарина (2006 год)				2319461	Январь 2025	72	2025-01-01	2466174
1546	Александр Штефанов	2 363 640,0	94	73	+21	73	8788	+7 000	Волков побеждает мельницы. Разбор интервью				2362761	Январь 2025	73	2025-01-01	2363640
1547	BILD на русском	2 220 948,0	78	74	+4	74	132603	+3 000	Алексей Венедиктов и Максим Курников | Интервью BILD				2207688	Январь 2025	74	2025-01-01	2220948
1548	Самый сок 2	2 193 774,0	77	75	+2	75	620	-	Новости: Нептуны срывaют камуфляж, дураки и мазут, дугинские чистки				2193712	Январь 2025	75	2025-01-01	2193774
1549	Михаил Ходорковский	2 182 056,0	83	76	+7	76	463848	+10 000	Он вернулся. Какие сюрпризы приготовил Трамп?				2135671	Январь 2025	76	2025-01-01	2182056
1550	Самое важное	2 169 763,0	122	77	+45	77	838039	+14 000	Убийство в центре Москвы | Кабаева убрала соперницу | Новая жизнь любовницы Путина | Позор Хинштейна				2085959	Январь 2025	77	2025-01-01	2169763
1551	Радио Свобода. Новости	2 066 466,0	68	78	-10	78	1057115	-	Новое наступление ВСУ под Курском. Захват Курахово. Интервью Зеленского Лексу Фридману. НОВОСТИ				1960754	Январь 2025	78	2025-01-01	2066466
1552	sotavision	1 978 412,0	60	79	-19	79	440363	+4 000	"Самый смелый россиянин, Скобов: ""Виновность Путина очевидна! На Россию никто не нападал!"""				1934376	Январь 2025	79	2025-01-01	1978412
1553	НЕ МОЛЧУ	1 961 625,0	132	80	+52	80	12271094	+6 000	КОНФЛИКТ Дудя и Волкова в Конце ИНТЕРВЬЮ				734516	Январь 2025	80	2025-01-01	1961625
1554	Гулагу-нет Официальный канал	1 864 876,0	69	81	-12	81	58964	-	Родственники главы Северной Осетии угрожали ФСБ и ФСО сотрудникам ГИБДД во время проверки документов				1858980	Январь 2025	81	2025-01-01	1864876
1555	Новая газета Европа	1 795 551,0	74	82	-8	82	1036847	+3 000	Большой разговор Юрия Пивоварова и Кирилла Мартынова о России и ее истории / «Новая газета Европа»				1691866	Январь 2025	82	2025-01-01	1795551
1556	Владимир Милов	1 780 313,0	84	83	+1	83	1271	+4 000	КРУШЕНИЕ МЕЧТЫ О КИТАЕ — Как Китайский бизнес поймал Россию в Ловушку?				1780186	Январь 2025	83	2025-01-01	1780313
1557	Аудио статьи	1 768 339,0	91	84	+7	84	22855	-	⚡️ Шок! Вот почему ТАДЖИКАМ выдали КВАРТИРУ! Мытищи, Купецкая, Кремлёв				1766053	Январь 2025	84	2025-01-01	1768339
1558	kremlin	1 573 529,0	62	85	-23	85	0	+5 000	Пресс-конференция по итогам российско-иранских переговоров				1573529	Январь 2025	85	2025-01-01	1573529
1559	Сергей Асланян	1 488 543,0	96	86	+10	86	3206	+3 000	СЕРГЕЙ АСЛАНЯН: ‼️ РАССЕКРЕЧЕНО‼️ Что перевозил СПЕЦБОРТ из КРЕМЛЯ в США. Что готовит ПУТИН?				1488222	Январь 2025	86	2025-01-01	1488543
1560	kuji podcast	1 464 354,0	92	87	+5	87	0	+3 000	Kuji Live: грязное бельё (Каргинов, Коняев, Сабуров)				1464354	Январь 2025	87	2025-01-01	1464354
1561	РОЙ ТВ	1 435 200,0	99	88	+11	88	0	+4 000	Странности и загадки войны в Курской области				1435200	Январь 2025	88	2025-01-01	1435200
1562	Проект	1 429 386,0	85	89	-4	89	1338091	-	Кто и как продает смерть в России и в Украине				1295577	Январь 2025	89	2025-01-01	1429386
1563	Максим Шевченко	1 360 850,0	76	90	-14	90	14343	+2 000	С Максимом Шевченко. Пожары и перемены. Как изменится мир? 12.01.25				1359416	Январь 2025	90	2025-01-01	1360850
1564	Любовь Соболь	1 314 860,0	88	91	-3	91	2780812	+5 000	Конкретная история воровства в 90-ых. Правда о Соловьеве, которую вы не знали				1036779	Январь 2025	91	2025-01-01	1314860
1565	Евгений Чичваркин	1 303 259,0	95	92	+3	92	3459900	+4 000	Финальный Закат! Чичваркин: ЭТОЙ ВЕСНОЙ нас ждут ПЕРЕМЕНЫ!				957269	Январь 2025	92	2025-01-01	1303259
1566	Матвей Ганапольский	1 275 864,0	123	93	+30	93	0	+2 000	СИМОНЬЯН ПОЛУЧАЕТ ПО ПОЛНОЙ! / ГАНАПОЛЬСКАЯ ПРАВДА / 09.01.2025				1275864	Январь 2025	93	2025-01-01	1275864
1567	Parfenon	1 250 097,0	86	94	-8	94	191704	+10 000	СТАРЫЕ ПЕСНИ О ГЛАВНОМ с комментариями соавтора про «плохих русских»				1230927	Январь 2025	94	2025-01-01	1250097
1568	Радио Долин	1 243 030,0	138	95	+43	95	35681	+10 000	Антон Долин о главных шедеврах мирового кино				1239462	Январь 2025	95	2025-01-01	1243030
1569	TV2media	1 182 263,0	146	96	+50	96	8057527	+12 000	"""Моя родина убивает, а друзья писали: «Война это плохо, но..."""				376510	Январь 2025	96	2025-01-01	1182263
1570	Простые числа	1 177 516,0	87	97	-10	97	13520	+2 000	Надежда на Вашингтон, страх за вклады и уныние от инфляции // Олег Комолов. Вопросы и ответы				1176164	Январь 2025	97	2025-01-01	1177516
1571	вДудь Shorts	1 167 428,0	128	98	+30	98	7157467	+8 000	Жуков и Дудь спорят о либертарианстве / Невошедшее				451681	Январь 2025	98	2025-01-01	1167428
1572	Нино Росебашвили	1 147 282,0	100	99	+1	99	480	+5 000	"""РОССИЙСКАЯ ЭКОНОМИКА ЭТОГО НЕ ВЫДЕРЖИТ"" КРУТИХИН о сделке Трампа и конце нефтяной эпохи в России"				1147234	Январь 2025	99	2025-01-01	1147282
1573	Минута в минуту	1 141 828,0	143	100	+43	100	16088	+20 000	—				1140219	Январь 2025	100	2025-01-01	1141828
1574	Заповедник	1 125 198,0	98	101	-3	101	152559	-10 000	"Все ждут Трампа. Санта сбит ПВО. ""Выборы"" Лукашенко – ""Заповедник"", выпуск 342"				1109942	Январь 2025	101	2025-01-01	1125198
1575	Илья Яшин	1 110 683,0	130	102	+28	102	1074907	+10 000	⚡ Какой будет сделка Трампа и Путина по Украине?				1003192	Январь 2025	102	2025-01-01	1110683
1576	БАРМАЛЕЙКА	1 106 410,0	110	103	+7	103	0	+1 000	УЖOC! Россияне не узнали президента после нового года				1106410	Январь 2025	103	2025-01-01	1106410
1577	Белковский	1 066 351,0	114	104	+10	104	118909	-	ИСТОРИЯ НАШЕЙ ДЕПРЕССИИ. Новогодний эпизод. Белковский + Бильжо. Paraclete @BelkovskiyS				1054460	Январь 2025	104	2025-01-01	1066351
1578	Михаил Веллер	1 020 867,0	112	105	+7	105	13675	+2 000	ПРИФРОНТОВОЙ ГЛОБУС ЗАПУЩЕННОЙ ВОЙНЫ: УКРАИНА КРАЙНЯЯ #веллер 28 01 2025				1019499	Январь 2025	105	2025-01-01	1020867
1579	НО.Медиа из России	1 011 368,0	90	106	-16	106	179150	+2 000	Трамп возвращается. Как его решения повлияют на Россию?				993453	Январь 2025	106	2025-01-01	1011368
1580	Объектив	1 010 015,0	115	107	+8	107	115	+3 000	Как журналистка выдумывала истории для независимых российских СМИ | История Несоевой @Obyektiv				1010003	Январь 2025	107	2025-01-01	1010015
1581	Руслан Усачев	952 776,0	71	108	-37	108	1953	-	Трамп отменяет гранты // DeepSeek - Революция в ИИ // Илон Маск читер				952581	Январь 2025	108	2025-01-01	952776
1582	Forbes	944 313,0	102	109	-7	109	201587	+6 000	Роберт Кийосаки: мира не будет, доллар падает, банки рушатся. Автор «Богатый папа, бедный папа»				924154	Январь 2025	109	2025-01-01	944313
1583	Когнитивный надзор	919 898,0	109	110	-1	110	0	+3 000	Смысловой разбор интервью Волкова Дудю				919898	Январь 2025	110	2025-01-01	919898
1584	The Insider	919 210,0	97	111	-14	111	164192	+3 000	«Девочки» для Кремля. Эскорт под «крышей» правительства				902791	Январь 2025	111	2025-01-01	919210
1585	The Insider Live	905 629,0	104	112	-8	112	1248	+4 000	Смерти топ-менеджеров в «Газпроме»: расследование | Провокации ФСБ в делах о госизмене | Прослушка				905504	Январь 2025	112	2025-01-01	905629
1586	Карты и стрелочки	864 091,0	119	113	+6	113	2333810	+4 000	Полтора километра до Суджи. Наступление с двух сторон в Курской области. Корейцы заговорили в плену				630710	Январь 2025	113	2025-01-01	864091
1587	Ростислав Мурзагулов	817 245,0	148	114	+34	114	3807803	+4 000	Продажная любовь на СВО: душераздирающие особенности				436465	Январь 2025	114	2025-01-01	817245
1588	Владислав Жуковский	803 834,0	116	115	+1	115	722	+2 000	Липсиц: ПОЛНЫЙ ХАОС В ЭКОНОМИКЕ! ТРАМП ОБРУШИТ НЕФТЬ? В БЮДЖЕТЕ НЕТ ДЕНЕГ! У РОССИЯН ОТНИМУТ ВСЁ?				803762	Январь 2025	115	2025-01-01	803834
1589	Ксения Ларина	803 785,0	106	116	-10	116	8662	+2 000	Памяти Евгении ДОБРОВОЛЬСКОЙ / / @xlarina				802919	Январь 2025	116	2025-01-01	803785
1590	Антонов такой Антонов	802 789,0	107	117	-10	117	191913	+1 000	Новый год новая жизнь: спорт, здоровье, питание и биохакинг				783598	Январь 2025	117	2025-01-01	802789
1591	Дмитрий Дёмушкин	792 927,0	147	118	+29	118	126	+2 000	Скоро начнется большой шторм. (Дмитрий Дёмушкин)				792914	Январь 2025	118	2025-01-01	792927
1592	Ищем Выход	789 894,0	113	119	-6	119	14088	+1 000	ПЛЮЩЕВ очень откровенно про Breakfast Show, семью и жену на Первом канале | Особое мнение				788485	Январь 2025	119	2025-01-01	789894
1593	Masyanya Kuvaeva	742 556,0	101	120	-19	120	4290	-	—				742127	Январь 2025	120	2025-01-01	742556
1594	Сергей Бойко	664 355,0	105	121	-16	121	20456	+19 000	ДИСКРЕДИТАЦИЯ #57. Конец света — нет интернета!				662309	Январь 2025	121	2025-01-01	664355
1595	Важные истории	647 001,0	117	122	-5	122	190952	-	—				627906	Январь 2025	122	2025-01-01	647001
1596	Бондаренко LIVE	623 306,0	89	123	-34	123	0	+1 000	В Госдуме поддержали введение в сверхдержаве продуктовых карточек				623306	Январь 2025	123	2025-01-01	623306
1597	Первый отдел	600 515,0	131	124	+7	124	12183	+6 000	Почему РКН не замечает на₽кошопы?				599297	Январь 2025	124	2025-01-01	600515
1598	Адекватный Русский	590 878,0	118	125	-7	125	5908784	+1 000	—				0	Январь 2025	125	2025-01-01	590878
1599	Холод	586 522,0	111	126	-15	126	226810	+1 000	Как поправел Илон Маск, и как другие миллиардеры Кремниевой долины полюбили Дональда Трампа				563841	Январь 2025	126	2025-01-01	586522
1600	ОТДЕЛЬНАЯ ЦИВИЛИЗАЦИЯ	585 031,0	144	127	+17	127	3706	+1 000	🔥ЛЮДИ О ГЕЙМЕРАХ И ЗАПРЕТЕ ВИДЕОИГР.ОПРОС 2025				584660	Январь 2025	127	2025-01-01	585031
1601	Котрикадзе Дзядко	584 023,0	153	128	+25	128	0	+2 000	Грозев о приказе Путина убить его, расследовании убийства Навального и настроениях «элиты»				584023	Январь 2025	128	2025-01-01	584023
1602	Votvot	572 990,0	169	129	+40	129	51295	+6 000	Самооценка. Новый стендап Дениса Чужого на русском языке				567860	Январь 2025	129	2025-01-01	572990
1603	SOBOLEV	564 471,0	79	130	-51	130	0	-10 000	ЧЕМ ЗАКОНЧИТСЯ ВОЙНА ДЛЯ РОССИИ, УКРАИНЫ И США? Прогноз от аналитика Павла Щелина на 2025 год				564471	Январь 2025	130	2025-01-01	564471
1604	Крым.Реалии	554 284,0	136	131	+5	131	418388	+1 000	Сайт «ГРУЗ 200». Идентифицировано тысячу убитых крымчан, воевавших на стороне РФ | Крым.Реалии ТВ				512445	Январь 2025	131	2025-01-01	554284
1605	CIT	543 851,0	124	132	-8	132	339	+200	День 1052. Обзор битвы за Покровск, итоги захвата Курахово				543817	Январь 2025	132	2025-01-01	543851
1606	Андрей Пионтковский	506 369,0	156	133	+23	133	3457	-	⚡ПИОНТКОВСКИЙ & ЦИМБАЛЮК: Вот, что Трамп ПРИГОТОВИЛ для США! Грядёт УЖАСНОЕ: Америка НА УШАХ				506023	Январь 2025	133	2025-01-01	506369
1607	Набутовы	494 910,0	121	134	-13	134	361903	-	Блокада Ленинграда / Наброски #165				458720	Январь 2025	134	2025-01-01	494910
1608	Oleg Kashin	480 186,0	140	135	+5	135	10215	+400	Юлия Латынина о грантах и чем они опасны для русских				479164	Январь 2025	135	2025-01-01	480186
1609	SVTV	456 910,0	141	136	+5	136	37153	-	СВЕТОВ // КАШИН // СОЕВАЯ ЖУРНАЛИСТИКА				453195	Январь 2025	136	2025-01-01	456910
1610	Политолог Аббас Галлямов	452 628,0	139	137	+2	137	41167	+2 000	Как люди становятся мерзавцами? 13.1.2025 @DmytriyGordon				448511	Январь 2025	137	2025-01-01	452628
1611	Вестник Бури	437 427,0	120	138	-18	138	0	-	АПАРТЕИД В ЮАР: Африканский рейх, Нельсон Мандела и расизм				437427	Январь 2025	138	2025-01-01	437427
1612	РОМБ	435 372,0	137	139	-2	139	69021	+1 000	—				428470	Январь 2025	139	2025-01-01	435372
1613	Zakhar Artemiev	435 135,0	155	140	+15	140	29300	-	Ц₽ и приставы. Жуткая трагедия в СПб и Год Святой Троицы				432205	Январь 2025	140	2025-01-01	435135
1614	Это Осетинская!	424 408,0	154	141	+13	141	450726	-	Про жизнь и искусственный интеллект. Большой разговор с профессором Иваном Ямщиковым				379335	Январь 2025	141	2025-01-01	424408
1615	Кавказ.Реалии	418 572,0	150	142	+8	142	361013	+1 000	Конфликт с сыном главы Северной Осетии | ПОДКАСТ (№220)				382471	Январь 2025	142	2025-01-01	418572
1616	7x7 Горизонтальная Россия	414 553,0	103	143	-40	143	323008	+2 000	С какой зарплаты начинается средний класс? // Опрос 7x7 в регионах России				382252	Январь 2025	143	2025-01-01	414553
1617	Медиазона	399 397,0	108	144	-36	144	41939	+1 000	Потери России в войне с Украиной. У России кончаются танки и БМП? | Сводка 17 января 2025				395203	Январь 2025	144	2025-01-01	399397
1618	Евгений Трикоз	376 992,0	157	145	+12	145	3340746	+2 000	—				42917	Январь 2025	145	2025-01-01	376992
1619	Майор в отставке	371 794,0	133	146	-13	146	9630	+4 500	Главный лжец планеты				370831	Январь 2025	146	2025-01-01	371794
1620	РАЗГОВОРНЫЙ ЖАНР	354 325,0	135	147	-12	147	55824	-1 000	КВН сегодня: Мизулина в жюри, шутки про Трампа, геев и Европу				348743	Январь 2025	147	2025-01-01	354325
1621	Гроза / Николай Росов	351 449,0	160	148	+12	148	2114	+1 000	МЭДДИСОН, РОСОВ, ХОВАНСКИЙ | Конторский Светов, Подземные люди, Велесова книга, Патриотизм				351238	Январь 2025	148	2025-01-01	351449
1622	Andrei Illarionov (Андрей Илларионов)	351 336,0	145	149	-4	149	414	+1 100	Революция Трампа				351295	Январь 2025	149	2025-01-01	351336
1623	ЗЫГАРЬ	351 092,0	125	150	-25	150	396434	+2 000	—				311449	Январь 2025	150	2025-01-01	351092
1624	Пастуховская Кухня	328 581,0	129	151	-22	151	2165	+1 000	ТРАМП как ПУТИН: что США готовят для Зеленского, Украины и Мира. Пастуховская Кухня - Пастухов				328364	Январь 2025	151	2025-01-01	328581
1625	Роман Юнеман	326 228,0	134	152	-18	152	86637	+2 000	ПРОВАЛ ДЕМОГРАФИИ. Почему русских станет еще меньше в 2025?				317564	Январь 2025	152	2025-01-01	326228
1626	Кринж с Жуковой	322 976,0	162	153	+9	153	107261	+2 400	Путин вас обманул. Экологическая катастрофа в Черном море — не случайность!				312250	Январь 2025	153	2025-01-01	322976
1627	Лиза Лазерсон	318 487,0	126	154	-28	154	0	+1 000	—				318487	Январь 2025	154	2025-01-01	318487
1628	Sergey Aleksashenko	307 503,0	151	155	-4	155	1806	-1 000	Экономика пушек бьёт по населению, и Путин это видит @vvlashchenko				307322	Январь 2025	155	2025-01-01	307503
1629	Радио Свобода Live	305 408,0	166	156	+10	156	5	+1 200	"Владимир Пастухов: ""Гигантская империя увязла в войне"" | Весь эфир"				305407	Январь 2025	156	2025-01-01	305408
1630	Yevgenia Albats	282 112,0	152	157	-5	157	24720	+1 000	Андрей Козырев и Андрей Колесников: что нас ждет в 2025-м году. Война, Трамп, санкции				279640	Январь 2025	157	2025-01-01	282112
1631	Сергей Смирнов	275 971,0	149	158	-9	158	120635	+1 000	АВАНТЮРА ЛЕНИНА. НА БЕРЛИН ЧЕРЕЗ ВАРШАВУ! Итоги Польского похода Красной армии				263907	Январь 2025	158	2025-01-01	275971
1632	Форум свободной России	270 978,0	158	159	-1	159	35042	-	LIVE: В ожидании Трампа | Михаил Веллер				267474	Январь 2025	159	2025-01-01	270978
1633	Реалии	253 019,0	176	160	+16	160	71668	-	В Якутии нашли уникально сохранившиеся останки мамонтёнка. Находке более 50 тысяч лет				245852	Январь 2025	160	2025-01-01	253019
1634	Nовые Куклы	242 978,0	127	161	-34	161	39722	+2 000	—				239006	Январь 2025	161	2025-01-01	242978
1635	ШАЦ	230 296,0	202	162	+40	162	240040	+1 000	Руслан Белый | РАДИ ЧЕГО #5 | Шац, Оганисян				206292	Январь 2025	162	2025-01-01	230296
1636	Быть Или	228 960,0	93	163	-70	163	0	-	—				228960	Январь 2025	163	2025-01-01	228960
1637	DOXA | ДОКСА	228 512,0	161	164	-3	164	226616	+2 000	Пограничное расстройство личности (ПРЛ) и как с ним жить				205850	Январь 2025	164	2025-01-01	228512
1638	Маша Борзунова	216 940,0	201	165	+36	165	1188	-	—				216821	Январь 2025	165	2025-01-01	216940
1639	MRR — My Russian Rights	208 484,0	159	166	-7	166	370061	-	Зеки пойдут на СВО без выплат, меч-кладенец со стразами и новогодние окна. СТРИМ Ольги Романовой				171478	Январь 2025	166	2025-01-01	208484
1640	Богатый регион	206 492,0	142	167	-25	167	660	+1 200	От Ералаша до СВО: как оправдали режиссёра, обвинённого в педофилии				206426	Январь 2025	167	2025-01-01	206492
1641	Транзит	186 262,0	Новое	168	Новое	168	19483	+11 850	Тула — родной город Екатерины Шульман | Не московское время				184314	Январь 2025	168	2025-01-01	186262
1642	Lazarevatut	159 820,0	165	169	-4	169	23482	+2 000	Как подростки справляются с одиночеством? | Где я? с Татьяной Лазаревой | Дюссельдорф, Германия				157472	Январь 2025	169	2025-01-01	159820
1643	ШЕПЕЛИН	158 464,0	164	170	-6	170	765	-	Путин сливается с вины за подбитый самолет | В Казани «расхлебывают» фекальный потоп | ДР ШЕПЕЛИНА				158387	Январь 2025	170	2025-01-01	158464
1644	Рабкор	154 119,0	163	171	-8	171	881	-	Сделка Трампа и Путина. Новая технологическая революция Маска и кто за неё заплатит? / Сахнин				154031	Январь 2025	171	2025-01-01	154119
1645	Ольга Цуканова🔴Общественный деятель	149 668,0	181	172	+9	172	4194	+700	Меня объявили в розыск, чтобы начать мобилизацию?				149249	Январь 2025	172	2025-01-01	149668
1646	Юзефович	139 281,0	168	173	-5	173	98704	+2 000	—				129411	Январь 2025	173	2025-01-01	139281
1647	Сергей Пархоменко	139 098,0	180	174	+6	174	76	-	Особое мнение @zhivoygvozd. 01.01.2025				139090	Январь 2025	174	2025-01-01	139098
1648	Фёдор Крашенинников	130 144,0	182	175	+7	175	10961	-	Контуры нового мира и обзор текущих событий I Фёдор Крашенинников ON AIR				129048	Январь 2025	175	2025-01-01	130144
1649	Страна и мир	108 668,0	171	176	-5	176	48035	+300	Рогов о главном. 2025: куда ведет мир Дональд Трамп				103864	Январь 2025	176	2025-01-01	108668
1650	ГражданинЪ TV	108 611,0	194	177	+17	177	372	-	Дебаты: Лев Шлосберг и Юрий Пивоваров о войне и мире, свободе и будущем России и Украины				108574	Январь 2025	177	2025-01-01	108611
1651	Пикули	95 887,0	184	178	+6	178	13241	-1 000	ПатриотКИНО Live: Сто лет тому вперёд (Юра Борисов, Антон Пикули, демшиза и Макс)				94563	Январь 2025	178	2025-01-01	95887
1652	Как теперь / проект ОВД-Инфо	94 840,0	172	179	-7	179	53650	-	Благотворительный стрим про «баймакское дело» от ОВД-Инфо, Эха и Аспекты - Башкортостан				89475	Январь 2025	179	2025-01-01	94840
1653	Татьяна Фельгенгауэр	84 270,0	173	180	-7	180	901	-	Смертельный менеджмент: серия загадочных смертей топ-менеджеров России				84180	Январь 2025	180	2025-01-01	84270
1654	Открытые медиа	68 663,0	177	181	-4	181	809	-	—				68582	Январь 2025	181	2025-01-01	68663
1655	Говорящие Головы	65 313,0	183	182	+1	182	23178	-	Илья Шепелин - успех Юры Борисова, зига Маска и надежда на Трампа				62995	Январь 2025	182	2025-01-01	65313
1656	Whalesplaining	58 361,0	170	183	-13	183	0	-	—				58361	Январь 2025	183	2025-01-01	58361
1657	SOTA	52 764,0	174	184	-10	184	2358	+100	ФСБ, МИД и Генпрокуратура: как запрещают организации и СМИ в России				52528	Январь 2025	184	2025-01-01	52764
1658	RusNews	52 007,0	190	185	+5	185	33424	-1 000	⭕️ «Путинская диктатура может меня убить» – диссидент Александр Скобов* об отношении к обвинению				48665	Январь 2025	185	2025-01-01	52007
1659	Movchans	48 268,0	178	186	-8	186	384	+100	Обзор макроэкономической ситуации от Movchan's Group. Январь 2025				48230	Январь 2025	186	2025-01-01	48268
1660	MOUNT SHOW	46 934,0	187	187	-	187	47286	-1 000	—				42205	Январь 2025	187	2025-01-01	46934
1661	Красный поворот	44 619,0	196	188	+8	188	13004	+100	Начало худшего года. Поздравление Путина и прочих. Новые цены, ЧП, жертвы. Стрим/Сергей Крупенько				43319	Январь 2025	188	2025-01-01	44619
1662	Карен Шаинян	43 652,0	189	189	-	189	62514	-1 000	—				37401	Январь 2025	189	2025-01-01	43652
1663	ZIMA MAGAZINE	38 971,0	199	190	+9	190	81	-100	Борис Акунин: Презентация книг «Мой календарь», «Сказки»				38963	Январь 2025	190	2025-01-01	38971
1664	Ворнадзор	33 764,0	175	191	-16	191	19075	+300	Горит нефтебаза. Контрактника убили в части				31856	Январь 2025	191	2025-01-01	33764
1665	Андрей Пивоваров	33 568,0	218	192	+26	192	104	+300	—				33558	Январь 2025	192	2025-01-01	33568
1666	Семён Кочкин	30 892,0	192	193	-1	193	31545	-100	Новые обыски и аресты в правительстве. Когда посадят главу Чувашии?				27737	Январь 2025	193	2025-01-01	30892
1667	Виктор Шендерович	29 025,0	186	194	-8	194	1870	-	"ШЕНДЕРОВИЧ*: проблемы правых и левых в Европе, сделка Израиля и ""ХАМАС"", разочарование"				28838	Январь 2025	194	2025-01-01	29025
1668	Губин ON AIR	28 305,0	197	195	+2	195	0	-100	"Навальный как Иисус, Певчих - Магдалина? ""Губин ON AIR"" 03.01.2025"				28305	Январь 2025	195	2025-01-01	28305
1669	НЕОРУЭЛЛ	27 111,0	191	196	-5	196	1300	-	—				26981	Январь 2025	196	2025-01-01	27111
1670	Anna Zueva	24 478,0	193	197	-4	197	46196	+100	—				19858	Январь 2025	197	2025-01-01	24478
1671	Пермь 36,6	23 550,0	204	198	+6	198	11529	+100	Скрепы, санкции, русская хтонь и неудачник сынок олигарха в купленной ему команде Формулы 1				22397	Январь 2025	198	2025-01-01	23550
1672	Убежище оппозиции	23 514,0	167	199	-32	199	0	-	Почему в российской культуре такой бардак?				23514	Январь 2025	199	2025-01-01	23514
1673	Депутат Елена Шувалова	22 991,0	198	200	-2	200	14519	-	Гламурненько и страшно				21539	Январь 2025	200	2025-01-01	22991
1674	Утро Февраля	21 825,0	185	201	-16	201	5540	-1 000	💥ГЛАВА БЕЛОГО ДОМА ЗНАЕТ ВСЕ СЛАБЫЕ МЕСТА ПУТИНА. ИХ ВСТРЕЧА ОПРЕДЕЛИТ ВСЁ!				21271	Январь 2025	201	2025-01-01	21825
1675	Дозор в Волгограде	20 990,0	208	202	+6	202	3200	-	Поверил Путину и остался инвалидом | Как государство бросает бойцов СВО				20670	Январь 2025	202	2025-01-01	20990
1676	FURYDROPS. Блог Григория Баженова об экономике.	18 800,0	200	203	-3	203	489	-100	—				18751	Январь 2025	203	2025-01-01	18800
1677	Голос. За честные выборы	18 321,0	205	204	+1	204	402	+100	Как выборы в 2024 году изменили мир? / Аббас Галлямов*				18281	Январь 2025	204	2025-01-01	18321
1678	Дарья Беседина	17 526,0	206	205	+1	205	0	-100	Человейники: что делать с массовой высотной застройкой? | Дарья Беседина				17526	Январь 2025	205	2025-01-01	17526
1679	Varlamov Talks	13 207,0	211	206	+5	206	0	-2 000	—				13207	Январь 2025	206	2025-01-01	13207
1680	Трудовая Россия	12 472,0	203	207	-4	207	514	-	КОММУНИСТЫ И БОРЬБА ЗА ВЛАСТЬ. Чем занимаются левые сегодня? Новый сюжет Элмара Рустамова				12421	Январь 2025	207	2025-01-01	12472
1681	Фарида Курбангалеева	12 097,0	179	208	-29	208	0	-500	—				12097	Январь 2025	208	2025-01-01	12097
1682	Хроники.Медиа	11 445,0	222	209	+13	209	17094	-100	Обойти санкции и заработать: как Латвия покупала российский битум				9736	Январь 2025	209	2025-01-01	11445
1683	Леонид Волков	8 103,0	210	210	-	210	366	-	—				8066	Январь 2025	210	2025-01-01	8103
1684	Псковская Губерния	6 362,0	207	211	-4	211	641	-20	ИНАУГУРАЦИЯ ДОНАЛЬДА ТРАМПА и ЖЕСТ ИЛОНА МАСКА // ЛАБВАКАР				6298	Январь 2025	211	2025-01-01	6362
1685	Удмуртия против коррупции	5 704,0	188	212	-24	212	13113	-	Сколько стоит родить и сколько лет ждать одну школу? Правда об Удмуртии #5				4393	Январь 2025	212	2025-01-01	5704
1686	Идите лесом	4 920,0	Новое	213	Новое	213	801	+190	Военное училище, армия и отказ от участия в войне				4840	Январь 2025	213	2025-01-01	4920
1687	Сергей Гуриев	3 739,0	212	214	-2	214	0	-1 000	—				3739	Январь 2025	214	2025-01-01	3739
1688	Юлия Галямина	2 900,0	209	215	-6	215	3451	-	Патриотизм в истории и сегодня: Шаман, Монеточка, Макаревич, Шевчук | просто политика				2555	Январь 2025	215	2025-01-01	2900
1689	Левый Фронт	2 854,0	215	216	-1	216	0	-	—				2854	Январь 2025	216	2025-01-01	2854
1690	Екатерина Дунцова	2 706,0	195	217	-22	217	366	-500	Стратегическая сессия Рассвет - 2025				2669	Январь 2025	217	2025-01-01	2706
1691	Борис Надеждин	2 162,0	214	218	-4	218	1799	-1 000	—				1982	Январь 2025	218	2025-01-01	2162
1692	Аполитичность губит	1 998,0	217	219	-2	219	76	0	—				1990	Январь 2025	219	2025-01-01	1998
1693	ЦУРреализм	1 801,0	216	220	-4	220	0	0	—				1801	Январь 2025	220	2025-01-01	1801
1694	Омское Гражданское Объединение	1 350,0	213	221	-8	221	2197	0	Экологический коллапс в Чёрном Море — почему это было неизбежно				1130	Январь 2025	221	2025-01-01	1350
1695	ИГОРЬ ЛИПСИЦ: ПРО ЭКОНОМИКУ И МАРКЕТИНГ	1 290,0	Новое	222	Новое	222	0	300	—				1290	Январь 2025	222	2025-01-01	1290
1696	Эльвира Вихарева	1 086,0	219	223	-4	223	0	-400	—				1086	Январь 2025	223	2025-01-01	1086
1697	Фактор	601,0	220	224	-4	224	0	-200	—				601	Январь 2025	224	2025-01-01	601
1698	Дмитрий Гудков	513,0	221	225	-4	225	122	-200	—				501	Январь 2025	225	2025-01-01	513
1699	УНІАН	102 722 603,00	1	1	-	1	850811	+50 000	Терпение лопнуло! Карелия ВЫХОДИТ из состава России. Кремль теряет контроль | Крах недоимперии				102637522	Декабрь 2024	1	2024-12-01	102722603
1700	NEXTA Live	58 857 749,0	2	2	-	2	14457974	+100 000	Переговоры сорваны / Атакована база США в Европе				57411952	Декабрь 2024	2	2024-12-01	58857749
1701	Телеканал Дождь	51 404 583,0	5	3	+2	3	14221315	+30 000	Альбац разбирает прямую линию Путина: вранье, возрастные проблемы и Орешник				49982451	Декабрь 2024	3	2024-12-01	51404583
1702	Ходорковский LIVE	43 807 269,0	4	4	-	4	19258519	+50 000	⚡️НОВОСТИ | СТРАШНЫЙ УДАР ПО КАЗАНИ | ПОДЖОГИ МАШИН ГАИ | ГОССОВЕТ ПУТИНА | КИРКОРОВ ПРОТИВ ИВЛЕЕВОЙ				41881417	Декабрь 2024	4	2024-12-01	43807269
1703	Майкл Наки	42 683 180,0	6	5	+1	5	48074	+40 000	ПУТИНА УНИЧТОЖИЛИ НА ЕГО ЖЕ ПРЯМОЙ ЛИНИИ				42678373	Декабрь 2024	5	2024-12-01	42683180
1704	Анатолий Шарий	40 822 754,0	3	6	-3	6	171179	+40 000	Фронт рассыпается слишком быстро				40805636	Декабрь 2024	6	2024-12-01	40822754
1705	Дмитрий Гордон	34 499 254,0	9	7	+2	7	9501590	+50 000	Личный враг Путина и Кадырова Кутаев. Трамп и Эрдоган открыли второй фронт против Путина, Сирия все				33549095	Декабрь 2024	7	2024-12-01	34499254
1706	Максим Кац	30 703 553,0	7	8	-1	8	2427	+20 000	Переворот в Сирии | Почему пал режим Асада (English subtitles) @Max_Katz				30703310	Декабрь 2024	8	2024-12-01	30703553
1707	varlamov	29 753 976,0	13	9	+4	9	0	+30 000	На чем сидит Россия | Популярнейший ***, влияние на мозг, при чем здесь Израиль и эмигранты				29753976	Декабрь 2024	9	2024-12-01	29753976
1708	DW на русском	28 395 174,0	12	10	+2	10	3026640	+30 000	Крушение самолета в Актау: реакция Алиева на извинения Путина и новые детали трагедии				28092510	Декабрь 2024	10	2024-12-01	28395174
1709	Популярная политика	26 069 877,0	10	11	-1	11	18197234	+40 000	Блокировка Ютуба началась. Что делать?				24250154	Декабрь 2024	11	2024-12-01	26069877
1710	И Грянул Грэм	23 472 039,0	15	12	+3	12	122269	+30 000	"""ВСЕМ КРЫШКА"": ученый объяснил, что РФ утопила в Средиземном море и какой реактор остался без защиты"				23459812	Декабрь 2024	12	2024-12-01	23472039
1711	Обманутый Россиянин	22 690 352,0	14	13	+1	13	0	+20 000	Путина забыли загримировать... ДАЖЕ КАБАЕВА НЕ СРАЗУ УЗНАЛА				22690352	Декабрь 2024	13	2024-12-01	22690352
1712	ВОТ ТАК	21 536 021,0	17	14	+3	14	5272464	+30 000	❗Кадры изнутри падающего самолета рейса Баку – Грозный. 29 человек чудом выжили				21008775	Декабрь 2024	14	2024-12-01	21536021
1713	Антон Хардин	21 414 555,0	16	15	+1	15	79594	+10 000	Мужики, это обращение не покажут! Смотрите и берите пример! Вот что ждет				21406596	Декабрь 2024	15	2024-12-01	21414555
1714	Euronews по-русски	21 063 916,0	20	16	+4	16	5507	+30 000	Киев и Москва ответили Трампу, готовы ли они к прекращению войны				21063365	Декабрь 2024	16	2024-12-01	21063916
1715	МИНАЕВ LIVE	20 494 735,0	8	17	-9	17	0	+60 000	Рокфеллеры: Что скрывает богатейшая семья мира и почему их ненавидят @MINAEVLIVE				20494735	Декабрь 2024	17	2024-12-01	20494735
1716	The Breakfast Show	19 025 930,0	19	18	+1	18	136521	+30 000	Пилот о катастрофе в Актау: причины трагедии				19012278	Декабрь 2024	18	2024-12-01	19025930
1717	Настоящее Время. Док	18 811 004,0	11	19	-8	19	14212712	+40 000	Узкоколейки России, Украины и стран Балтии				17389733	Декабрь 2024	19	2024-12-01	18811004
1718	Редакция	18 259 221,0	18	20	-2	20	8880	+20 000	Что свержение Асада значит для Сирии и России?				18258333	Декабрь 2024	20	2024-12-01	18259221
1719	BBC News - Русская служба	18 100 129,0	27	21	+6	21	2010541	+60 000	Новый лидер Сирии: «Мы не совершали преступлений, оправдывающих клеймо террористической группы»				17899075	Декабрь 2024	21	2024-12-01	18100129
1720	Юрий Швец -- официальный канал	14 033 758,0	22	22	-	22	732086	-	Власть в США захватил “Комитет 20-ти” / Они сорвали “украинскую военную операцию” / №861/ Швец				13960549	Декабрь 2024	22	2024-12-01	14033758
1721	Alexey Arestovych	13 656 879,0	21	23	-2	23	4627914	-	Арестович: Каковы последствия отказа от мира для Украины? @A.Shelest				13194088	Декабрь 2024	23	2024-12-01	13656879
1722	Настоящее Время	13 562 339,0	24	24	-	24	2456243	+10 000	Российская ракета ПВО, взрыв баллона, стая птиц: разбираем версии крушения самолета в Актау				13316715	Декабрь 2024	24	2024-12-01	13562339
1723	Сергей Ауслендер	12 766 481,0	23	25	-2	25	162697	+32 000	СРОЧНО. Падение режима Асада | Штурм Дамаска, захват власти, армия сложила оружие				12750211	Декабрь 2024	25	2024-12-01	12766481
1724	Радио Свобода	12 183 642,0	26	26	-	26	9537574	+20 000	"НОВОСТИ: ""Самолёт был сбит"", - власти Азербайджана. Путин об окончании войны. Цена новогоднего стола"				11229885	Декабрь 2024	26	2024-12-01	12183642
1725	Роман Цимбалюк	12 117 645,0	29	27	+2	27	2864126	-	План Трампа начинает реализовываться: «НЕЙТРАЛЬНАЯ» Украина начала вселять ужас в Кремль				11831232	Декабрь 2024	27	2024-12-01	12117645
1726	Александр Невзоров	12 005 880,0	31	28	+3	28	3080566	+10 000	Немыслимая подлость. Россия просчиталась. Чеченское ПВО. Подбитый самолет. Скрепоносцы.				11697823	Декабрь 2024	28	2024-12-01	12005880
1727	Осторожно: Собчак	10 607 690,0	35	29	+6	29	2541738	+10 000	ЕКАТЕРИНА ШУЛЬМАН: когда закончится февраль, о Трампе и спорах в оппозиции				10353516	Декабрь 2024	29	2024-12-01	10607690
1728	Newsader	10 413 800,0	39	30	+9	30	619	+7 000	НАТО захватило резавшее кабели шпионское судно РФ. Вместе с развед-оборудованием!				10413738	Декабрь 2024	30	2024-12-01	10413800
1729	ФЕЙГИН LIVE	10 387 118,0	34	31	+3	31	55110	-10 000	ВЫДЕРЖИТ ЛИ РОССИЙСКАЯ ЭКОНОМИКА? БЕСЕДА С ИГОРЕМ ЛИПСИЦЕМ @Igor.Lipsits1950				10381607	Декабрь 2024	31	2024-12-01	10387118
1730	ШАРФ	10 378 191,0	38	32	+6	32	3625	-	Вот что сегодня случилось. Все хватит, пора все завершить				10377828	Декабрь 2024	32	2024-12-01	10378191
1731	Живой Гвоздь	9 702 098,0	30	33	-3	33	66996	-	Конфликт с НАТО. Перемирие с Украиной. Когда вернётся Пригожин? Прогноз на 2025 год. Соловей*				9695398	Декабрь 2024	33	2024-12-01	9702098
1732	Послезавтра	8 990 607,0	32	34	-2	34	38887339	+30 000	Богатая Норвегия. Почему? @posle_zavtra				5101873	Декабрь 2024	34	2024-12-01	8990607
1733	вДудь	8 988 534,0	37	35	+2	35	0	-	Стыдные вопросы про Китай / вДудь				8988534	Декабрь 2024	35	2024-12-01	8988534
1734	RTVI Новости	8 783 357,0	28	36	-8	36	8764	+20 000	Кто сдал Асада? Эрдоган — враг? О чем договорились Россия, Турция и Иран? / Шевченко				8782481	Декабрь 2024	36	2024-12-01	8783357
1735	Volodymyr Zolkin	8 663 435,0	42	37	+5	37	14239699	+10 000	"ПАДЕНИЕ РОССИЙСКОЙ ЕКОНОМИКИ. ХЕРОИ СВ0.ПРО ФИЛЬМ ""Наши"".Липсиц, Невзоров, Свободный Человек"				7239465	Декабрь 2024	37	2024-12-01	8663435
1736	Denis Kazanskyi	7 992 521,0	40	38	+2	38	29055	+8 000	"""Тотальная ложь и катастрофа на СВО!"" Алаудинов не выдержал и накинулся на Герасимова"				7989615	Декабрь 2024	38	2024-12-01	7992521
1737	Ivan Yakovina	7 568 007,0	25	39	-14	39	249170	-	РФ вляпалась в войну на два фронта | Путин не смог бросить Асада | Перемирие Трампа стало возможным				7543090	Декабрь 2024	39	2024-12-01	7568007
1738	Продолжение следует	7 366 063,0	41	40	+1	40	4707881	+10 000	Жена Асада смертельно больна и не может лечиться в Москве | Срочный разбор				6895275	Декабрь 2024	40	2024-12-01	7366063
1739	Навальный LIVE	7 064 261,0	36	41	-5	41	7619877	-	Империя лжи Путина. Как Эрнст сделал пропаганду оружием власти				6302273	Декабрь 2024	41	2024-12-01	7064261
1740	ПАНЧЕНКО	6 785 130,0	48	42	+6	42	10214843	+30 000	ПУТИН: МИРНЫЕ ПЕРЕГОВОРЫ | #ВзглядПанченко				5763646	Декабрь 2024	42	2024-12-01	6785130
1741	Юрий ВЕЛИКИЙ	6 590 612,0	47	43	+4	43	4251189	-	Как ПУТИН рекламировал свой ОРЕШНИК в Казахстане 😁 [Пародия]				6165493	Декабрь 2024	43	2024-12-01	6590612
1742	А поговорить?	6 365 030,0	79	44	+35	44	301506	+20 000	Загадочная гибель мамы, развод, выход из оппозиции. Евгений Чичваркин и его «боевая подруга»				6334879	Декабрь 2024	44	2024-12-01	6365030
1743	Павел Иванов	6 064 075,0	43	45	-2	45	17745	+11 000	Что происходит с Путиным!? Михаил Делягин				6062300	Декабрь 2024	45	2024-12-01	6064075
1744	Голос Америки	6 043 618,0	33	46	-13	46	3063797	+17 000	Выживший в крушении рейса AZAL Баку-Грозный над Актау				5737238	Декабрь 2024	46	2024-12-01	6043618
1745	ЖестЬ Доброй Воли	5 563 030,0	52	47	+5	47	3606891	+16 000	ПУЙ. По мотивам повести Н.В. Гоголя – «Вий» (В ролях: ЛУКАШЕНКО, МИЗУЛИНА, ПУТИН) @ЖестЬДобройВоли				5202341	Декабрь 2024	47	2024-12-01	5563030
1746	Евгений Киселёв	5 214 203,0	45	48	-3	48	0	+5 000	🔥СОЛОВЕЙ: Кремль СОГЛАСЕН НА УСЛОВИЯ ТРАМПА! Подпишут мир. Мишустину конец. Будет смена власти				5214203	Декабрь 2024	48	2024-12-01	5214203
1747	Комсомольская Правда	4 960 907,0	44	49	-5	49	7248738	+10 000	Что говорят выжившие пассажиры рейса Баку — Грозный				4236033	Декабрь 2024	49	2024-12-01	4960907
1748	Dmitry Kolezev	4 854 832,0	Новое	50	Новое	50	159816	+26 000	Самая страшная тюрьма Сирии. «Седнайя» — пыточная режима Башара Асада				4838850	Декабрь 2024	50	2024-12-01	4854832
1749	Дневник Депутата	4 707 766,0	88	51	+37	51	93349	+20 000	Путин: «Где заводы» и «где деньги»? Допрос министра				4698431	Декабрь 2024	51	2024-12-01	4707766
1750	Константин Сёмин	4 678 676,0	51	52	-1	52	290226	+6 000	Сирийские казни, Орешника хватит, Паразиты нарывались // Галопом по Европам #1316				4649653	Декабрь 2024	52	2024-12-01	4678676
1751	Портников. Аргументы	4 660 141,0	58	53	+5	53	322437	+8 000	Пашинян послал Лукашенко | Виталий Портников				4627897	Декабрь 2024	53	2024-12-01	4660141
1752	Meduza	4 645 420,0	49	54	-5	54	190755	+7 000	В Казахстане упал самолет Баку — Грозный				4626344	Декабрь 2024	54	2024-12-01	4645420
1753	The Люди	4 626 439,0	54	55	-1	55	0	-	Криминальный Екатеринбург 90-х: Уралмаш, Синие, Центровые / История самых страшных ОПГ @anton_lyadov				4626439	Декабрь 2024	55	2024-12-01	4626439
1754	Скажи Гордеевой	4 540 152,0	63	56	+7	56	1939723	+90 000	«Там нет ничего человеческого»// «Скажи Гордеевой». Спецвыпуск				4346180	Декабрь 2024	56	2024-12-01	4540152
1755	Евгений Ступин	4 315 575,0	113	57	+56	57	671926	+20 000	Как смогли взорвать генерала в Москве? От Путина требуют вернуть мобилизованных				4248382	Декабрь 2024	57	2024-12-01	4315575
1756	Tamara Eidelman	4 200 340,0	53	58	-5	58	6287463	+20 000	Сирия. До чего Асады довели страну?				3571594	Декабрь 2024	58	2024-12-01	4200340
1757	Настоящее Время. Сюжеты	3 891 617,0	46	59	-13	59	2425468	+11 000	Это изменит Европу навсегда: почему экстремальные холода до –30ºC станут обыденностью				3649070	Декабрь 2024	59	2024-12-01	3891617
1758	sotavision	3 828 134,0	57	60	-3	60	1432296	+9 000	Россия уже нуждается в мигрантах! Сколько русская баба нарожает? Опрос, Москва				3684904	Декабрь 2024	60	2024-12-01	3828134
1759	Александр Балу	3 746 388,0	68	61	+7	61	0	+2 000	ТУРЦИЯ ОПЯТЬ ОБМАНУЛА, НАДУЛА				3746388	Декабрь 2024	61	2024-12-01	3746388
1760	kremlin	3 664 031,0	67	62	+5	62	0	+15 000	Президенты России и Белоруссии выступили с заявлениями для СМИ				3664031	Декабрь 2024	62	2024-12-01	3664031
1761	NoFake	3 575 813,0	73	63	+10	63	14061744	+32 000	Двойное поздравление | NoFake				2169639	Декабрь 2024	63	2024-12-01	3575813
1762	Валерий Соловей	3 556 016,0	61	64	-3	64	87	+3 000	Мертвый держит живых // Когда перемирие // Заморозка вкладов. Ответы на «горячие» вопросы. Вып.85.				3556007	Декабрь 2024	64	2024-12-01	3556016
1763	Новости СВЕРХДЕРЖАВЫ	3 451 563,0	64	65	-1	65	1872	-	Кадыров будет извиняться – ЧВК неонацистов наехали на Рамзана				3451376	Декабрь 2024	65	2024-12-01	3451563
1764	Клим Жуков	3 345 006,0	69	66	+3	66	835177	+5 000	Клим Жуков. Гладиатор 2: битва с историей Ридли Скотта				3261488	Декабрь 2024	66	2024-12-01	3345006
1765	Екатерина Шульман	3 233 114,0	62	67	-5	67	10985	-	2025: За что будем платить больше? Обмен к инаугурации Трампа. Владимир Пропп. Статус S08E17				3232015	Декабрь 2024	67	2024-12-01	3233114
1766	Радио Свобода. Новости	3 224 939,0	50	68	-18	68	3066072	+10 000	Крушение самолета в Актау. Массированный удар по Украине в Рождество. Погибшие во Льгове. НОВОСТИ				2918332	Декабрь 2024	68	2024-12-01	3224939
1767	Гулагу-нет Официальный канал	3 152 947,0	66	69	-3	69	69331	+10 000	Самолет Embraer E190AR был атакован системой ПВО. Погибли не менее 38 человек. Видео следов атаки				3146014	Декабрь 2024	69	2024-12-01	3152947
1768	Дмитрий ПОТАПЕНКО	3 072 170,0	56	70	-14	70	161	-	Доллар будут сливать? / Решение о заморозке вкладов принято? || Дмитрий Потапенко* отвечает				3072154	Декабрь 2024	70	2024-12-01	3072170
1769	Руслан Усачев	3 033 668,0	55	71	-16	71	6522	-	Взрыв в Москве // Шанс на переговоры // Илон Маск строит город				3033016	Декабрь 2024	71	2024-12-01	3033668
1770	Игорь Яковенко	3 029 495,0	65	72	-7	72	579	+2 000	ДУМАЕМ ВМЕСТЕ С МАРКОМ ФЕЙГИНЫМ				3029437	Декабрь 2024	72	2024-12-01	3029495
1771	varlamov moments	3 021 814,0	71	73	-2	73	160596	+9 000	1937 и сегодня: история, которая повторяется? | Россия, СССР, Сталин | Илья Варламов				3005754	Декабрь 2024	73	2024-12-01	3021814
1772	Новая газета Европа	2 933 088,0	74	74	-	74	467099	+5 000	«Народы возрождаются даже из самой глубокой ямы» / Разговор Екатерины Шульман и Кирилла Мартынова				2886378	Декабрь 2024	74	2024-12-01	2933088
1773	Yulia Latynina	2 884 838,0	60	75	-15	75	8997	-5 000	Алексей Арестович. Запад, Украина, Россия: причины когнитивной и обычной войн				2883938	Декабрь 2024	75	2024-12-01	2884838
1774	Максим Шевченко	2 743 318,0	89	76	+13	76	77825	+9 000	С Максимом Шевченко. Падение Асада. 08.12.24				2735535	Декабрь 2024	76	2024-12-01	2743318
1775	Самый сок 2	2 715 027,0	77	77	-	77	618	-	"Смоленск над Грозным: экипаж Embraer не дал Кремлю повторить ""польский сценарий"""				2714965	Декабрь 2024	77	2024-12-01	2715027
1776	BILD на русском	2 677 317,0	78	78	-	78	163391	+5 000	Наталья Зубаревич и Максим Курников | Интервью BILD				2660978	Декабрь 2024	78	2024-12-01	2677317
1777	SOBOLEV	2 614 512,0	165	79	+86	79	0	-	ДЕБАТЫ. СОБОЛЕВ vs. МАРКАРЯН: женщины, свобода воли, смысл жизни, секта в XXI веке				2614512	Декабрь 2024	79	2024-12-01	2614512
1778	Mark Solonin	2 519 654,0	72	80	-8	80	0	+2 000	Катастрофа 41-го года: аналогов нет /Второй Фронт. Часть 24				2519654	Декабрь 2024	80	2024-12-01	2519654
1779	Острый Угол	2 497 020,0	92	81	+11	81	1127121	+9 000	«Крошка Цахес» | Путинизм как он есть #21				2384308	Декабрь 2024	81	2024-12-01	2497020
1780	Алексей Навальный	2 491 369,0	108	82	+26	82	15348	-10 000	Тайная съемка Навального				2489834	Декабрь 2024	82	2024-12-01	2491369
1781	Михаил Ходорковский	2 378 292,0	84	83	+1	83	1088861	+10 000	Асад всё. Что ждет Путина после потери Сирии?				2269406	Декабрь 2024	83	2024-12-01	2378292
1782	Владимир Милов	2 157 786,0	80	84	-4	84	1296	+13 000	Экономические перспективы на 2025 год все хуже. Что означает решение ЦБ по ставке?				2157656	Декабрь 2024	84	2024-12-01	2157786
1783	Проект	2 072 732,0	99	85	+14	85	2039382	+10 000	Как растет армия Кадырова? | «Проект.Детали»				1868794	Декабрь 2024	85	2024-12-01	2072732
1784	Parfenon	2 067 162,0	83	86	-3	86	69221	-	КВН. Таганка. Шпион Зорге. Нефть по «Дружбе». Радио «Маяк». Брежнев после Хрущёва #НМДНИ-1964				2060240	Декабрь 2024	86	2024-12-01	2067162
1785	Простые числа	1 911 230,0	85	87	-2	87	148438	+4 000	"Чудовищные манипуляции Путина. ""Россия зовёт"" в стагфляцию. // Олег Комолов. Числа недели"				1896386	Декабрь 2024	87	2024-12-01	1911230
1786	Любовь Соболь	1 831 128,0	98	88	+10	88	6528315	+11 000	Без ценностей и стержня. Карьерный путь Валентины Терешковой				1178296	Декабрь 2024	88	2024-12-01	1831128
1787	Бондаренко LIVE	1 673 287,0	140	89	+51	89	0	+7 000	Бондаренко о полной блокировке Youtube				1673287	Декабрь 2024	89	2024-12-01	1673287
1788	НО.Медиа из России	1 672 984,0	93	90	+3	90	1103493	+7 000	Реальные итоги 2024. Беспилотники, перестановки в Минобороны и корейцы на фронте. Валерий Ширяев				1562635	Декабрь 2024	90	2024-12-01	1672984
1789	Аудио статьи	1 669 064,0	70	91	-21	91	224016	+10 000	⚡️Покушение на Картаполова и у6ийство генерала! Скандал в Госдуме против Набиуллиной!				1646662	Декабрь 2024	91	2024-12-01	1669064
1790	kuji podcast	1 663 442,0	102	92	+10	92	0	+3 000	Kuji Live: добавим грусти (Каргинов, Коняев, Сабуров)				1663442	Декабрь 2024	92	2024-12-01	1663442
1791	Быть Или	1 574 380,0	136	93	+43	93	0	-	Кадыров. Судьба Пригожина или Судьба Асада? | Быть Или				1574380	Декабрь 2024	93	2024-12-01	1574380
1792	Александр Штефанов	1 549 842,0	59	94	-35	94	6222	+4 000	Обыкновенная деАсадизация. Что произошло в Сирии?				1549220	Декабрь 2024	94	2024-12-01	1549842
1793	Евгений Чичваркин	1 541 737,0	82	95	-13	95	3959026	+4 000	Чичваркин: это будет финальный 2025 год — всех ЗАМАРИНУЮТ				1145834	Декабрь 2024	95	2024-12-01	1541737
1794	Сергей Асланян	1 505 650,0	94	96	-2	96	3263	+4 000	СЕРГЕЙ АСЛАНЯН: Кто даст добро на ЛИКВИДАЦИЮ Путина. Скоро начнут убирать МИНИСТРОВ.				1505324	Декабрь 2024	96	2024-12-01	1505650
1795	The Insider	1 495 174,0	87	97	-10	97	1804629	+6 000	Джихадисты у власти. Что будет с Сирией?				1314711	Декабрь 2024	97	2024-12-01	1495174
1796	Заповедник	1 471 732,0	91	98	-7	98	147631	-	"Кремль теряет Сирию. Падение рубля. Протесты в Грузии – ""Заповедник"", выпуск 337"				1456969	Декабрь 2024	98	2024-12-01	1471732
1797	РОЙ ТВ	1 382 514,0	81	99	-18	99	0	+1 000	Враг бьет по Таганрогу. Почему он не боится «Орешника»?				1382514	Декабрь 2024	99	2024-12-01	1382514
1798	Нино Росебашвили	1 372 333,0	112	100	+12	100	437	+7 000	"""ВСУ выигрывает время"" НОВИКОВ про план Украины, будущее России и задачи оппозиции"				1372289	Декабрь 2024	100	2024-12-01	1372333
1799	Masyanya Kuvaeva	1 234 823,0	124	101	+23	101	10154	-	Масяня. Эпизод 178. Река Смородина				1233808	Декабрь 2024	101	2024-12-01	1234823
1800	Forbes	1 169 327,0	134	102	+32	102	233388	+4 000	Почему доступное жилье стало утопией. История большой жадности				1145988	Декабрь 2024	102	2024-12-01	1169327
1801	7x7 Горизонтальная Россия	1 167 442,0	101	103	-2	103	678879	+7 000	Цены, цены, цены: Липсиц о российской экономике в 2025 году | КАМИН с Максимом Поляковым				1099554	Декабрь 2024	103	2024-12-01	1167442
1802	The Insider Live	1 139 912,0	104	104	-	104	2123	+3 000	⚡️🎙Асад получил убежище в РФ | Трамп о войне в Украине | Утренний подкаст INSIDE 5				1139700	Декабрь 2024	104	2024-12-01	1139912
1803	Сергей Бойко	1 119 771,0	147	105	+42	105	39164	+41 100	Анна Неасти — Дурак				1115855	Декабрь 2024	105	2024-12-01	1119771
1804	Ксения Ларина	1 114 710,0	117	106	+11	106	19724	+3 000	🎸🎸Ксения Ларина о выступлении Юрия ШЕВЧУКА и DDT				1112738	Декабрь 2024	106	2024-12-01	1114710
1805	Антонов такой Антонов	1 113 175,0	86	107	-21	107	253343	+3 000	Почему вам должно быть по*** на Cирию				1087841	Декабрь 2024	107	2024-12-01	1113175
1806	Медиазона	1 105 139,0	105	108	-3	108	77349	+5 000	Пытки и взятки на войне: рассказ бежавшего лейтенанта о фронтовой тюрьме				1097404	Декабрь 2024	108	2024-12-01	1105139
1807	Когнитивный надзор	1 076 425,0	114	109	+5	109	0	+3 000	ЛАНЬКОВ: в ЮЖНОЙ КОРЕЕ за такое СУРОВО НАКАЗЫВАЮТ!				1076425	Декабрь 2024	109	2024-12-01	1076425
1808	БАРМАЛЕЙКА	1 036 732,0	107	110	-3	110	0	+1 000	Он даже не понимает, что говорит!! У Главстерха перегорела лампочка в прямом эфире				1036732	Декабрь 2024	110	2024-12-01	1036732
1809	Холод	1 027 332,0	139	111	+28	111	841510	+5 000	Кто они, как работают и как защитить себя от провокаторов ФСБ				943181	Декабрь 2024	111	2024-12-01	1027332
1810	Михаил Веллер	1 006 276,0	Новое	112	Новое	112	13882	+3 000	СИРИЙСКИЙ ВЫПАД ТУРЦИИ: КИТАЙ НАГОТОВЕ #веллер 10 12 2024				1004888	Декабрь 2024	112	2024-12-01	1006276
1811	Ищем Выход	1 005 793,0	106	113	-7	113	43369	+4 000	ВАЖНО: Сколько пропало без вести на войне? - Замминистра обороны Анна Цивилева				1001456	Декабрь 2024	113	2024-12-01	1005793
1812	Белковский	962 192,0	111	114	-3	114	14047	+1 000	Прямая линия Путина. Переговоры России и США. Белковский + Бунтман. 19 Декабря 2024 @BelkovskiyS				960787	Декабрь 2024	114	2024-12-01	962192
1813	Объектив	919 112,0	95	115	-20	115	108	+2 000	Авиакатастрофа под Актау | Самолёт сбила российская ПВО?				919101	Декабрь 2024	115	2024-12-01	919112
1814	Владислав Жуковский	907 673,0	100	116	-16	116	1183	+2 000	Липсиц: КРАХ РУБЛЯ? ДЕФОЛТ И ГИПЕРИНФЛЯЦИЯ? ДОЛЛАР ВЗЛЕТИТ ДО 130 РУБ? ВЛАСТЬ РЕШИЛА ОБВАЛИТЬ РУБЛЬ!				907555	Декабрь 2024	116	2024-12-01	907673
1815	Важные истории	893 251,0	137	117	+20	117	492054	+1 000	Что жители Донбасса на самом деле думают о России?				844046	Декабрь 2024	117	2024-12-01	893251
1816	Адекватный Русский	848 920,0	131	118	+13	118	8489200	+3 000	—				0	Декабрь 2024	118	2024-12-01	848920
1817	Карты и стрелочки	836 227,0	145	119	+26	119	2684405	+4 000	Как захватили Алеппо за два дня? Армия Асада спасается бегством? Путин теряет Сирию				567786	Декабрь 2024	119	2024-12-01	836227
1818	Вестник Бури	814 856,0	90	120	-30	120	0	+2 000	ЛИТЕРАТУРА ВОЙНЫ: РОССИЯ vs УКРАИНА / Література війни: РОСІЯ vs УКРАЇНА				814856	Декабрь 2024	120	2024-12-01	814856
1819	Набутовы	805 705,0	109	121	-12	121	83583	+2 000	Переворот в Сирии и свержение Асада / Наброски #161				797347	Декабрь 2024	121	2024-12-01	805705
1820	Самое важное	783 327,0	96	122	-26	122	1466565	+4 000	Секретная операция ГРУ | Что будет с рублём? | Жизнь фавориток Путина | Генерал уволен с позором				636670	Декабрь 2024	122	2024-12-01	783327
1821	Матвей Ганапольский	758 955,0	116	123	-7	123	0	+3 100	ДВИЖУХА ДЛЯ ПУТИНА НАЧАЛАСЬ! / ГАНАПОЛЬСКАЯ ПРАВДА // 21.12.2024				758955	Декабрь 2024	123	2024-12-01	758955
1822	CIT	745 100,0	110	124	-14	124	476	+1 300	День 1013. В Сирии убит российский военный. Заявлено уничтожение северокорейского ПТРК				745052	Декабрь 2024	124	2024-12-01	745100
1823	ЗЫГАРЬ	672 858,0	118	125	-7	125	106613	+6 000	Завоевание Кавказа: Шамиль, Хаджи-Мурат, геноцид черкесов и армян, революция и «дружба народов»				662197	Декабрь 2024	125	2024-12-01	672858
1824	Лиза Лазерсон	670 138,0	160	126	+34	126	0	+3 000	Арсен Маркарян и Лиза Лазерсон. Спор				670138	Декабрь 2024	126	2024-12-01	670138
1825	Nовые Куклы	669 210,0	155	127	+28	127	215080	+5 000	«Бомбила» из Смольного или агент «Штази» на покое				647702	Декабрь 2024	127	2024-12-01	669210
1826	вДудь Shorts	659 690,0	142	128	+14	128	3833855	+5 000	10 фильмов, которые я показал бы инопланетянам				276304	Декабрь 2024	128	2024-12-01	659690
1827	Пастуховская Кухня	659 323,0	103	129	-26	129	1625	+2 000	Мир по Трампу. На что согласится Путин? Сирия: Революция и Россия // Пастуховская Кухня. Пастухов				659160	Декабрь 2024	129	2024-12-01	659323
1828	Илья Яшин	655 043,0	130	130	-	130	416729	-10 000	🔥Как генералы врут Путину. Военные итоги 2024 года				613370	Декабрь 2024	130	2024-12-01	655043
1829	Первый отдел	649 638,0	156	131	+25	131	13591	+9 000	Как программист сорвал спецоперацию ФСБ и раскрыл их важнейшую тайну				648279	Декабрь 2024	131	2024-12-01	649638
1830	НЕ МОЛЧУ	648 603,0	115	132	-17	132	4173316	+2 000	Когда Китай ВТОРГНЕТСЯ в РОССИЮ - вДудь и Габуев				231271	Декабрь 2024	132	2024-12-01	648603
1831	Майор в отставке	628 900,0	123	133	-10	133	43210	+9 000	Ликвидация Путина - реальный сценарий				624579	Декабрь 2024	133	2024-12-01	628900
1832	Роман Юнеман	612 364,0	153	134	+19	134	197088	+5 000	ДОГОВОРНЯК ИЛИ ЯДЕРКА? Все варианты мирного договора между Россией и Украиной				592655	Декабрь 2024	134	2024-12-01	612364
1833	РАЗГОВОРНЫЙ ЖАНР	598 197,0	170	135	+35	135	2725	-	Симоньян убила Санту, Павел Воля за блокировку ютуба, Путин и «движуха», Хинштейн кринжует в Курске				597924	Декабрь 2024	135	2024-12-01	598197
1834	Крым.Реалии	578 920,0	120	136	-16	136	123458	-	Лагерь военнопленных: почему Россия не забирает осужденных в Украине крымчан? | Крым.Реалии ТВ				566574	Декабрь 2024	136	2024-12-01	578920
1835	РОМБ	574 889,0	119	137	-18	137	90396	+2 000	14 МИЛЛИОНОВ ЗА СЫНА | Как матери погибших военнослужащих судятся с биологическими отцами за выплаты				565849	Декабрь 2024	137	2024-12-01	574889
1836	Радио Долин	553 008,0	143	138	+5	138	36081	+3 000	Александр Кузнецов о карьере на Западе и соперничестве с Юрой Борисовым				549400	Декабрь 2024	138	2024-12-01	553008
1837	Политолог Аббас Галлямов	501 675,0	135	139	-4	139	58322	+2 800	Почему Путин так долго выступает? Прямая линия — вместо выборов 19.12.24 @khodorkovskylive				495843	Декабрь 2024	139	2024-12-01	501675
1838	Oleg Kashin	497 680,0	127	140	-13	140	11655	+400	ЗИНАИДА ПРОНЧЕНКО. ЧЕТВЕРТАЯ ВСТРЕЧА				496514	Декабрь 2024	140	2024-12-01	497680
1839	SVTV	491 903,0	125	141	-16	141	67115	+1 000	СВЕТОВ // КАШИН // НЕНАСЫТНЫЕ МОЛОДЫЕ КИСКИ				485191	Декабрь 2024	141	2024-12-01	491903
1840	Богатый регион	490 054,0	75	142	-67	142	671	+3 000	Время страха для элит: в Тюмени сажают чиновников				489987	Декабрь 2024	142	2024-12-01	490054
1841	Минута в минуту	484 033,0	126	143	-17	143	9845	+9 500	Новогодний штурм Грозного. Поминутная реконструкция #минутавминуту				483048	Декабрь 2024	143	2024-12-01	484033
1842	ОТДЕЛЬНАЯ ЦИВИЛИЗАЦИЯ	466 712,0	133	144	-11	144	3096	-	🔥РЕАКЦИЯ ЛЮДЕЙ НА ЧЁРНЫЙ КВАДРАТ МАЛЕВИЧА.ОПРОС 2024				466402	Декабрь 2024	144	2024-12-01	466712
1843	Andrei Illarionov (Андрей Илларионов)	465 163,0	Новое	145	Новое	145	355	+1 100	Война или мир?				465127	Декабрь 2024	145	2024-12-01	465163
1844	TV2media	460 403,0	97	146	-49	146	1315283	+6 000	Как вы можете быть руками режима? // Экс-телеведущая ГТРК Екатерина Миленькая				328875	Декабрь 2024	146	2024-12-01	460403
1845	Дмитрий Дёмушкин	458 569,0	144	147	-3	147	100	-	Штрафы за просмотр ютуба в России. (Дмитрий Демушкин)				458559	Декабрь 2024	147	2024-12-01	458569
1846	Ростислав Мурзагулов	452 624,0	152	148	+4	148	1364575	+4 000	Мурзагулов комментирует Прямую линию Путина				316166	Декабрь 2024	148	2024-12-01	452624
1847	Сергей Смирнов	443 766,0	128	149	-21	149	115884	+3 000	ГОЛОД В КАЗАХСТАНЕ. Как коллективизация в степи обернулась массовой гибелью людей от голода				432178	Декабрь 2024	149	2024-12-01	443766
1848	Кавказ.Реалии	426 344,0	122	150	-28	150	428478	-	Кадыров утроил число подразделений | ПОДКАСТ (№214)				383496	Декабрь 2024	150	2024-12-01	426344
1849	Sergey Aleksashenko	393 415,0	138	151	-13	151	1049	+1 000	Обвал рубля - это подарок к Рождеству				393310	Декабрь 2024	151	2024-12-01	393415
1850	Yevgenia Albats	390 581,0	159	152	+7	152	22764	+1 000	Олег Ицхоки, Олег Вьюгин, Евсей Гурвич: рубль, инфляция, война, финансовые репрессии				388305	Декабрь 2024	152	2024-12-01	390581
1851	Котрикадзе Дзядко	364 196,0	148	153	-5	153	0	+1 000	Что будет в 2025 году: «заморозка» войны, как реагируют элиты, репрессии в России. Венедиктов				364196	Декабрь 2024	153	2024-12-01	364196
1852	Это Осетинская!	341 125,0	146	154	-8	154	220985	+1 000	"""Качество оппозиции было хуже качества власти"". Брутально честный разговор с Дмитрием Некрасовым"				319026	Декабрь 2024	154	2024-12-01	341125
1853	Zakhar Artemiev	339 903,0	121	155	-34	155	46329	-	У₽онят в декабре. Сирия и Алеппо. Турция идет в конфликт? Зачем нам все это?!				335270	Декабрь 2024	155	2024-12-01	339903
1854	Андрей Пионтковский	333 796,0	132	156	-24	156	3132	-1 000	"⚡ПИОНТКОВСКИЙ & ЦИМБАЛЮК: Россиян ВЫШВЫРНУЛИ из Алеппо! Путин РВЁТ И МЕЧЕТ. ""СВО"" будут МЕНЯТЬ?"				333483	Декабрь 2024	156	2024-12-01	333796
1855	Евгений Трикоз	328 404,0	129	157	-28	157	2464295	+1 000	СВОЯ ИГРА. ВСЕ ЧАСТИ #свояигра #юмор				81974	Декабрь 2024	157	2024-12-01	328404
1856	Форум свободной России	312 414,0	157	158	-1	158	16505	+1 000	LIVE: Ложь Путина. Дуэль за жизни украинцев. Кто остановит войну? | Гарри Каспаров, Иван Тютрин				310763	Декабрь 2024	158	2024-12-01	312414
1857	MRR — My Russian Rights	293 080,0	154	159	-5	159	157998	+1 000	Россия — большая зона?				277280	Декабрь 2024	159	2024-12-01	293080
1858	Гроза / Николай Росов	282 892,0	141	160	-19	160	2372	-	ХОВАНСКИЙ И САВВАТЕЕВ:				282655	Декабрь 2024	160	2024-12-01	282892
1859	DOXA | ДОКСА	264 084,0	150	161	-11	161	459450	+3 000	Обзор на пропаганду в «Беременна в 16» // «Мама в 16»				218139	Декабрь 2024	161	2024-12-01	264084
1860	Кринж с Жуковой	244 341,0	168	162	+6	162	49918	+1 400	Инцелы: как девственники хотят лишить женщин прав				239349	Декабрь 2024	162	2024-12-01	244341
1861	Рабкор	241 423,0	151	163	-12	163	950	-	Сирия после Асада. Судьба курдов / Никита Смагин, Михаил Магид				241328	Декабрь 2024	163	2024-12-01	241423
1862	ШЕПЕЛИН	224 534,0	166	164	+2	164	687	+1 000	Путин 4 часа прорабатывал травмы без психотерапевта | Паша Воля за блокировку Ютуба | Джек Бармалей!				224465	Декабрь 2024	164	2024-12-01	224534
1863	Lazarevatut	224 067,0	191	165	+26	165	21440	+4 000	Станислав Белковский // Татьяна Лазарева				221923	Декабрь 2024	165	2024-12-01	224067
1864	Радио Свобода Live	223 527,0	161	166	-5	166	2	+600	Как рухнет «вечный» режим Путина? | Весь эфир				223527	Декабрь 2024	166	2024-12-01	223527
1865	Убежище оппозиции	208 119,0	200	167	+33	167	0	-	Государство работает хорошо?				208119	Декабрь 2024	167	2024-12-01	208119
1866	Юзефович	200 362,0	Новое	168	Новое	168	230233	+2 000	—				177339	Декабрь 2024	168	2024-12-01	200362
1867	Votvot	174 084,0	176	169	+7	169	11340	+1 000	Как большевики взяли под контроль Церковь | Подкаст | Тайная жизнь верующих в СССР				172950	Декабрь 2024	169	2024-12-01	174084
1868	Whalesplaining	169 580,0	162	170	-8	170	0	+2 000	—				169580	Декабрь 2024	170	2024-12-01	169580
1869	Страна и мир	134 396,0	171	171	-	171	7348	+300	Рогов о главном: Подготовка переговоров, Хинштейн в Курске, Европа готовится к войне				133661	Декабрь 2024	171	2024-12-01	134396
1870	Как теперь / проект ОВД-Инфо	134 166,0	167	172	-5	172	15577	+1 000	Что вы сделаете первым делом, когда закончится война? / Шульман, Орлов, Троянова, Панчин и другие				132608	Декабрь 2024	172	2024-12-01	134166
1871	Татьяна Фельгенгауэр	126 872,0	174	173	+1	173	1457	-	Расследование десятилетия! Как коррупционеры и шпионы остались без схемы отмыва денег?				126726	Декабрь 2024	173	2024-12-01	126872
1872	SOTA	124 302,0	172	174	-2	174	2495	+500	Андрей Кураев: военные священники и конец света				124052	Декабрь 2024	174	2024-12-01	124302
1873	Ворнадзор	119 854,0	173	175	-2	175	18450	+1 100	Ректор ВГУ снимал видео для взрослых?				118009	Декабрь 2024	175	2024-12-01	119854
1874	Реалии	118 809,0	158	176	-18	176	308501	+1 000	"""Дружба народов"" под империалистическим соусом. Как советское кино оправдывало колониализм"				87959	Декабрь 2024	176	2024-12-01	118809
1875	Открытые медиа	116 361,0	178	177	+1	177	1120	+1 000	—				116249	Декабрь 2024	177	2024-12-01	116361
1876	Movchans	112 910,0	Новое	178	Новое	178	464	+100	Открытие, ведение и управление счетами в мировых банках: что важно знать. Мовчан и Алексеев				112864	Декабрь 2024	178	2024-12-01	112910
1877	Фарида Курбангалеева	107 085,0	149	179	-30	179	0	+100	Как стукач Хинштейн губернатором стал; Россия без протезов; Будет ли Путин вторым Асадом?				107085	Декабрь 2024	179	2024-12-01	107085
1878	Сергей Пархоменко	106 202,0	175	180	-5	180	90	-1 000	Особое мнение @zhivoygvozd. 04.12.2024				106193	Декабрь 2024	180	2024-12-01	106202
1879	Ольга Цуканова🔴Общественный деятель	102 767,0	164	181	-17	181	11111	+100	Хинштейн в Курске, Лада-Русь помогает народу, Госдума хочет сажать пожизненно				101656	Декабрь 2024	181	2024-12-01	102767
1880	Фёдор Крашенинников	98 770,0	179	182	-3	182	4216	-100	"Что наговорил Путин во время ""прямой линии"" и другие события недели I Фёдор Крашенинников ON AIR"				98348	Декабрь 2024	182	2024-12-01	98770
1881	Говорящие Головы	93 302,0	195	183	+12	183	21197	+1 000	Вася Обломов - раболепство Боярского, билеты на Oasis, встреча с медведем и Владимир Владимирович				91182	Декабрь 2024	183	2024-12-01	93302
1882	Пикули	87 472,0	163	184	-21	184	1821	-	—				87290	Декабрь 2024	184	2024-12-01	87472
1883	Утро Февраля	86 803,0	177	185	-8	185	10752	-1 000	Иероним Чеслав Граля (польский историк, исследователь истории России, дипломат)				85728	Декабрь 2024	185	2024-12-01	86803
1884	Виктор Шендерович	75 648,0	198	186	+12	186	3465	-1 000	ШЕНДЕРОВИЧ*: Итоги Года на @The_Breakfast_Show				75301	Декабрь 2024	186	2024-12-01	75648
1885	MOUNT SHOW	73 714,0	184	187	-3	187	167295	+1 000	Мира не будет. Трамп начнет войну / Депутаты унижают российских женщин / Курьеров отправят на заводы				56984	Декабрь 2024	187	2024-12-01	73714
1886	Удмуртия против коррупции	71 389,0	183	188	-5	188	46809	+600	На сколько подорожал Оливье и куда делся подрядчик? – Правда об Удмуртии. Новогодний выпуск				66708	Декабрь 2024	188	2024-12-01	71389
1887	Карен Шаинян	69 023,0	182	189	-7	189	16065	-	Вебкам, фурри, травля и побег из России: история Максима и Дениса				67416	Декабрь 2024	189	2024-12-01	69023
1888	RusNews	66 278,0	169	190	-21	190	18837	-	⭕️ Что спросите у Путина на Прямой линии 2024? | Опрос RusNews				64394	Декабрь 2024	190	2024-12-01	66278
1889	НЕОРУЭЛЛ	65 222,0	190	191	-1	191	1686	-	—				65053	Декабрь 2024	191	2024-12-01	65222
1890	Семён Кочкин	64 737,0	188	192	-4	192	73355	+300	Детей отравили. Скандал в Чувашии				57401	Декабрь 2024	192	2024-12-01	64737
1891	Anna Zueva	64 005,0	185	193	-8	193	101344	+500	Почему буряты говорят на русском, а русские не говорят по-бурятски? Ответ не понравится никому.				53871	Декабрь 2024	193	2024-12-01	64005
1892	ГражданинЪ TV	61 518,0	181	194	-13	194	1645	-200	Сирия без Асада. Россия без Сирии. Иран без сил. Новая карта Ближнего Востока и мира / Шлосберг live				61353	Декабрь 2024	194	2024-12-01	61518
1893	Екатерина Дунцова	60 873,0	217	195	+22	195	2918	+1 400	Екатерина Дунцова – Присоединяйтесь к «Рассвету» и поддержите перемены!				60581	Декабрь 2024	195	2024-12-01	60873
1894	Красный поворот	60 512,0	189	196	-7	196	9104	+200	Опрос о мигрантах. Новосибирск				59602	Декабрь 2024	196	2024-12-01	60512
1895	Губин ON AIR	56 995,0	186	197	-11	197	0	-100	"Вовочка снова испортил воздух. О рейсе Баку-Грозный. ""Губин ON AIR"" 27.12.2024"				56995	Декабрь 2024	197	2024-12-01	56995
1896	Депутат Елена Шувалова	47 895,0	193	198	-5	198	29546	+200	Не глядите				44940	Декабрь 2024	198	2024-12-01	47895
1897	ZIMA MAGAZINE	45 049,0	187	199	-12	199	91	+100	Борис Гребенщиков: «Книга слов. Неизданные стихи и странности»				45040	Декабрь 2024	199	2024-12-01	45049
1898	FURYDROPS. Блог Григория Баженова об экономике.	42 691,0	192	200	-8	200	734	-	Как работают центральные банки №1: создание денег, модель AD-AS, ДКП и бюджетная политика				42618	Декабрь 2024	200	2024-12-01	42691
1899	Маша Борзунова	42 378,0	202	201	+1	201	802	-1 000	Итоги пропаганды 2024: россияне ждут мира, на ТВ восхищаются «Орешником», Малахов устаёт от войны				42298	Декабрь 2024	201	2024-12-01	42378
1900	ШАЦ	37 932,0	196	202	-6	202	150264	-	Стендап Спешиал. Михаил Шац. «Наконец-то!»				22906	Декабрь 2024	202	2024-12-01	37932
1901	Трудовая Россия	31 865,0	180	203	-23	203	272	+200	—				31838	Декабрь 2024	203	2024-12-01	31865
1902	Пермь 36,6	31 101,0	197	204	-7	204	35226	-	ТРУ КРАЙМ. Когда чудовище возвращается с войны. История Артёма Бучина и его жертв.				27578	Декабрь 2024	204	2024-12-01	31101
1903	Голос. За честные выборы	28 139,0	201	205	-4	205	3551	+100	Почему Хинштейна отправили в Курскую область? / Илья Шуманов, Иван Шукшин				27784	Декабрь 2024	205	2024-12-01	28139
1904	Дарья Беседина	27 737,0	199	206	-7	206	0	-100	Как избавить улицы от снежного месива? | Дарья Беседина				27737	Декабрь 2024	206	2024-12-01	27737
1905	Псковская Губерния	24 654,0	194	207	-13	207	23170	+80	ХИНШТЕЙН — ГУБЕРНАТОР КУРСКОЙ ОБЛАСТИ, а также говорим о делах в Латвийской Республике / ЛАБВАКАР				22337	Декабрь 2024	207	2024-12-01	24654
1906	Дозор в Волгограде	18 087,0	207	208	-1	208	5941	+100	Какие реальные потери армии РФ? Новые данные по Волгограду				17493	Декабрь 2024	208	2024-12-01	18087
1907	Юлия Галямина	15 570,0	210	209	+1	209	6231	+100	2024: итоги и достижения | Шульман, Дунцова, Добрынина, Картавин, Агафонова, Рогов, Боварь, Андреева				14947	Декабрь 2024	209	2024-12-01	15570
1908	Леонид Волков	9 127,0	206	210	-4	210	177	-1 000	—				9109	Декабрь 2024	210	2024-12-01	9127
1909	Varlamov Talks	8 538,0	204	211	-7	211	0	-2 000	—				8538	Декабрь 2024	211	2024-12-01	8538
1910	Сергей Гуриев	5 441,0	209	212	-3	212	0	-1 000	—				5441	Декабрь 2024	212	2024-12-01	5441
1911	Омское Гражданское Объединение	5 149,0	212	213	-1	213	4128	-	Омского министра Цуканова будут судить за коррупцию				4736	Декабрь 2024	213	2024-12-01	5149
1912	Борис Надеждин	4 260,0	215	214	+1	214	732	-	НОВОГОДНИЙ СТРИМ: Надеждин, Шалимов, Кисиев |Итоги 2024, планы команды на 2025|				4187	Декабрь 2024	214	2024-12-01	4260
1913	Левый Фронт	4 128,0	208	215	-7	215	0	-	—				4128	Декабрь 2024	215	2024-12-01	4128
1914	ЦУРреализм	2 630,0	213	216	-3	216	0	-100	—				2630	Декабрь 2024	216	2024-12-01	2630
1915	Аполитичность губит	2 249,0	214	217	-3	217	53	-	—				2244	Декабрь 2024	217	2024-12-01	2249
1916	Андрей Пивоваров	1 827,0	211	218	-7	218	46	-	Челябинск, бедность, война				1822	Декабрь 2024	218	2024-12-01	1827
1917	Эльвира Вихарева	1 282,0	205	219	-14	219	0	-300	—				1282	Декабрь 2024	219	2024-12-01	1282
1918	Фактор	680,0	216	220	-4	220	0	-100	—				680	Декабрь 2024	220	2024-12-01	680
1919	Дмитрий Гудков	551,0	218	221	-3	221	234	-200	—				528	Декабрь 2024	221	2024-12-01	551
1920	Хроники.Медиа	-843,0	203	222	-19	222	18425	-100	—				-2686	Декабрь 2024	222	2024-12-01	-843
1921	УНІАН	117 297 024,00	1	1	-	1	3962594	+80 000	⚡Срочный звонок из США! Первый разговор Трампа с Зеленским. Что решили? Детали				1.17E+08	Ноябрь 2024	1	2024-11-01	117297024
1922	NEXTA Live	67 434 526,0	2	2	-	2	20997652	+140 000	Переговоры Украины и РФ в Беларуси / Условие Трампа Путину				65334761	Ноябрь 2024	2	2024-11-01	67434526
1923	Анатолий Шарий	42 897 945,0	5	3	+2	3	136815	+50 000	Зеленский сходит с ума публично				42884263	Ноябрь 2024	3	2024-11-01	42897945
1924	Ходорковский LIVE	42 171 214,0	6	4	+2	4	30352769	+50 000	Игорь ЛИПСИЦ: Инфляция 50%. Когда покупать квартиру. Банки в кризисе. Трамп не друг Путину				39135937	Ноябрь 2024	4	2024-11-01	42171214
1925	Телеканал Дождь	41 763 772,0	3	5	-2	5	10518057	+10 000	Западные ракеты бьют по России, а Путин тестирует ядерный удар. Цены растут, рубль падает				40711966	Ноябрь 2024	5	2024-11-01	41763772
1926	Майкл Наки	39 322 179,0	4	6	-2	6	57616	+20 000	"ПРЕДСМЕРТНОЕ ВИДЕО РОССИЙСКОГО СОЛДАТА. ""Он Серову выстрелил в голову. Это отец пятерых детей"""				39316417	Ноябрь 2024	6	2024-11-01	39322179
1927	Максим Кац	33 111 813,0	7	7	-	7	3226	+20 000	Набиуллина боится стагфляции | Что это и почему нам всем нужно бояться (English subtitles) @Max_Katz				33111490	Ноябрь 2024	7	2024-11-01	33111813
1928	МИНАЕВ LIVE	28 566 434,0	9	8	+1	8	0	+120 000	Бенито Муссолини и история фашизма в Италии / Уроки истории / @MINAEVLIVE				28566434	Ноябрь 2024	8	2024-11-01	28566434
1929	Дмитрий Гордон	28 463 040,0	8	9	-1	9	14253289	+40 000	Гордон: Записывать и снимать Вангу было строго запрещено, но у меня в кармане лежал диктофон				27037711	Ноябрь 2024	9	2024-11-01	28463040
1930	Популярная политика	24 916 034,0	10	10	-	10	16719419	+20 000	Рубль рухнул. Что будет с курсом валют и экономикой				23244092	Ноябрь 2024	10	2024-11-01	24916034
1931	Настоящее Время. Док	24 397 671,0	26	11	+15	11	15480439	+70 000	Что думают о России ее соседи				22849627	Ноябрь 2024	11	2024-11-01	24397671
1932	DW на русском	23 574 165,0	11	12	-1	12	2245273	+20 000	🔴Брянская область атакована американскими ракетами? И каков ответ Путина Байдену? DW Новости				23349638	Ноябрь 2024	12	2024-11-01	23574165
1933	varlamov	21 940 111,0	13	13	-	13	590	+20 000	Даркнет: рай для преступников | История онлайн-мафии, оружие из Украины и интернет-война				21940052	Ноябрь 2024	13	2024-11-01	21940111
1934	Обманутый Россиянин	21 106 470,0	14	14	-	14	0	-	Шойгу, Герасимов, спасибо за защитные шапочки из фольги... ТЕЛЕВИЗОР ХОРОШО ОБРАБОТАЛ				21106470	Ноябрь 2024	14	2024-11-01	21106470
1935	И Грянул Грэм	20 693 365,0	16	15	+1	15	64217	+30 000	"ФЕЙГИН: что с Арестовичем, как с Пионтковским, Осечкин, ""крот"" в ФБК, Кадыров, КНДР, когда конец"				20686943	Ноябрь 2024	15	2024-11-01	20693365
1936	Антон Хардин	19 793 027,0	12	16	-4	16	229232	+20 000	Певец «Шаман» - всё. Вывели на чистую воду! Показал своё нутро, какой на самом деле! А шуму-то было				19770104	Ноябрь 2024	16	2024-11-01	19793027
1937	ВОТ ТАК	18 780 696,0	18	17	+1	17	1208337	+20 000	🔴Первые заявления Трампа после победы: реакции Украины, РФ, Беларуси / Вот Так. Кратко				18659862	Ноябрь 2024	17	2024-11-01	18780696
1938	Редакция	17 928 391,0	17	18	-1	18	9925	+10 000	Редакция. News: 142-я неделя				17927398	Ноябрь 2024	18	2024-11-01	17928391
1939	The Breakfast Show	17 631 287,0	19	19	-	19	82151	+20 000	Липсиц: Как спасти деньги при обвале рубля				17623072	Ноябрь 2024	19	2024-11-01	17631287
1940	Euronews по-русски	17 267 139,0	25	20	+5	20	5428	+10 000	🔴 LIVE | Дональд Трамп побеждает на президентских выборах в США в 2024 году				17266596	Ноябрь 2024	20	2024-11-01	17267139
1941	Alexey Arestovych	16 824 232,0	28	21	+7	21	9991614	+20 000	Арестович: Сможет ли Трамп остановить войну? @yulialatynina71				15825071	Ноябрь 2024	21	2024-11-01	16824232
1942	Юрий Швец -- официальный канал	16 231 124,0	20	22	-2	22	464196	+10 000	Патрушев “подсказал” Трампу, как закончить войну в Украине / №850 / Юрий Швец				16184704	Ноябрь 2024	22	2024-11-01	16231124
1943	Сергей Ауслендер	13 715 068,0	15	23	-8	23	228383	+33 000	Украина в опасности: Россия применила баллистические ракеты				13692230	Ноябрь 2024	23	2024-11-01	13715068
1944	Настоящее Время	13 611 093,0	31	24	+7	24	3186811	-	Удар по Украине межконтинентальной ракетой. Удар по санаторию для Путина. S.T.A.L.K.E.R. 2 | УТРО				13292412	Ноябрь 2024	24	2024-11-01	13611093
1945	Ivan Yakovina	13 366 606,0	34	25	+9	25	716350	+10 000	Взорвали базу с сотнями военных из РФ и КНДР | Путин готовится мстить неядерным ударом ядерных ракет				13294971	Ноябрь 2024	25	2024-11-01	13366606
1946	Радио Свобода	12 674 055,0	27	26	+1	26	13706306	+30 000	"НОВОСТИ: Ракета ""Орешник"": что известно. Реакция Запада на угрозы Путина. Ордер на арест Нетаньяху"				11303424	Ноябрь 2024	26	2024-11-01	12674055
1947	BBC News - Русская служба	12 662 404,0	41	27	+14	27	1632856	+30 000	«Орешник»: какой ракетой Путин грозит Западу и Украине?				12499118	Ноябрь 2024	27	2024-11-01	12662404
1948	RTVI Новости	12 376 167,0	35	28	+7	28	9799	+20 000	Гиперзвук в безъядерном оснащении по Украине: Путин о ракете «Орешник» и ответе на удары по России				12375187	Ноябрь 2024	28	2024-11-01	12376167
1949	Роман Цимбалюк	11 897 539,0	24	29	-5	29	259658	+10 000	Москва осталась без шампанского: в чем Трамп не оправдал ожиданий?				11871573	Ноябрь 2024	29	2024-11-01	11897539
1950	Живой Гвоздь	11 423 399,0	29	30	-1	30	41217	+10 000	Удары ATACMS по России. Саммит G20. Марш в Берлине. Максим Шевченко: Особое мнение @MaximShevchenko				11419277	Ноябрь 2024	30	2024-11-01	11423399
1951	Александр Невзоров	10 351 768,0	42	31	+11	31	2490285	+10 000	Невзоров о победе Трампа- что это значит и что будет дальше. Чему радуются россияне?				10102739	Ноябрь 2024	31	2024-11-01	10351768
1952	Послезавтра	10 182 351,0	23	32	-9	32	43678695	+50 000	Деньги правят миром? @posle_zavtra				5814481	Ноябрь 2024	32	2024-11-01	10182351
1953	Голос Америки	10 164 840,0	49	33	+16	33	365700	+30 000	Речь Дональда Трампа по итогам выборов: «беспрецедентный и мощный мандат», «золотой век Америки»				10128270	Ноябрь 2024	33	2024-11-01	10164840
1954	ФЕЙГИН LIVE	10 114 103,0	33	34	-1	34	27671	-	В ЧЬИХ РУКАХ СУДЬБА МИРА В УКРАИНЕ? БЕСЕДА С ВИТАЛИЙ ПОРТНИКОВ @portnikov.argumenty				10111336	Ноябрь 2024	34	2024-11-01	10114103
1955	Осторожно: Собчак	10 055 053,0	39	35	+4	35	3572217	+20 000	ЕВГЕНИЯ МЕДВЕДЕВА: буллинг, сексуализация спорта, разрыв с парнем, Загитова, Тутберидзе, Валиева				9697831	Ноябрь 2024	35	2024-11-01	10055053
1956	Навальный LIVE	9 860 007,0	32	36	-4	36	5174479	+10 000	25 лет лжи. Кто и как создавал имидж Путина				9342559	Ноябрь 2024	36	2024-11-01	9860007
1957	вДудь	9 625 766,0	21	37	-16	37	0	-	Лолаева – как пережить травлю и смерть любимого человека / вДудь				9625766	Ноябрь 2024	37	2024-11-01	9625766
1958	ШАРФ	9 522 318,0	30	38	-8	38	4320	+10 000	Генерал Поклонская попалась. Вчера приоткрыли завесу и это показали по ТВ				9521886	Ноябрь 2024	38	2024-11-01	9522318
1959	Newsader	8 780 232,0	22	39	-17	39	990	+6 000	Шок в Курске! Видео прилёта ATACMS по ПВО на аэродроме. Съёмка вблизи				8780133	Ноябрь 2024	39	2024-11-01	8780232
1960	Denis Kazanskyi	8 700 080,0	36	40	-4	40	186382	+10 000	"""У вас волосы встанут дыбом, когда узнаете масштабы наших потерь!"" Друг Гиркина выдал секрет Путина"				8681442	Ноябрь 2024	40	2024-11-01	8700080
1961	Продолжение следует	8 231 823,0	43	41	+2	41	5123768	+20 000	Смертные грехи патриарха Кирилла | Разбор оснований для отдельной сковородки				7719446	Ноябрь 2024	41	2024-11-01	8231823
1962	Volodymyr Zolkin	7 453 413,0	37	42	-5	42	16042437	+20 000	КОГДА GSM ЗАБЛОКИРОВАН, а красный крест рядом: чем возмущены два Сережи? @dmytrokarpenko				5849169	Ноябрь 2024	42	2024-11-01	7453413
1963	Павел Иванов	7 424 458,0	40	43	-3	43	18484	+20 000	Позорный договорняк! Сдача Суджи?! Россию развалят изнутри! Татьяна Монтян				7422610	Ноябрь 2024	43	2024-11-01	7424458
1964	Комсомольская Правда	6 509 435,0	38	44	-6	44	4905628	-	🔴Выступление Владимира Путина на заседании клуба «Валдай»: прямая трансляция				6018872	Ноябрь 2024	44	2024-11-01	6509435
1965	Евгений Киселёв	6 401 689,0	44	45	-1	45	0	+7 000	СОЛОВЕЙ: Патрушев и Чемезов НАПИСАЛИ ТРАМПУ! Предложили сделку. Путина ЗАМЕНЯТ в 2025. Есть преемник				6401689	Ноябрь 2024	45	2024-11-01	6401689
1966	Настоящее Время. Сюжеты	5 472 386,0	81	46	+35	46	3046336	+14 000	"Ракета ""Орешник"": все подробности о новом оружии, которым Россия ударила по Днепру"				5167752	Ноябрь 2024	46	2024-11-01	5472386
1967	Юрий ВЕЛИКИЙ	5 430 070,0	46	47	-1	47	3346114	+10 000	Кто звонил ЗАХАРОВОЙ на самом деле? 😁 [Пародия]				5095459	Ноябрь 2024	47	2024-11-01	5430070
1968	ПАНЧЕНКО	5 263 754,0	47	48	-1	48	8603670	+30 000	СССР ПОБЕДИЛ США? | #ВзглядПанченко				4403387	Ноябрь 2024	48	2024-11-01	5263754
1969	Meduza	5 144 469,0	74	49	+25	49	129114	+5 000	Удар баллистической ракеты по Днепру				5131558	Ноябрь 2024	49	2024-11-01	5144469
1970	Радио Свобода. Новости	5 012 850,0	51	50	+1	50	7121172	+20 000	"Ракета ""Орешник"": что известно. Реакция Запада на угрозы Путина. Ордер на арест Нетаньяху. НОВОСТИ"				4300733	Ноябрь 2024	50	2024-11-01	5012850
1971	Константин Сёмин	4 785 184,0	45	51	-6	51	164673	+5 000	Гнев НАТО, Банкротство и безумие, Скуфы и прилеты// Галопом по Европам #1306				4768717	Ноябрь 2024	51	2024-11-01	4785184
1972	ЖестЬ Доброй Воли	4 624 236,0	48	52	-4	52	4294563	+14 000	СОЛОВЬИНОЕ СЕРДЦЕ / МольФильм (В ролях: ПУТИН, ЛУКАШЕНКО, СОЛОВЬЁВ и др.) @ЖестЬДобройВоли#пародия				4194780	Ноябрь 2024	52	2024-11-01	4624236
1973	Tamara Eidelman	4 193 629,0	55	53	+2	53	5469057	+20 000	Солженицын, который всё про нас понял				3646723	Ноябрь 2024	53	2024-11-01	4193629
1974	The Люди	4 126 291,0	53	54	-1	54	0	+10 000	Едят и живут на помойке / Гигантская свалка стала домом для тысячи семей / Джакарта @anton_lyadov				4126291	Ноябрь 2024	54	2024-11-01	4126291
1975	Руслан Усачев	4 096 300,0	87	55	+32	55	4716	+10 000	Чего России ждать от Трампа // Поддельная кола // Бедные москвичи				4095828	Ноябрь 2024	55	2024-11-01	4096300
1976	Дмитрий ПОТАПЕНКО	4 044 032,0	59	56	+3	56	164	-	Выборы в США: конец гонки 🇺🇸 .. Инфляция в России: начало жёсткого сценария || Дмитрий Потапенко*				4044016	Ноябрь 2024	56	2024-11-01	4044032
1977	sotavision	3 998 028,0	92	57	+35	57	5525315	+12 000	Террористы Крокуса. Как проходит суд в Москве				3445496	Ноябрь 2024	57	2024-11-01	3998028
1978	Портников. Аргументы	3 975 857,0	54	58	-4	58	166419	+7 000	Революция в Абхазии | Виталий Портников				3959215	Ноябрь 2024	58	2024-11-01	3975857
1979	Александр Штефанов	3 931 461,0	71	59	+12	59	63140	+12 000	Разбор конфликта ФБК и Каца				3925147	Ноябрь 2024	59	2024-11-01	3931461
1980	Yulia Latynina	3 686 906,0	61	60	+1	60	21122	-3 000	Алексей Арестович. ATACMS и ICBM. Ядерная комедия. Дело идет к Карибскому кризису 2.0?				3684794	Ноябрь 2024	60	2024-11-01	3686906
1981	Валерий Соловей	3 568 773,0	69	61	+8	61	383	+3 000	Трамп и кремлевский взгляд на мир с Украиной // Почему двойник волнуется. Что происходит. Вып.154.				3568735	Ноябрь 2024	61	2024-11-01	3568773
1982	Екатерина Шульман	3 553 880,0	66	62	+4	62	4751	-	Заморозка вкладов. Деньги нужны бюджету. Статус S08E12				3553405	Ноябрь 2024	62	2024-11-01	3553880
1983	Скажи Гордеевой	3 486 840,0	63	63	-	63	2293246	+60 000	Гарик Оганисян: «Севан или истина?» // «Скажи Гордеевой»				3257515	Ноябрь 2024	63	2024-11-01	3486840
1984	Новости СВЕРХДЕРЖАВЫ	3 400 727,0	56	64	-8	64	3086	-	«Хватит врать, это – война» - терпение лопнуло, россияне вышли на улицы				3400418	Ноябрь 2024	64	2024-11-01	3400727
1985	Игорь Яковенко	3 389 194,0	60	65	-5	65	1154	+2 000	МОЛДОВУ СНОВА СПАСЛА ДИАСПОРА				3389079	Ноябрь 2024	65	2024-11-01	3389194
1986	Гулагу-нет Официальный канал	3 373 956,0	64	66	-2	66	125241	-	"Предсмертное обращение Василия Яковлева, которого за вопросы Путину перевели в штурмовики ""на мясо"""				3361432	Ноябрь 2024	66	2024-11-01	3373956
1987	kremlin	3 306 519,0	50	67	-17	67	0	+21 000	Заявление Президента Российской Федерации				3306519	Ноябрь 2024	67	2024-11-01	3306519
1988	Александр Балу	3 259 299,0	65	68	-3	68	0	-	ПРОПАГАНДА И ФОТО МЕЛАНИИ ТРАМП				3259299	Ноябрь 2024	68	2024-11-01	3259299
1989	Клим Жуков	3 256 413,0	67	69	-2	69	764	+7 000	Терминатор: как создали легенду, неизвестные факты и подробности				3256337	Ноябрь 2024	69	2024-11-01	3256413
1990	Аудио статьи	3 154 488,0	72	70	+2	70	323822	-	"⚡️""РЕЖЬ РУ*НЮ!"" в центре Москвы 🤬 И3БИЕНИЕ ПОЛКОВНИКА, МИГРАНТЫ И АЗЕРБАЙДЖАН"				3122106	Ноябрь 2024	70	2024-11-01	3154488
1991	varlamov moments	3 109 930,0	89	71	+18	71	194948	+12 000	Трагедия российских деревень: как уходят последние жители				3090435	Ноябрь 2024	71	2024-11-01	3109930
1992	Mark Solonin	3 062 981,0	80	72	+8	72	0	+3 000	"Путин и его мелкие ""орешки"" / Техникум Марка Солонина"				3062981	Ноябрь 2024	72	2024-11-01	3062981
1993	NoFake	2 973 953,0	52	73	-21	73	16134970	+22 000	Кадыров – Кто хочет стать миллионером?				1360456	Ноябрь 2024	73	2024-11-01	2973953
1994	Новая газета Европа	2 773 570,0	78	74	+4	74	713002	+6 000	«Выплату в 3 миллиона — прогулял!»: монолог штурмовика о зоне, войне и потерянной ноге				2702270	Ноябрь 2024	74	2024-11-01	2773570
1995	Богатый регион	2 748 625,0	208	75	+133	75	2839	+25 400	Страшная правда о тюменской банде ФСБ				2748341	Ноябрь 2024	75	2024-11-01	2748625
1996	Дмитрий Колезев	2 610 712,0	62	76	-14	76	186584	+10 000	Что будет после войны? Екатерина Шульман — о сценарии развития событий внутри России				2592054	Ноябрь 2024	76	2024-11-01	2610712
1997	Самый сок 2	2 585 015,0	68	77	-9	77	926	-	Противоядие дальнобойным КАБам, оружейники США ждут отмашки Трампа, Леопард оказался Прорывом				2584922	Ноябрь 2024	77	2024-11-01	2585015
1998	BILD на русском	2 470 043,0	85	78	+7	78	295389	+2 000	Антон Долин о фильмах про СВО, Эрнсте и Германе мл., отмене Лени Рифеншталь и аполитичности в кино				2440504	Ноябрь 2024	78	2024-11-01	2470043
1999	А поговорить?	2 382 596,0	75	79	-4	79	650165	+10 000	—				2317579	Ноябрь 2024	79	2024-11-01	2382596
2000	Владимир Милов	2 325 437,0	84	80	+4	80	5877	+8 000	БИЗНЕС НАЧАЛ АТАКУ НА ЦЕНТРОБАНК | Шансы НАБИУЛЛИНОЙ против ЧЕМЕЗОВА				2324849	Ноябрь 2024	80	2024-11-01	2325437
2001	РОЙ ТВ	2 203 513,0	70	81	-11	81	0	+5 000	Генерал Познихир оправдал Злого пузика…				2203513	Ноябрь 2024	81	2024-11-01	2203513
2002	Евгений Чичваркин	2 140 484,0	116	82	+34	82	1584029	+6 000	Остаются СЧИТАННЫЕ ДНИ! Чичваркин о будущем: ждать НЕДОЛГО! Прогноз Дерипаски				1982081	Ноябрь 2024	82	2024-11-01	2140484
2003	Parfenon	2 106 898,0	102	83	+19	83	64818	-	Карибский кризис. Расстрел в Новочеркасске. Солженицын. «Волга». Поручик Ржевский #НМДНИ-1962				2100416	Ноябрь 2024	83	2024-11-01	2106898
2004	Михаил Ходорковский	2 104 932,0	79	84	-5	84	789834	+10 000	Трамп победил. Чего ждать от нового президента США?				2025949	Ноябрь 2024	84	2024-11-01	2104932
2005	Простые числа	1 990 329,0	95	85	+10	85	104921	+7 000	США готовятся к новой войне // Олег Комолов. Простые числа				1979837	Ноябрь 2024	85	2024-11-01	1990329
2006	Антонов такой Антонов	1 949 837,0	118	86	+32	86	212273	+5 000	Зачем Путин засадил Украину орешником				1928610	Ноябрь 2024	86	2024-11-01	1949837
2007	The Insider	1 808 308,0	91	87	+4	87	579451	+5 000	Облавы на уклонистов и электронные повестки. Как проходит осенний призыв				1750363	Ноябрь 2024	87	2024-11-01	1808308
2008	Дневник Депутата	1 686 068,0	76	88	-12	88	1434201	+10 000	День народного единства России. О чем боится говорить власть?				1542648	Ноябрь 2024	88	2024-11-01	1686068
2009	Максим Шевченко	1 638 495,0	82	89	-7	89	23766	+5 000	С Михаилом Хазиным. Трампизм и мировая война. 24.11.24				1636118	Ноябрь 2024	89	2024-11-01	1638495
2010	Вестник Бури	1 554 547,0	107	90	+17	90	0	+6 000	ЮМОР ВОЙНЫ: РОССИЯ vs УКРАИНА / Гумор війни: РОСІЯ vs УКРАЇНА				1554547	Ноябрь 2024	90	2024-11-01	1554547
2011	Заповедник	1 541 384,0	94	91	+3	91	284636	-	"Президент Трамп. Штраф для Google. Мясо из КНДР – ""Заповедник"", выпуск 333"				1512920	Ноябрь 2024	91	2024-11-01	1541384
2012	Острый Угол	1 518 250,0	93	92	+1	92	964454	+6 000	Путинизм как он есть #21 — тизер-трейлер				1421805	Ноябрь 2024	92	2024-11-01	1518250
2013	НО.Медиа из России	1 450 715,0	83	93	-10	93	407240	+6 000	1000 дней СВО. Что дальше?				1409991	Ноябрь 2024	93	2024-11-01	1450715
2014	Сергей Асланян	1 426 665,0	114	94	+20	94	2369	+3 000	СЕРГЕЙ АСЛАНЯН: ЭЛИТЫ в панике! Покушение на ПУТИНА. Скоро совершится непоправимое.				1426428	Ноябрь 2024	94	2024-11-01	1426665
2015	Объектив	1 347 010,0	111	95	+16	95	149	+5 000	Облавы на призывников и запрет на выезд из России | Как защитить себя				1346995	Ноябрь 2024	95	2024-11-01	1347010
2016	Самое важное	1 340 782,0	73	96	-23	96	2138347	+9 000	Жестокая секта ФСБ | Куда пропал Путин? | Громкие отставки Москвы | Они учились с Путиным |«Орешник»				1126947	Ноябрь 2024	96	2024-11-01	1340782
2017	TV2media	1 309 076,0	96	97	-1	97	1086183	+10 000	"Марина Овсянникова: Дочка просила — ""Мама, не умирай!"""				1200458	Ноябрь 2024	97	2024-11-01	1309076
2018	Любовь Соболь	1 282 376,0	88	98	-10	98	746468	+6 000	Миллиарды в ущерб здоровью россиян. Как разбогатела Татьяна Голикова				1207729	Ноябрь 2024	98	2024-11-01	1282376
2019	Проект	1 208 863,0	57	99	-42	99	3276557	+3 000	—				881207	Ноябрь 2024	99	2024-11-01	1208863
2020	Владислав Жуковский	1 207 211,0	100	100	-	100	8345	+3 000	Дёмушкин: ГРАЖДАНСКАЯ ВОЙНА НЕИЗБЕЖНА? ВЛАСТЬ ИГРАЕТ С ОГНЁМ! Вымирaющих россиян заменят мигрантами?				1206376	Ноябрь 2024	100	2024-11-01	1207211
2021	7x7 Горизонтальная Россия	1 160 703,0	131	101	+30	101	888650	+5 000	В Курске беженцы из Суджи вышли на стихийный митинг / 7x7				1071838	Ноябрь 2024	101	2024-11-01	1160703
2022	kuji podcast	1 150 960,0	106	102	+4	102	0	+1 000	Каргинов и Коняев: вопрос амбиций (Kuji Podcast 175)				1150960	Ноябрь 2024	102	2024-11-01	1150960
2023	Пастуховская Кухня	1 117 141,0	147	103	+44	103	1283	+3 800	ТРАМП. Выборы в Америке: что ждет США, Россию, Украину, Израиль. Пастуховская Кухня				1117013	Ноябрь 2024	103	2024-11-01	1117141
2024	The Insider Live	1 084 946,0	101	104	-3	104	1684	+4 000	⚡️🎙Выборы в Молдове | Арест генерала Росгвардии | Утренний подкаст INSIDE 5				1084778	Ноябрь 2024	104	2024-11-01	1084946
2025	Медиазона	1 073 033,0	90	105	-15	105	15036	+5 000	Что известно про воинскую часть под Донецком, где в клетках нашли заложников-военных				1071529	Ноябрь 2024	105	2024-11-01	1073033
2026	Ищем Выход	1 064 608,0	110	106	+4	106	81743	+6 000	СОЛОВЕЙ: Что приготовили нам в декабре? | СКОРО УВИДИМ ПРИГОЖИНА | Мантуров ВМЕСТО ПУТИНА				1056434	Ноябрь 2024	106	2024-11-01	1064608
2027	БАРМАЛЕЙКА	1 041 614,0	161	107	+54	107	0	+1 000	Пошла ЖАРА! Трамп зашел с козырей				1041614	Ноябрь 2024	107	2024-11-01	1041614
2028	Алексей Навальный	1 014 430,0	97	108	-11	108	2432	-20 000	—				1014187	Ноябрь 2024	108	2024-11-01	1014430
2029	Набутовы	1 001 847,0	108	109	-1	109	35318	+3 000	Победа Трампа / Патриарх Кирилл о смертной казни / Антивоенный марш в Берлине / Набузили #49				998315	Ноябрь 2024	109	2024-11-01	1001847
2030	CIT	998 678,0	112	110	+2	110	502	+1 000	День 1003. Баллистической ракетой по Днепру. Под Курском ранен генерал КНДР				998628	Ноябрь 2024	110	2024-11-01	998678
2031	Белковский	973 447,0	105	111	-6	111	51019	+3 000	Прекрасная Америка Будущего (ПАБ). Время Белковского. Paraclete @BelkovskiyS #белковский #новости				968345	Ноябрь 2024	111	2024-11-01	973447
2032	Нино Росебашвили	919 057,0	134	112	+22	112	440	+5 000	"""Жду, когда он сдохнет"" ЧИЧВАРКИН про Путина, Трампа и европейских чиновников"				919013	Ноябрь 2024	112	2024-11-01	919057
2033	Евгений Ступин	877 157,0	113	113	-	113	3323446	+4 000	120 рублей за доллар! Отчехвостили в лицо чинуш за отсутствие электричества!				544812	Ноябрь 2024	113	2024-11-01	877157
2034	Когнитивный надзор	837 292,0	103	114	-11	114	0	+2 000	Разбор самой бессовестной телепропаганды в России				837292	Ноябрь 2024	114	2024-11-01	837292
2035	НЕ МОЛЧУ	829 533,0	130	115	+15	115	5693351	+3 000	—				260198	Ноябрь 2024	115	2024-11-01	829533
2036	Матвей Ганапольский	811 731,0	122	116	+6	116	0	+1 100	СЕНСАЦИЯ! МЕРКЕЛЬ СДАЕТ ВСЕХ! / ГАНАПОЛЬСКАЯ ПРАВДА / 25..11.2024				811731	Ноябрь 2024	116	2024-11-01	811731
2037	Ксения Ларина	811 390,0	126	117	+9	117	44002	+1 000	"""ОБА — ГАДОСТЬ!""🤮 Ксения ЛАРИНА о ШЛОСБЕРГЕ и СОБЧАК"				806990	Ноябрь 2024	117	2024-11-01	811390
2038	ЗЫГАРЬ	784 218,0	136	118	+18	118	51788	+11 000	Как распался СССР, как из НАТО сделали врага, могла ли Россия вступить в НАТО				779039	Ноябрь 2024	118	2024-11-01	784218
2039	РОМБ	766 715,0	176	119	+57	119	81493	+4 000	Зачем тебе 7 миллионов, если ты мертвый: ЧЕСТНОЕ ИНТЕРВЬЮ КОНТРАКТНИКА				758566	Ноябрь 2024	119	2024-11-01	766715
2040	Крым.Реалии	761 064,0	123	120	+3	120	150488	+1 000	Почему россиянам удался блицкриг на юге Украины? | Крым.Реалии ТВ				746015	Ноябрь 2024	120	2024-11-01	761064
2041	Zakhar Artemiev	732 412,0	133	121	+12	121	17717	+2 000	200000 детей РФ заберут из семей? Кагарлицкий: меня не менять! Китаец в Москве, замена				730640	Ноябрь 2024	121	2024-11-01	732412
2042	Кавказ.Реалии	727 929,0	117	122	-5	122	667858	+1 000	Чечня: новое дело против Заремы Мусаевой | НОВОСТИ				661143	Ноябрь 2024	122	2024-11-01	727929
2043	Майор в отставке	704 782,0	124	123	+1	123	21971	+11 800	Скрытая аппаратура спецслужб у вас дома - Кто и как её ставит?				702585	Ноябрь 2024	123	2024-11-01	704782
2044	Masyanya Kuvaeva	702 488,0	99	124	-25	124	11101	-	—				701378	Ноябрь 2024	124	2024-11-01	702488
2045	SVTV	683 028,0	141	125	+16	125	97991	-	БОЛЬШАЯ НОЧЬ ВЫБОРОВ 5 НОЯБРЯ: Светов, Дубравский, Латынина, Кашин, Штефанов, Кучер, Жмилевский				673229	Ноябрь 2024	125	2024-11-01	683028
2046	Минута в минуту	680 209,0	127	126	+1	126	13422	+17 100	—				678867	Ноябрь 2024	126	2024-11-01	680209
2047	Oleg Kashin	659 029,0	121	127	-6	127	14017	+800	ДМИТРИЙ БЫКОВ!				657627	Ноябрь 2024	127	2024-11-01	659029
2048	Сергей Смирнов	651 149,0	115	128	-13	128	319520	+5 400	Как у евреев появилась своя область в СССР? Советский Израиль в Биробиджане				619197	Ноябрь 2024	128	2024-11-01	651149
2049	Евгений Трикоз	612 225,0	149	129	+20	129	2351749	+6 000	10-14 СЕРИИ / 2 ОТЧЁТНЫХ КОНЦЕРТА #кндр #севернаякорея #кимченын #юмор				377050	Ноябрь 2024	129	2024-11-01	612225
2050	Илья Яшин	609 437,0	104	130	-26	130	800242	-	⚡️Илья Яшин и Екатерина Шульман — совместный стрим!				529413	Ноябрь 2024	130	2024-11-01	609437
2051	Адекватный Русский	607 990,0	132	131	+1	131	6079897	+2 000	—				0	Ноябрь 2024	131	2024-11-01	607990
2052	Андрей Пионтковский	588 654,0	148	132	+16	132	6034	-1 000	⚡ПИОНТКОВСКИЙ & ЦИМБАЛЮК: ВОТ И ВСЕ! Что Трамп ГОТОВИТ для Украины? Сделка с Путиным?				588051	Ноябрь 2024	132	2024-11-01	588654
2053	ОТДЕЛЬНАЯ ЦИВИЛИЗАЦИЯ	581 435,0	128	133	-5	133	3248	+1 000	ЛЮДИ О ДЕГРАДАЦИИ ЧЕЛОВЕЧЕСТВА,АЙФОНЫ ЗЛО, СТИВ ДЖОБС ЗЛОДЕЙ!				581110	Ноябрь 2024	133	2024-11-01	581435
2054	Forbes	580 073,0	119	134	-15	134	400022	+2 000	Не «супер» Джет. Как мы разучились строить самолеты				540071	Ноябрь 2024	134	2024-11-01	580073
2055	Политолог Аббас Галлямов	564 958,0	Новое	135	Новое	135	52701	+4 800	Зачем Шольц звонил Путину и к чему это привело? Что будет дальше? 17.11.2024 @24Канал				559688	Ноябрь 2024	135	2024-11-01	564958
2056	Быть Или	564 952,0	173	136	+37	136	0	-	Трамп Миротворец или еще 1000 Дней Войны Путина? | Быть Или				564952	Ноябрь 2024	136	2024-11-01	564952
2057	Важные истории	561 508,0	98	137	-39	137	1796497	+2 000	Избил жену и отделался штрафом. Домашнее насилие в России во время войны				381858	Ноябрь 2024	137	2024-11-01	561508
2058	Sergey Aleksashenko	528 289,0	137	138	-1	138	1240	+1 000	Не вижу шансов на сделку Путина и Трампа. Спорю с Пастуховым и Дугиным @zhivoygvozd				528165	Ноябрь 2024	138	2024-11-01	528289
2059	Холод	528 240,0	129	139	-10	139	1946836	+2 000	Из-за чего можно попасть в ФСБ? Как ваши паспорта привлекают силовиков				333556	Ноябрь 2024	139	2024-11-01	528240
2060	Бондаренко LIVE	519 842,0	77	140	-63	140	0	+1 000	Люди живут хорошо, Бондаренко просто накручивает?				519842	Ноябрь 2024	140	2024-11-01	519842
2061	Гроза / Николай Росов	504 687,0	150	141	+9	141	2871	+2 000	НОЧЬ ВЫБОРОВ США 2024 (1 часть) | МЭДДИСОН, ХОВАНСКИЙ, РОСОВ, УБЕРМАРГИНАЛ | ТРАМП ХАРРИС				504400	Ноябрь 2024	141	2024-11-01	504687
2062	вДудь Shorts	495 656,0	109	142	-33	142	975876	+3 000	Cемья Ефима Шифрина и ГУЛАГ				398068	Ноябрь 2024	142	2024-11-01	495656
2063	Радио Долин	483 822,0	143	143	-	143	52765	+2 000	Олигархи, стриптиз, Юра Борисов. Антон Долин о фильме «Анора»				478545	Ноябрь 2024	143	2024-11-01	483822
2064	Дмитрий Дёмушкин	476 604,0	125	144	-19	144	101	+1 000	Выборы в США чего ждать нам? (Демушкин Потапенко*)				476594	Ноябрь 2024	144	2024-11-01	476604
2065	Карты и стрелочки	466 065,0	120	145	-25	145	1239802	+2 000	Почему Украина отступает? Битва за Курахово — причины поражения, ошибки командиров и способы решения				342085	Ноябрь 2024	145	2024-11-01	466065
2066	Это Осетинская!	459 303,0	Новое	146	Новое	146	217153	-1 000	Америка выбрала Трампа. Чего ждать? Эфир с Андреем Мовчаном				437588	Ноябрь 2024	146	2024-11-01	459303
2067	Сергей Бойко	447 531,0	180	147	+33	147	37880	+3 000	Раскрыт секрет демографии: почему в России не рожают				443743	Ноябрь 2024	147	2024-11-01	447531
2068	Котрикадзе Дзядко	425 083,0	156	148	+8	148	0	+1 000	«Российская экономика разрушается»: Липсиц о росте цен, долларе по сто и новом бюджете				425083	Ноябрь 2024	148	2024-11-01	425083
2069	Фарида Курбангалеева	368 863,0	153	149	+4	149	0	+1 200	Трамп, как шоковая терапия для Украины и Европы // Портников / Курбангалеева				368863	Ноябрь 2024	149	2024-11-01	368863
2070	DOXA | ДОКСА	353 440,0	166	150	+16	150	1564560	+4 000	Путин запретил бездетных?				196984	Ноябрь 2024	150	2024-11-01	353440
2071	Рабкор	333 466,0	152	151	+1	151	1442	+1 000	Смертность в России аномальна? / Алексей Ракша				333322	Ноябрь 2024	151	2024-11-01	333466
2072	Ростислав Мурзагулов	326 292,0	Новое	152	Новое	152	2804419	+4 000	Инсайды Мурзагулова: правда об Орешнике, 80% РФ против СВО, ВИП-убежища, СВОшникам - по 10 млн.				45850	Ноябрь 2024	152	2024-11-01	326292
2073	Роман Юнеман	323 323,0	144	153	-9	153	161049	+1 800	ТРАМП ПОБЕДИЛ. Закончит СВО и изменит мир?				307218	Ноябрь 2024	153	2024-11-01	323323
2074	MRR — My Russian Rights	316 915,0	135	154	-19	154	170790	+1 000	Будет ли новая мобилизация? Комментарий Ольги Романовой				299836	Ноябрь 2024	154	2024-11-01	316915
2075	Nовые Куклы	316 347,0	140	155	-15	155	188184	+1 000	Заговор против Путина				297529	Ноябрь 2024	155	2024-11-01	316347
2076	Первый отдел	315 101,0	151	156	-5	156	15082	+3 000	Мессенджер для параноиков. Настраиваем SimpleX Chat				313593	Ноябрь 2024	156	2024-11-01	315101
2077	Форум свободной России	279 623,0	142	157	-15	157	11339	-	LIVE: Что Трамп грядущий нам готовит? | Альфред КОХ				278489	Ноябрь 2024	157	2024-11-01	279623
2078	Реалии	266 778,0	138	158	-20	158	2080566	+5 000	На Кольском полуострове тестируют металлы на устойчивость, но жители окончательно покидают посёлок				58721	Ноябрь 2024	158	2024-11-01	266778
2079	Yevgenia Albats	263 829,0	164	159	+5	159	31303	+1 000	Марк Фейгин: 1000 дней войны в Украине — что происходит сейчас и что будет дальше?				260699	Ноябрь 2024	159	2024-11-01	263829
2080	Лиза Лазерсон	260 709,0	162	160	+2	160	0	+2 000	Почему мы не становимся умнее? Нейробиолог про мозг и иллюзию сознания. Владимир Алипов				260709	Ноябрь 2024	160	2024-11-01	260709
2081	Радио Свобода Live	257 194,0	160	161	-1	161	4	+700	"Время Свободы: Выдал ""Кедр"" за ""Орешник"", никого не напугал. Чем Россия била по Днепру | Весь эфир"				257194	Ноябрь 2024	161	2024-11-01	257194
2082	Whalesplaining	246 030,0	167	162	+5	162	6746	+3 000	—				245355	Ноябрь 2024	162	2024-11-01	246030
2083	Пикули	244 311,0	185	163	+22	163	3572	-1 000	ТРЕШОВЫЕ ЗАПРЕТЫ Афганистана - Как далеко России до Афганистана?				243954	Ноябрь 2024	163	2024-11-01	244311
2084	Ольга Цуканова🔴Общественный деятель	222 665,0	Новое	164	Новое	164	109158	+2 300	Наши города будут атаковать, фейк или правда?				211749	Ноябрь 2024	164	2024-11-01	222665
2085	SOBOLEV	218 002,0	154	165	-11	165	0	-	—				218002	Ноябрь 2024	165	2024-11-01	218002
2086	ШЕПЕЛИН	217 871,0	159	166	-7	166	718	-	Путин обижается: ему не звонят!! | Триумф 80-летия Жирика | Гитлер – айфон = Эрнст				217799	Ноябрь 2024	166	2024-11-01	217871
2087	Как теперь / проект ОВД-Инфо	204 111,0	155	167	-12	167	19294	+1 000	Кому теперь доверять и как верить в прекрасную Россию будущего, когда оппозиция раскололась?				202182	Ноябрь 2024	167	2024-11-01	204111
2088	Кринж с Жуковой	201 395,0	169	168	+1	168	20169	+1 200	КРИНЖ НЕДЕЛИ: РОССИЯНКАМ ЗАПРЕТЯТ ЕСТЬ? ДЕД МОРОЗА ЗАМЕНЯТ ВОЕННЫМ? А ЧТО ТАМ НИКИТА КОЛОГРИВЫЙ?				199378	Ноябрь 2024	168	2024-11-01	201395
2089	RusNews	189 559,0	177	169	+8	169	66352	-1 000	⭕️ Педиатра Надежду Буянову приговорили к колонии за «фейки» о ВС РФ				182924	Ноябрь 2024	169	2024-11-01	189559
2090	РАЗГОВОРНЫЙ ЖАНР	181 350,0	145	170	-25	170	1907	-	Экстрасенсы из ФСБ: секретное оружие Кремля или величайшая афера спецслужб? | Хтонь #1				181159	Ноябрь 2024	170	2024-11-01	181350
2091	Страна и мир	181 018,0	168	171	-3	171	448	+600	Рогов о главном: Трамп выиграл выборы: что дальше?				180973	Ноябрь 2024	171	2024-11-01	181018
2092	SOTA	163 524,0	157	172	-15	172	20472	+1 000	ФБК, Абрамович и другие: здесь говорили правду				161477	Ноябрь 2024	172	2024-11-01	163524
2093	Ворнадзор	157 245,0	172	173	-1	173	4126	+1 200	Выкопала сына депутата и сожгла				156832	Ноябрь 2024	173	2024-11-01	157245
2094	Татьяна Фельгенгауэр	145 238,0	163	174	-11	174	35	+1 000	Бессменный хозяин МГУ: как Садовничий удерживает пост				145234	Ноябрь 2024	174	2024-11-01	145238
2095	Сергей Пархоменко	145 003,0	174	175	-1	175	139	-	Стрим на канале @farida38173. Сможет ли Трамп закончить войну в Украине?				144989	Ноябрь 2024	175	2024-11-01	145003
2096	Votvot	137 849,0	170	176	-6	176	48689	-	Айсберг: Когда думаешь, что ты Алла Пугачева | Театр				132980	Ноябрь 2024	176	2024-11-01	137849
2097	Утро Февраля	131 331,0	165	177	-12	177	10472	-	💣ПУТИН: Детские раны и становление диктатора. Фильм о психологии кремлевского маньяка «ЕГО АД»				130284	Ноябрь 2024	177	2024-11-01	131331
2098	Открытые медиа	124 645,0	182	178	+4	178	2299	+1 000	—				124415	Ноябрь 2024	178	2024-11-01	124645
2099	Фёдор Крашенинников	115 103,0	171	179	-8	179	5571	-200	Новый президент США I Фёдор Крашенинников ON AIR				114546	Ноябрь 2024	179	2024-11-01	115103
2100	Трудовая Россия	111 800,0	193	180	+13	180	565	+700	Евгений Ступин - Форум левой эмиграции в Кельне (Германия) 2-3 ноября 2024 года				111743	Ноябрь 2024	180	2024-11-01	111800
2101	ГражданинЪ TV	109 110,0	175	181	-6	181	3957	-200	Тысяча дней и ночей / Обращение Льва Шлосберга				108714	Ноябрь 2024	181	2024-11-01	109110
2102	Карен Шаинян	107 897,0	178	182	-4	182	55596	-1 000	"""Меня шантажируют парни из гей-чатов. Невидимость делает меня уязвимым"". Каминаут Артема Важенкова"				102337	Ноябрь 2024	182	2024-11-01	107897
2103	Удмуртия против коррупции	104 466,0	197	183	+14	183	145736	+1 300	⚡️ Депутата Глухова лишили мандата!				89892	Ноябрь 2024	183	2024-11-01	104466
2104	MOUNT SHOW	103 913,0	186	184	+2	184	3111	-1 000	Трамп уничтожит всех, кто мешал / Зеленский в панике / Антиукраинская команда Трампа				103602	Ноябрь 2024	184	2024-11-01	103913
2105	Anna Zueva	96 107,0	158	185	-27	185	273621	+900	Кого на самом деле защищает Жамбалова? Разбор доклада уполномоченной по правам человека в Бурятии				68745	Ноябрь 2024	185	2024-11-01	96107
2106	Губин ON AIR	84 992,0	189	186	+3	186	0	+100	"Смерть Алексея Зимина, жизнь Поклонской, Шлосберга и Сталина. ""Губин ON AIR"" 15.11.2024"				84992	Ноябрь 2024	186	2024-11-01	84992
2107	ZIMA MAGAZINE	83 986,0	179	187	-8	187	152	+400	—				83971	Ноябрь 2024	187	2024-11-01	83986
2108	Семён Кочкин	69 981,0	187	188	-1	188	176676	+500	Кто отравил детей в Чувашии? Понесет ли ответственность Николаев?				52313	Ноябрь 2024	188	2024-11-01	69981
2109	Красный поворот	68 413,0	201	189	+12	189	15686	+700	Митинг 7 ноября 2024 г. Новосибирск. РКП(и). Мир – народам! Власть – трудящимся! Социализму – быть!				66844	Ноябрь 2024	189	2024-11-01	68413
2110	НЕОРУЭЛЛ	60 072,0	183	190	-7	190	1615	-	—				59910	Ноябрь 2024	190	2024-11-01	60072
2111	Lazarevatut	52 384,0	194	191	+3	191	155231	-1 000	Прямой эфир, 3.11 — отвечу на ваши и свои вопросы				36861	Ноябрь 2024	191	2024-11-01	52384
2112	FURYDROPS. Блог Григория Баженова об экономике.	50 973,0	190	192	-2	192	724	-	Чикагские мальчики, Сальвадор Альенде и мечты о киберсоциализме. Экономика Чили. Часть 1.				50901	Ноябрь 2024	192	2024-11-01	50973
2113	Депутат Елена Шувалова	49 481,0	200	193	+7	193	190874	+600	Абхазия. Разъяснение				30394	Ноябрь 2024	193	2024-11-01	49481
2114	Псковская Губерния	47 502,0	191	194	-3	194	26615	+360	ИНТЕРВЬЮ ЛЬВА ШЛОСБЕРГА: РАЗБИРАЕМ ЗАЯВЛЕНИЯ ПОЛИТИКА, А ТАКЖЕ ГОВОРИМ ПРО ФОРУМ ЮЛИИ НАВАЛЬНОЙ				44840	Ноябрь 2024	194	2024-11-01	47502
2115	Говорящие Головы	41 548,0	192	195	-3	195	10449	-1 000	Идрак Мирзализаде - культура отмены, ощущение дома, Харламов и тупость вокруг				40503	Ноябрь 2024	195	2024-11-01	41548
2116	ШАЦ	40 010,0	198	196	+2	196	176733	-	—				22337	Ноябрь 2024	196	2024-11-01	40010
2117	Пермь 36,6	38 738,0	196	197	-1	197	27647	+200	⚡⚡⚡Пермяки вышли на митинг!				35973	Ноябрь 2024	197	2024-11-01	38738
2118	Виктор Шендерович	31 910,0	181	198	-17	198	1219	-	"ШЕНДЕРОВИЧ*, ""Персонально Ваш"""				31788	Ноябрь 2024	198	2024-11-01	31910
2119	Дарья Беседина	23 826,0	199	199	-	199	0	-	Будет ли 5 диаметр? | Московский бесцентральный диаметр | Дарья Беседина				23826	Ноябрь 2024	199	2024-11-01	23826
2120	Убежище оппозиции	18 573,0	188	200	-12	200	0	-	—				18573	Ноябрь 2024	200	2024-11-01	18573
2121	Голос. За честные выборы	16 191,0	212	201	+11	201	306	+100	Российская экономика на фоне войны / Дмитрий Гудков*, Владислав Иноземцев*				16160	Ноябрь 2024	201	2024-11-01	16191
2122	Маша Борзунова	13 445,0	195	202	-7	202	1079	-1 000	—				13337	Ноябрь 2024	202	2024-11-01	13445
2123	Хроники.Медиа	11 927,0	202	203	-1	203	25656	-100	Дорогие друзья: кем стали однокурсники Путина				9361	Ноябрь 2024	203	2024-11-01	11927
2124	Varlamov Talks	11 889,0	204	204	-	204	0	-2 000	—				11889	Ноябрь 2024	204	2024-11-01	11889
2125	Эльвира Вихарева	9 808,0	206	205	+1	205	0	-300	Территориальный распад России, квоты на память. Вихарева - персональная трансляция				9808	Ноябрь 2024	205	2024-11-01	9808
2126	Леонид Волков	9 057,0	205	206	-1	206	182	-1 000	—				9039	Ноябрь 2024	206	2024-11-01	9057
2127	Дозор в Волгограде	8 313,0	203	207	-4	207	3264	-	ТОП самых репрессивных судей Волгограда. Агенты войны: статистика и лица				7987	Ноябрь 2024	207	2024-11-01	8313
2128	Левый Фронт	5 849,0	207	208	-1	208	0	-	—				5849	Ноябрь 2024	208	2024-11-01	5849
2129	Сергей Гуриев	5 172,0	210	209	+1	209	0	-2 000	—				5172	Ноябрь 2024	209	2024-11-01	5172
2130	Юлия Галямина	3 124,0	211	210	+1	210	6717	-	Свобода и несвобода на примере фильма Паразиты | Просто политика				2452	Ноябрь 2024	210	2024-11-01	3124
2131	Андрей Пивоваров	2 949,0	217	211	+6	211	2145	-100	Почему экономика России не рухнула?				2734	Ноябрь 2024	211	2024-11-01	2949
2132	Омское Гражданское Объединение	2 708,0	218	212	+6	212	93	-	1272 имени погибших в Украине омичей в одном видео				2699	Ноябрь 2024	212	2024-11-01	2708
2133	ЦУРреализм	2 404,0	213	213	-	213	0	-	—				2404	Ноябрь 2024	213	2024-11-01	2404
2134	Аполитичность губит	1 839,0	214	214	-	214	150	-	—				1824	Ноябрь 2024	214	2024-11-01	1839
2135	Борис Надеждин	1 155,0	215	215	-	215	884	-1 000	—				1067	Ноябрь 2024	215	2024-11-01	1155
2136	Фактор	890,0	216	216	-	216	0	-100	—				890	Ноябрь 2024	216	2024-11-01	890
2137	Екатерина Дунцова	767,0	209	217	-8	217	369	-600	—				730	Ноябрь 2024	217	2024-11-01	767
2138	Дмитрий Гудков	654,0	219	218	+1	218	151	-200	—				639	Ноябрь 2024	218	2024-11-01	654
2139	УНІАН	113 562 451,00	Новое	1	Новое	1	2489818	+80 000	Ингушетия ВРЕЗАЛА Чечне! Кадыров доигрался. Мордовия отделяется от РФ. Распад имперрии запущен				113313469	Октябрь 2024	1	2024-10-01	113562451
2140	NEXTA Live	49 130 540,0	2	2	-	2	12772835	+70 000	Украина и РФ начали переговоры / Скандал в США				47853256	Октябрь 2024	2	2024-10-01	49130540
2141	Телеканал Дождь	41 613 375,0	1	3	-2	3	3022838	-	Украина проигрывает: Путин пойдет до конца. Израиль и Иран на пороге большой войны				41311091	Октябрь 2024	3	2024-10-01	41613375
2142	Майкл Наки	39 615 890,0	3	4	-1	4	69735	+30 000	КАДЫРОВ СОРВАЛСЯ С ЦЕПИ. Битва за Wildberries выходит из-под контроля.				39608916	Октябрь 2024	4	2024-10-01	39615890
2143	Анатолий Шарий	39 014 798,0	5	5	-	5	144576	+40 000	Курский спектакль подходит к концу				39000340	Октябрь 2024	5	2024-10-01	39014798
2144	Ходорковский LIVE	37 979 076,0	4	6	-2	6	25640769	+50 000	Кадыров против Кремля. Взрывы в Грозном. Керимов и битва за Wildberries / МОЖЕМ ОБЪЯСНИТЬ				35414999	Октябрь 2024	6	2024-10-01	37979076
2145	Максим Кац	31 317 580,0	7	7	-	7	3910	+30 000	Расследование — как украсть миллиарды и выдать себя за оппозиционера | ФБК и Пробизнесбанк @Max_Katz				31317189	Октябрь 2024	7	2024-10-01	31317580
2146	Дмитрий Гордон	29 105 965,0	Новое	8	Новое	8	12043728	+40 000	Тамар. Страшное пророчество Залужного, ядерная карта Зеленского, почему Гутерриш кланялся Путину				27901592	Октябрь 2024	8	2024-10-01	29105965
2147	МИНАЕВ LIVE	26 759 745,0	10	9	+1	9	0	+110 000	1942: Мидуэй, Битва за Крым и Ржевское Сражение / Вторая мировая война / Уроки истории /@MINAEVLIVE				26759745	Октябрь 2024	9	2024-10-01	26759745
2148	Популярная политика	25 000 828,0	6	10	-4	10	23763633	+30 000	ГОРЯТ КОЛОННЫ В КУРСКОЙ ОБЛАСТИ | УБИТ ПОЛКОВНИК СПЕЦНАЗА ГРУ | ❗️ ВОЕННОЕ ПОЛОЖЕНИЕ				22624465	Октябрь 2024	10	2024-10-01	25000828
2149	DW на русском	23 705 579,0	9	11	-2	11	3976731	+20 000	"Торнадо, штормовой ветер и дождь - ураган ""Милтон"" прошелся по США"				23307906	Октябрь 2024	11	2024-10-01	23705579
2150	Антон Хардин	23 548 317,0	8	12	-4	12	1193150	+20 000	"Сегодня в 5 утра каналы прервали эфиры - хакеры сделали ""подарок""! Прилетел, откуда не ждал"				23429002	Октябрь 2024	12	2024-10-01	23548317
2151	varlamov	23 358 377,0	13	13	-	13	1278	+20 000	Этапирование заключенных: страшный путь из СИЗО в колонию | Тюрьма, Навальный, политика				23358249	Октябрь 2024	13	2024-10-01	23358377
2152	Обманутый Россиянин	21 560 871,0	11	14	-3	14	0	+10 000	Какая бригада окружила ВСУ в Курске?! 155 БРИГАДА ЛЕЖИТ ТУТ РЯДОМ В КУСТАХ				21560871	Октябрь 2024	14	2024-10-01	21560871
2153	Сергей Ауслендер	18 265 558,0	23	15	+8	15	941432	+67 000	СРОЧНЫЕ НОВОСТИ: Иран Запустил Сотни Баллистических Ракет по Израилю				18171415	Октябрь 2024	15	2024-10-01	18265558
2154	И Грянул Грэм	18 047 478,0	12	16	-4	16	57431	+20 000	ПАНИН: что было с Фейгиным, как Михаил Ефремов, Рустам Солнцев, Павел Деревянко, интервью с Гордоном				18041735	Октябрь 2024	16	2024-10-01	18047478
2155	Редакция	16 605 285,0	15	17	-2	17	12312	+10 000	Сценарий мира: как начнутся переговоры России и Украины?				16604054	Октябрь 2024	17	2024-10-01	16605285
2156	ВОТ ТАК	16 544 504,0	18	18	-	18	4080361	+20 000	🏳 ВСУ взяли в плен солдат из Северной Кореи! / Вечерний шпиль				16136468	Октябрь 2024	18	2024-10-01	16544504
2157	The Breakfast Show	16 408 895,0	14	19	-5	19	104122	+19 000	ФСИНовцы сливают документы, чтобы не остаться крайними. Ольга Романова				16398483	Октябрь 2024	19	2024-10-01	16408895
2158	Юрий Швец -- официальный канал	16 270 374,0	19	20	-1	20	382401	+20 000	Ядерный взрыв в Иране / Трамп спросил Путина, что ему делать с Украиной / Казахстан АЭС /№828 - Швец				16232134	Октябрь 2024	20	2024-10-01	16270374
2159	вДудь	16 133 189,0	31	21	+10	21	0	-	Роднянский – когда и как заканчивать войну / вДудь				16133189	Октябрь 2024	21	2024-10-01	16133189
2160	Newsader	15 314 386,0	17	22	-5	22	11254	+5 000	Первые потери: Военные КНДР уничтожены на Курщине				15313261	Октябрь 2024	22	2024-10-01	15314386
2161	Послезавтра	14 557 290,0	22	23	-1	23	60852222	+100 000	Газ. Передел мира @posle_zavtra				8472068	Октябрь 2024	23	2024-10-01	14557290
2162	Роман Цимбалюк	14 393 748,0	16	24	-8	24	432146	-	Дагестан вызов принял: враг Кадырова не отвёл глаза. Махачкала - вставай!				14350533	Октябрь 2024	24	2024-10-01	14393748
2163	Euronews по-русски	13 319 797,0	27	25	+2	25	2671	+10 000	Иран запустил ракеты по Израилю - Минобороны				13319530	Октябрь 2024	25	2024-10-01	13319797
2164	Настоящее Время. Док	13 104 062,0	44	26	+18	26	6305340	+30 000	Истории людей из России и Европы				12473528	Октябрь 2024	26	2024-10-01	13104062
2165	Радио Свобода	12 493 685,0	24	27	-3	27	12890684	+20 000	Как Путин и Бастрыкин сделали из мигрантов «врагов России»?				11204617	Октябрь 2024	27	2024-10-01	12493685
2166	Alexey Arestovych	12 081 217,0	30	28	+2	28	8408154	+10 000	Арестович: Куда ведет план победы? @A.Shelest				11240402	Октябрь 2024	28	2024-10-01	12081217
2167	Живой Гвоздь	11 993 909,0	26	29	-3	29	14139	-	Кризис в Кремле. Чистки в структурах. Мирные переговоры : Соловей* / УР 27.10.24				11992495	Октябрь 2024	29	2024-10-01	11993909
2168	ШАРФ	11 958 126,0	32	30	+2	30	6175	-	Сняли всю правду на видео. Руки дрожат, язык заплетается				11957508	Октябрь 2024	30	2024-10-01	11958126
2169	Настоящее Время	11 236 516,0	20	31	-11	31	1923569	-	Прорыв ВСУ под Брянском? Армия России выходит на границы Донбасса. Протесты в Грузии | УТРО				11044159	Октябрь 2024	31	2024-10-01	11236516
2170	Навальный LIVE	10 764 935,0	39	32	+7	32	8632617	-	Как вас обманул Максим Кац. Ответ ФБК				9901673	Октябрь 2024	32	2024-10-01	10764935
2171	ФЕЙГИН LIVE	10 235 217,0	33	33	-	33	2625	-10 000	БЕГСТВО ОТ МОСКВЫ, В СТОРОНУ ПЕКИНА. БЕСЕДА С ВИТАЛИЙ ПОРТНИКОВ @portnikov.argumenty				10234954	Октябрь 2024	33	2024-10-01	10235217
2172	Ivan Yakovina	9 734 807,0	29	34	-5	34	672866	-	Бунт в ВС РФ				9667520	Октябрь 2024	34	2024-10-01	9734807
2173	RTVI Новости	9 704 772,0	37	35	+2	35	7373	+20 000	Сотни ракет Ирана, тревога по всей стране, стрельба в Тель-Авиве: Израиль после вторжения в Ливан				9704035	Октябрь 2024	35	2024-10-01	9704772
2174	Denis Kazanskyi	9 655 333,0	25	36	-11	36	318736	+9 000	"""Из-за вас дроны теперь прилетают по всей России!"" Журналист публично высмеял Путина в прямом эфире"				9623459	Октябрь 2024	36	2024-10-01	9655333
2175	Volodymyr Zolkin	9 654 574,0	28	37	-9	37	12021614	+10 000	ЧУК0ТSКАЯ М_ЄSТЬ ZА БRАТЬЕV, РЕVУЩИЙ, БYХ0Й К0МИSSАР И ПРАП0Р @dmytrokarpenko				8452413	Октябрь 2024	37	2024-10-01	9654574
2176	Комсомольская Правда	8 968 441,0	21	38	-17	38	10032806	+10 000	Морпехи спасли раненых бойцов из Чечни в Курской области				7965160	Октябрь 2024	38	2024-10-01	8968441
2177	Осторожно: Собчак	8 754 958,0	36	39	-3	39	3529674	+10 000	ЭМИН АГАЛАРОВ: Дуров в Баку, уход от отца и трагедия в Крокусе				8401991	Октябрь 2024	39	2024-10-01	8754958
2178	Павел Иванов	8 301 694,0	34	40	-6	40	9112	+24 000	Страшная правда! Курск, Донецк, фронт и волонтёры. Татьяна Монтян				8300783	Октябрь 2024	40	2024-10-01	8301694
2179	BBC News - Русская служба	7 690 061,0	38	41	-3	41	1109479	+20 000	Юлия Навальная: «Если я вернусь в Россию, я пойду кандидатом в президенты» | Интервью Би-би-си				7579113	Октябрь 2024	41	2024-10-01	7690061
2180	Александр Невзоров	7 379 718,0	41	42	-1	42	3090324	-	🔥Дело принимает интересный оборот. Пол шестого. Секреты Госдумы.признание Володина. Квадробинг.				7070686	Октябрь 2024	42	2024-10-01	7379718
2181	Продолжение следует	7 115 668,0	40	43	-3	43	5364504	+20 000	Путина и Кадырова возила лицом по столу. Почему Политковская не боялась | Разборы				6579218	Октябрь 2024	43	2024-10-01	7115668
2182	Евгений Киселёв	6 664 712,0	45	44	+1	44	0	+10 000	💣СОЛОВЕЙ: Только что! УБИЛИ БОЛЬШУЮ “ШИШКУ” ГРУ. Кадыров устроил драку. Заявили о скором конце войны				6664712	Октябрь 2024	44	2024-10-01	6664712
2183	Константин Сёмин	6 301 646,0	46	45	+1	45	201841	+6 000	Взятие Тайваня, Кадыров и Керимов, Гордость за цирк // Галопом по Европам #1282				6281462	Октябрь 2024	45	2024-10-01	6301646
2184	Юрий ВЕЛИКИЙ	6 214 597,0	43	46	-3	46	2814509	-	Как прапорщик ВАНЯ северокорейцев обучал 😁 [Пародия]				5933146	Октябрь 2024	46	2024-10-01	6214597
2185	ПАНЧЕНКО	5 385 497,0	Новое	47	Новое	47	17605523	+40 000	ЧЕГО БОИТСЯ ЗЕЛЕНСКИЙ? | #ВзглядПанченко				3624945	Октябрь 2024	47	2024-10-01	5385497
2186	ЖестЬ Доброй Воли	5 279 858,0	48	48	-	48	9127825	+18 000	Группа СЕКТОР ГААГА – Политические частушки 3.0 (18+) МИЗУЛИНА, ПУТИН, ЛУКАШЕНКО, СОЛОВЬЁВ #пародия				4367075	Октябрь 2024	48	2024-10-01	5279858
2187	Голос Америки	4 835 082,0	47	49	-2	49	197793	+8 000	«Путин боялся, что вскроется, как он пришел к власти»				4815303	Октябрь 2024	49	2024-10-01	4835082
2188	kremlin	4 650 524,0	Новое	50	Новое	50	0	+26 000	Саммит СНГ (расширенный состав)				4650524	Октябрь 2024	50	2024-10-01	4650524
2189	Радио Свобода. Новости	4 579 187,0	51	51	-	51	7074489	+10 000	Армия России захватила Максимильяновку и приближается к Курахово. Убийство лидера ХАМАС. НОВОСТИ				3871738	Октябрь 2024	51	2024-10-01	4579187
2190	NoFake	4 497 008,0	49	52	-3	52	34629076	+33 000	Путин впервые говорит правду | NoFake				1034100	Октябрь 2024	52	2024-10-01	4497008
2191	The Люди	4 357 514,0	50	53	-3	53	0	-	Вьетнам: Как живет страна, победившая США / Коммунизм, страшные пытки и инвалиды войны @anton_lyadov				4357514	Октябрь 2024	53	2024-10-01	4357514
2192	Портников. Аргументы	4 068 971,0	Новое	54	Новое	54	165027	+9 000	Арестович - плохая актриса | Виталий Портников @i_gryanul_grem				4052468	Октябрь 2024	54	2024-10-01	4068971
2193	Tamara Eidelman	3 995 320,0	65	55	+10	55	4538302	+10 000	Монако: карты, деньги, два квадратных километра				3541490	Октябрь 2024	55	2024-10-01	3995320
2194	Новости СВЕРХДЕРЖАВЫ	3 962 178,0	53	56	-3	56	5190	-	Неожиданный удар в спину или отказ Казахстана. Чем ответит Кремль?				3961659	Октябрь 2024	56	2024-10-01	3962178
2195	Проект	3 691 712,0	35	57	-22	57	9646421	+20 000	Как война напугала Путина и изменила его привычки? Видео ко дню рождения президента | Проект.Детали				2727070	Октябрь 2024	57	2024-10-01	3691712
2196	НЕ ПЕРВЫЙ КАНАЛ	3 669 292,0	73	58	+15	58	0	+9 000	Ученая раскрыла правду на всю страну! Как обухом по голове! Россияне отказываются верить!				3669292	Октябрь 2024	58	2024-10-01	3669292
2197	Дмитрий ПОТАПЕНКО	3 669 005,0	Новое	59	Новое	59	145	+10 000	Банки заманивают на вклады 💵 В чём суть? / Как защитить свои деньги? || Дмитрий Потапенко* отвечает				3668990	Октябрь 2024	59	2024-10-01	3669005
2198	Игорь Яковенко	3 564 375,0	56	60	-4	60	1470	+3 000	НЕСВЯТАЯ ОППОЗИЦИЯ-2. ЭТАЛОННЫЙ ИМПЕРЕЦ - ЮЛИЯ ЛАТЫНИНА				3564228	Октябрь 2024	60	2024-10-01	3564375
2199	Yulia Latynina	3 483 042,0	67	61	+6	61	20320	-5 000	Максим Кац. Железняк и ФБК. Расследование Максима Каца. Реакция ФБК				3481010	Октябрь 2024	61	2024-10-01	3483042
2200	Дмитрий Колезев	3 445 314,0	70	62	+8	62	189129	+13 000	Почему цены в России растут так быстро? Игорь Липсиц о причинах инфляции				3426401	Октябрь 2024	62	2024-10-01	3445314
2201	Скажи Гордеевой	3 420 929,0	71	63	+8	63	1340107	-	Владимир Пастухов: «Будет смута – и кто-то перехватит» // «Скажи Гордеевой»				3286918	Октябрь 2024	63	2024-10-01	3420929
2202	Гулагу-нет Официальный канал	3 380 021,0	42	64	-22	64	79687	+10 000	"В Москве взят под стражу ""решала М ФСБ"" Денис Золотов-Шапиро за вымогательство 400 миллионов для ФСБ"				3372052	Октябрь 2024	64	2024-10-01	3380021
2203	Александр Балу	3 339 994,0	54	65	-11	65	0	-	SHAMAN И МАНИЯ ВЕЛИЧИЯ				3339994	Октябрь 2024	65	2024-10-01	3339994
2204	Екатерина Шульман	3 238 679,0	64	66	-2	66	4711	-	Маниакальная фаза бюджетного планирования. Статус S08E05				3238208	Октябрь 2024	66	2024-10-01	3238679
2205	Клим Жуков	3 231 973,0	74	67	+7	67	867	+6 000	Жуков и Дробышевский. Запрет теории Дарвина				3231886	Октябрь 2024	67	2024-10-01	3231973
2206	Самый сок 2	3 117 194,0	69	68	+1	68	1498	+1 000	"ЦАХАЛ мочит рашистов: паника в Тартусе и ""тихая"" детонация на Хмеймим"				3117044	Октябрь 2024	68	2024-10-01	3117194
2207	Валерий Соловей	2 984 706,0	63	69	-6	69	425	+1 000	"Денежная реформа // Мобилизация // Когда нормальная жизнь? Ответы на ""горячие"" вопросы. Вып.77"				2984663	Октябрь 2024	69	2024-10-01	2984706
2208	РОЙ ТВ	2 873 414,0	79	70	+9	70	0	+12 000	Курский фронт: невыученные уроки истории				2873414	Октябрь 2024	70	2024-10-01	2873414
2209	Александр Штефанов	2 870 396,0	81	71	+10	71	73120	+10 000	История арабо-израильского конфликта. Фильм, который всех оскорбит				2863084	Октябрь 2024	71	2024-10-01	2870396
2210	Аудио статьи	2 732 120,0	83	72	+11	72	887569	+10 000	⚡️Митинг военных! Новые уголовки в МинОбороны! Скандал в Госдуме!				2643363	Октябрь 2024	72	2024-10-01	2732120
2211	Самое важное	2 698 874,0	52	73	-21	73	2027970	+22 000	Путин меняет окружение | Месть Кадырова | Громкое дело ФСБ | Министра подставили | Скандал в Госдуме				2496077	Октябрь 2024	73	2024-10-01	2698874
2212	Meduza	2 698 692,0	68	74	-6	74	70668	+2 000	Самый сильный обстрел Израиля со стороны Ливана с начала войны				2691625	Октябрь 2024	74	2024-10-01	2698692
2213	А поговорить?	2 666 077,0	59	75	-16	75	3624068	-	Внуки и дети военных преступников. Можно ли заставить целую нацию раскаяться? / А поговорить?...				2303670	Октябрь 2024	75	2024-10-01	2666077
2214	Дневник Депутата	2 542 932,0	84	76	+8	76	1102813	+10 000	Николай Бондаренко vs. Амиран Сардаров. Жаркий спор о будущем России				2432651	Октябрь 2024	76	2024-10-01	2542932
2215	Бондаренко LIVE	2 525 011,0	Новое	77	Новое	77	0	+11 000	Алименты государству. Налог в 40 000 бездетным и семьям с одним ребенком				2525011	Октябрь 2024	77	2024-10-01	2525011
2216	Новая газета Европа	2 451 817,0	66	78	-12	78	220920	+4 000	«Ему хотелось легких денег»: история штурмовика, который пошел умирать на войну, чтобы отдать долги				2429725	Октябрь 2024	78	2024-10-01	2451817
2217	Михаил Ходорковский	2 427 209,0	57	79	-22	79	1114195	+20 000	Как закончит Путин? | Истории успешных революций: Народное восстание				2315789	Октябрь 2024	79	2024-10-01	2427209
2218	Mark Solonin	2 417 951,0	58	80	-22	80	0	+2 000	Зачем Гитлер напал на СССР ? / Второй Фронт. Часть 17				2417951	Октябрь 2024	80	2024-10-01	2417951
2219	Настоящее Время. Сюжеты	2 402 167,0	60	81	-21	81	730455	+4 000	Армия России захватила Угледар, ВСУ объявили о выходе из города: что известно				2329121	Октябрь 2024	81	2024-10-01	2402167
2220	Максим Шевченко	2 287 339,0	78	82	-4	82	36971	+7 000	С Максимом Шевченко. Израиль, Иран, война. 02.10.24				2283642	Октябрь 2024	82	2024-10-01	2287339
2221	НО.Медиа из России	2 197 613,0	72	83	-11	83	38679	+9 000	Новости с фронта: про «план победы» Зеленского и возможные переговоры России и Украины				2193745	Октябрь 2024	83	2024-10-01	2197613
2222	Владимир Милов	2 159 295,0	92	84	+8	84	14027	+6 000	СЕРЫЙ КАРДИНАЛ ПУТИНА — ОН влияет на Путина и ЗАРАБАТЫВАЕТ на ВОЙНЕ				2157892	Октябрь 2024	84	2024-10-01	2159295
2223	BILD на русском	2 056 880,0	61	85	-24	85	381587	+2 000	Алексей Венедиктов и Максим Курников | Интервью BILD				2018721	Октябрь 2024	85	2024-10-01	2056880
2224	ИГОРЬ ЛИПСИЦ	2 022 992,0	Новое	86	Новое	86	0	+7 000	ЛИПСИЦ: ЛЕКЦИЯ В АКАДЕМИИ НАУК ЛИТВЫ О БУДУЩЕМ МИРОВОЙ ЭКОНОМИКИ 26.09.2024				2022992	Октябрь 2024	86	2024-10-01	2022992
2225	Руслан Усачев	2 002 094,0	93	87	+6	87	3307	-	Секреты Пи Дидди // Иран атакует Израиль // Кац против ФБК				2001763	Октябрь 2024	87	2024-10-01	2002094
2226	Любовь Соболь	1 868 921,0	90	88	+2	88	2181508	+7 000	Ложь, манипуляции, атаки. История провокаций Максима Каца				1650770	Октябрь 2024	88	2024-10-01	1868921
2227	varlamov moments	1 861 880,0	82	89	-7	89	123597	+6 000	Евреи в России: история и современные реалии | Путин, Израиль, Палестина | Илья Варламов				1849520	Октябрь 2024	89	2024-10-01	1861880
2228	Медиазона	1 831 024,0	100	90	+10	90	50165	+7 000	Потери России в войне с Украиной. Добровольцы становятся все старше | Сводка 11 октября 2024				1826007	Октябрь 2024	90	2024-10-01	1831024
2229	The Insider	1 739 585,0	55	91	-36	91	651305	+6 000	«Или идешь вперед, или обнулим». Интервью со штурмовиками				1674454	Октябрь 2024	91	2024-10-01	1739585
2230	sotavision	1 734 678,0	80	92	-12	92	3614866	+5 000	ФУРГАЛ: как пытали бухгалтеров, как требовали от них показаний				1373191	Октябрь 2024	92	2024-10-01	1734678
2231	Острый Угол	1 669 018,0	91	93	-2	93	1439477	+7 000	"Алексей Навальный - ""Патриот"". Фрагменты новой книги"				1525070	Октябрь 2024	93	2024-10-01	1669018
2232	Заповедник	1 583 514,0	95	94	+1	94	351724	-	"В БРИКС без очереди. Ковид на службе Кремля. Последний рывок – ""Заповедник"", выпуск 330"				1548342	Октябрь 2024	94	2024-10-01	1583514
2233	Простые числа	1 558 772,0	98	95	+3	95	211171	+6 000	Когда придут за нашими сбережениями? // Комолов&Абдулов. Числа недели				1537655	Октябрь 2024	95	2024-10-01	1558772
2234	TV2media	1 538 464,0	77	96	-19	96	4494389	+10 000	Я оптимист, но я не ебанат, я не скажу, что завтра режим Путина падет // Иван Филиппов				1089025	Октябрь 2024	96	2024-10-01	1538464
2235	Алексей Навальный	1 518 276,0	62	97	-35	97	2985	-20 000	17 ноября. Против Путина. Против войны				1517977	Октябрь 2024	97	2024-10-01	1518276
2236	Важные истории	1 393 700,0	87	98	-11	98	7287276	+10 000	—				664972	Октябрь 2024	98	2024-10-01	1393700
2237	Masyanya Kuvaeva	1 386 743,0	114	99	+15	99	60383	-	Масяня. Эпизод 177. Сегодня точно				1380705	Октябрь 2024	99	2024-10-01	1386743
2238	Владислав Жуковский	1 379 878,0	86	100	-14	100	13257	+4 000	Потапенко: ГОТОВЬТЕСЬ К СТРАШНОМУ! НАБИУЛЛИНА ИДЁТ ВРАЗНОС! СТАВКУ ЗАДЕРУТ ДО 25%! Вклады заморозят?				1378552	Октябрь 2024	100	2024-10-01	1379878
2239	The Insider Live	1 379 650,0	102	101	+1	101	4285	+6 000	Как именно Навального могли отравить в колонии? Почему тело не отдавали семье? Андрей Волна				1379221	Октябрь 2024	101	2024-10-01	1379650
2240	Parfenon	1 311 397,0	110	102	+8	102	71264	-	Гагарин. Берлинская стена. Похоронен Сталин. Коммунизм к 1980. Сбежал Нуреев #НМДНИ-1961				1304271	Октябрь 2024	102	2024-10-01	1311397
2241	Когнитивный надзор	1 244 673,0	Новое	103	Новое	103	0	+5 000	Разбор манипуляций ПСЕВДОразоблачения Максима Каца				1244673	Октябрь 2024	103	2024-10-01	1244673
2242	Илья Яшин	1 211 298,0	89	104	-15	104	3573208	-	Существует ли коллективная ответственность россиян?				853977	Октябрь 2024	104	2024-10-01	1211298
2243	Белковский	1 195 144,0	104	105	-1	105	66006	+1 000	Кадыров VS Керимов. Квадробинг в России. / 03 Октября 2024 @BelkovskiyS #белковский				1188543	Октябрь 2024	105	2024-10-01	1195144
2244	kuji podcast	1 154 442,0	99	106	-7	106	0	+4 000	Константин Северинов: генетический гороскоп (Kuji Podcast 173)				1154442	Октябрь 2024	106	2024-10-01	1154442
2245	Вестник Бури	1 143 588,0	107	107	-	107	0	+4 000	УКРАИНА И МОБИЛИЗАЦИЯ: уклонисты, дезертиры, беспредел ТЦК | Україна, війна, мобілізація та ухилянти				1143588	Октябрь 2024	107	2024-10-01	1143588
2246	Набутовы	1 127 142,0	106	108	-2	108	27030	+5 000	Кац против ФБК: раскол в оппозиции и чекисты / Наброски #157				1124439	Октябрь 2024	108	2024-10-01	1127142
2247	вДудь Shorts	1 120 796,0	76	109	-33	109	1300928	+14 000	Как Илон Маск покоряет космос				990703	Октябрь 2024	109	2024-10-01	1120796
2248	Ищем Выход	1 070 172,0	116	110	+6	110	78155	+2 000	Мобилизация в ноябре: к чему готовиться?				1062356	Октябрь 2024	110	2024-10-01	1070172
2249	Объектив	1 050 677,0	103	111	-8	111	109	+4 000	Призыв и мобилизация 2024: электронные повестки и новые правила | Как не попасть в армию?				1050666	Октябрь 2024	111	2024-10-01	1050677
2250	CIT	1 042 321,0	Новое	112	Новое	112	619	+1 600	День 952. БПЛА-вероломство, штурм агрегатного завода в Волчанске				1042259	Октябрь 2024	112	2024-10-01	1042321
2251	Евгений Ступин	1 035 723,0	75	113	-38	113	5904574	+6 000	Янине Висслер о войне на Украине, отношении к России и расширении НАТО				445266	Октябрь 2024	113	2024-10-01	1035723
2252	Сергей Асланян	1 023 156,0	126	114	+12	114	3220	+4 000	СЕРГЕЙ АСЛАНЯН: Грызня за Wildberries Чем грозит ослушание Путину? КРОВАВАЯ МЕСТЬ Кадырова				1022834	Октябрь 2024	114	2024-10-01	1023156
2253	Сергей Смирнов	1 012 920,0	122	115	+7	115	225184	+10 500	МЯСНЫЕ ШТУРМЫ 85 ЛЕТ НАЗАД. Как Советский Союз напал на Финляндию в 1939 году				990402	Октябрь 2024	115	2024-10-01	1012920
2254	Евгений Чичваркин	1 008 099,0	97	116	-19	116	336257	+1 000	Начнётся страшное.. Чичваркин: Путин никогда не прекратит войну				974473	Октябрь 2024	116	2024-10-01	1008099
2255	Кавказ.Реалии	982 789,0	85	117	-32	117	1234228	+2 000	"Атака на ""университет спецназа"" имени Путина в Чечне | НОВОСТИ"				859366	Октябрь 2024	117	2024-10-01	982789
2256	Антонов такой Антонов	856 490,0	101	118	-17	118	130553	+4 000	—				843435	Октябрь 2024	118	2024-10-01	856490
2257	Forbes	828 174,0	96	119	-23	119	403385	+3 000	Ученый Михаил Гельфанд: «‎Почему должен уезжать я, а не все то дерьмо, которое кругом творится?»				787835	Октябрь 2024	119	2024-10-01	828174
2258	Карты и стрелочки	754 982,0	Новое	120	Новое	120	683964	+2 000	КАК ЗАХВАТИЛИ УГЛЕДАР — КЛЮЧЕВОЙ ГОРОД НА СТЫКЕ ФРОНТОВ. ВСУ ВЫШЛИ ИЗ ГОРОДА? НОВОЕ НАСТУПЛЕНИЕ				686586	Октябрь 2024	120	2024-10-01	754982
2259	Oleg Kashin	731 868,0	119	121	-2	121	15434	+900	Кац и Навальный. Как начинался конфликт. Кашин гуру				730325	Октябрь 2024	121	2024-10-01	731868
2260	Матвей Ганапольский	725 088,0	117	122	-5	122	0	+400	В УКРАИНЕ ПОЛЕТЯТ САМОЛЕТЫ / ГАНАПОЛЬСКАЯ ПРАВДА / 22.10.2024				725088	Октябрь 2024	122	2024-10-01	725088
2261	Крым.Реалии	695 272,0	130	123	+7	123	241930	+1 000	«Рейд под Курском удался». Пофамильный список погибших крымчан | Крым.Реалии ТВ				671079	Октябрь 2024	123	2024-10-01	695272
2262	Майор в отставке	676 566,0	135	124	+11	124	12582	+13 200	Что такое СОРМ. Как тебя слушают.				675308	Октябрь 2024	124	2024-10-01	676566
2263	Дмитрий Дёмушкин	676 156,0	111	125	-14	125	119	+5 000	Изоляция и мировой саммит. (Демушкин Потапенко*)				676144	Октябрь 2024	125	2024-10-01	676156
2264	Ксения Ларина	671 820,0	109	126	-17	126	80119	+1 000	Кадыров, кровная месть и закон/Навальный: тайный дневник/Кто тут квадроберы?//@xlarina @farida38173				663808	Октябрь 2024	126	2024-10-01	671820
2265	Минута в минуту	670 451,0	Новое	127	Новое	127	13158	+18 600	Норд-Ост. Поминутная реконструкция национальной трагедии #минутавминуту				669135	Октябрь 2024	127	2024-10-01	670451
2266	ОТДЕЛЬНАЯ ЦИВИЛИЗАЦИЯ	670 187,0	121	128	-7	128	3821	+1 000	ЛЮДИ О КВАРДРОБЕРАХ! ОПРОС 2024				669805	Октябрь 2024	128	2024-10-01	670187
2267	Холод	653 752,0	137	129	+8	129	3697497	+3 000	Кого накажут за бездетность? Запрет чайлдфри: разбираем новый законопроект				284002	Октябрь 2024	129	2024-10-01	653752
2268	НЕ МОЛЧУ	651 340,0	94	130	-36	130	2685345	+1 000	Как ИЗМЕНИЛСЯ ЗЕЛЕНСКИЙ за время ВОЙНЫ - вДудь и Роднянский				382805	Октябрь 2024	130	2024-10-01	651340
2269	7x7 Горизонтальная Россия	636 870,0	129	131	-2	131	1423080	+4 000	Подробности пыток Навального и необходимость реформы ФСИН // Интервью с Ольгой Романовой				494562	Октябрь 2024	131	2024-10-01	636870
2270	Адекватный Русский	620 435,0	108	132	-24	132	6204353	+2 000	—				0	Октябрь 2024	132	2024-10-01	620435
2271	Zakhar Artemiev	605 947,0	Новое	133	Новое	133	10122	+1 000	Наташи больше нет. Memoream. Будьте добры! Пожалуйста!				604935	Октябрь 2024	133	2024-10-01	605947
2272	Нино Росебашвили	600 375,0	115	134	-19	134	396	+2 000	"""Власть ест сама себя"" КОЛЕСНИКОВ про нежелание менять Путина и выученное безразличие"				600335	Октябрь 2024	134	2024-10-01	600375
2273	MRR — My Russian Rights	581 655,0	123	135	-12	135	226143	+1 000	Подкоп и побег, как удалось заключенным сбежать из ИК-2 Липецкой области.				559041	Октябрь 2024	135	2024-10-01	581655
2274	ЗЫГАРЬ	538 947,0	128	136	-8	136	18411	+4 000	Завоевание Кавказа. Дагестан против Ирана, Россия против Турции, при чем тут Наполеон				537106	Октябрь 2024	136	2024-10-01	538947
2275	Sergey Aleksashenko	532 115,0	149	137	+12	137	1956	+3 000	Как воровали из ПББ. Почти правда (рассказанная ФБК)				531919	Октябрь 2024	137	2024-10-01	532115
2276	Реалии	524 168,0	143	138	+5	138	2745090	+4 000	Бунт против цыган из-за убийства таксистки произошёл в пригороде Челябинска				249659	Октябрь 2024	138	2024-10-01	524168
2277	Это Осетинская (Русские норм!)	512 909,0	112	139	-27	139	1170596	+2 000	“Я прошла через какой-то ад”. Как девушка с велопрокатом покоряет Манхэттен				395849	Октябрь 2024	139	2024-10-01	512909
2278	Nовые Куклы	508 721,0	Новое	140	Новое	140	150410	+4 000	Путин запускает ракету. Но всё пошло не так!				493680	Октябрь 2024	140	2024-10-01	508721
2279	SVTV	502 685,0	113	141	-28	141	45072	-	СВЕТОВ /// КАШИН /// КОЛЛЕКТИВНАЯ ОТВЕТСТВЕННОСТЬ				498178	Октябрь 2024	141	2024-10-01	502685
2280	Форум свободной России	496 670,0	132	142	-10	142	7064	+1 000	LIVE: Война окончится в 2025-м? Сакральные жертвы Кремля. Как лишить Путина денег? | Альфред Кох				495964	Октябрь 2024	142	2024-10-01	496670
2281	Радио Долин	481 179,0	124	143	-19	143	30433	+1 000	От «Крестного отца» до «Мегалополиса». Кино Фрэнсиса Форда Копполы				478136	Октябрь 2024	143	2024-10-01	481179
2282	Роман Юнеман	474 987,0	Новое	144	Новое	144	123981	+2 200	ВЫБОРЫ В АМЕРИКЕ. Завершит ли Трамп СВО?				462589	Октябрь 2024	144	2024-10-01	474987
2283	РАЗГОВОРНЫЙ ЖАНР	437 899,0	Новое	145	Новое	145	3809	-	Крид и Мэддисон про блокировку Discord, «Гена Букин на СВО», Z-блогер Тринадцатый в тюрьме				437518	Октябрь 2024	145	2024-10-01	437899
2284	NEVZLIN media	435 759,0	105	146	-41	146	4154175	+4 000	💥Ответ Путина удивил				20341	Октябрь 2024	146	2024-10-01	435759
2285	Пастуховская Кухня	421 860,0	120	147	-27	147	802	+1 100	Стратегия США: Израиль и Украина. Польский Вопрос. План Победы Зеленского. Штази. Пастуховская Кухня				421780	Октябрь 2024	147	2024-10-01	421860
2286	Андрей Пионтковский	397 945,0	125	148	-23	148	5306	-1 000	⚡ПИОНТКОВСКИЙ & ЦИМБАЛЮК: Срочное РЕШЕНИЕ Байдена! Вот, ЗАЧЕМ министр обороны ПРИЕХАЛ в Киев				397414	Октябрь 2024	148	2024-10-01	397945
2287	Евгений Трикоз	396 760,0	134	149	-15	149	2003265	+2 000	Приключения россиянина в Северной Корее/ 1-9 серии #КНДР #КИМЧЕНЫН #СЕВЕРНАЯКОРЕЯ				196433	Октябрь 2024	149	2024-10-01	396760
2288	Гроза / Николай Росов	375 145,0	Новое	150	Новое	150	2304	+1 000	КАШИН* И ХОВАНСКИЙ: Израиль и Палестина, конфликт ФБК, Меддисон, Жмилевский, Лазерсон				374915	Октябрь 2024	150	2024-10-01	375145
2289	Первый отдел	371 777,0	Новое	151	Новое	151	15947	+5 000	Метавселенная Telegram. Как вас находят силовики				370182	Октябрь 2024	151	2024-10-01	371777
2290	Рабкор	357 321,0	148	152	-4	152	1350	+1 000	"Запрет ""чайлдфри"" - рожай до упаду! Работают ли запреты? Как там квадроберы? / Алексей Ракша"				357186	Октябрь 2024	152	2024-10-01	357321
2291	Фарида Курбангалеева	341 093,0	Новое	153	Новое	153	0	+1 700	Квадроберы и чайлдфри; Дадин - герой нашего времени; а есть ли оппозиция/Шендерович/Курбангалеева				341093	Октябрь 2024	153	2024-10-01	341093
2292	SOBOLEV	340 629,0	88	154	-66	154	0	-10 000	—				340629	Октябрь 2024	154	2024-10-01	340629
2293	Как теперь / проект ОВД-Инфо	338 759,0	160	155	+5	155	39207	+3 000	Зачем власти запрещают чайлдфри? Как война повлияла на рождаемость в России? / Ольга Исупова				334838	Октябрь 2024	155	2024-10-01	338759
2294	Котрикадзе Дзядко	327 520,0	131	156	-25	156	0	-	Чичваркин: борьба за Wildberries, отравление Навального и объединение оппозиции				327520	Октябрь 2024	156	2024-10-01	327520
2295	SOTA	320 098,0	Новое	157	Новое	157	22478	+2 500	Адвокат ФБК: новые вопросы к «борцам с коррупцией»				317850	Октябрь 2024	157	2024-10-01	320098
2296	Anna Zueva	259 504,0	Новое	158	Новое	158	355485	+2 300	Баир Аюшеев: ««О, да ты еще и бурят!?». Хотели застрелить. Я подумал: «всё, Баир, ты своё прожил»».				223955	Октябрь 2024	158	2024-10-01	259504
2297	ШЕПЕЛИН	253 814,0	138	159	-21	159	1133	+1 000	Квадроберы разгоняют панику в Кремле | Гена Букин и «русский Ди Каприо» на СВО | Умер Наливкин				253701	Октябрь 2024	159	2024-10-01	253814
2298	Радио Свобода Live	248 226,0	145	160	-15	160	4	+900	Как Путин и Бастрыкин сделали из мигрантов врагов России? Готов ли Израиль ответить Ирану...				248226	Октябрь 2024	160	2024-10-01	248226
2299	БАРМАЛЕЙКА	241 605,0	133	161	-28	161	0	-	ПОШЛА ЖАРА! ПЧЕЛЫ ПРОТИВ МЕДА! Ох, уж это импортозамещение				241605	Октябрь 2024	161	2024-10-01	241605
2300	Лиза Лазерсон	220 006,0	142	162	-20	162	0	+1 000	Тарантиновские диалоги Чехова. Филолог всея Руси. Толстой и Достоевский графоманы. Литература				220006	Октябрь 2024	162	2024-10-01	220006
2301	Татьяна Фельгенгауэр	208 496,0	136	163	-27	163	52	+2 000	Управляющие Ротенберга в руках прокуратуры. Где друг Путина спрятал миллиард?				208491	Октябрь 2024	163	2024-10-01	208496
2302	Yevgenia Albats	207 440,0	153	164	-11	164	23034	-	Выборы 2024: Екатерина Котрикадзе и Марта Ардашелия о том, что будет ли революция в Грузии				205137	Октябрь 2024	164	2024-10-01	207440
2303	Утро Февраля	205 325,0	156	165	-9	165	10104	-	⚡️ВСЯ ПРАВДА О ПРЕСТУПНОМ РЕЖИМЕ! ПУТИНА ждет ИМПИЧМЕНТ и ГААГА!				204315	Октябрь 2024	165	2024-10-01	205325
2304	DOXA | ДОКСА	202 558,0	144	166	-22	166	1284561	+2 000	Почему богачи делают мир хуже?				74102	Октябрь 2024	166	2024-10-01	202558
2305	Whalesplaining	197 979,0	162	167	-5	167	2131	+1 000	Мужские движения | Михаил Пожарский				197766	Октябрь 2024	167	2024-10-01	197979
2306	Страна и мир	179 566,0	147	168	-21	168	651	+500	Рогов о главном: Угледар пал, убийство Навального, ФБК против Ходорковского				179501	Октябрь 2024	168	2024-10-01	179566
2307	Кринж с Жуковой	176 619,0	155	169	-14	169	28149	+1 700	СКОЛЬКО СТОИТ ПУТИН? РАЗВОД ШАМАНА. БЕРЕМЕННА В 16 — НОВЫЙ ТРЕНД?				173804	Октябрь 2024	169	2024-10-01	176619
2308	Votvot	171 258,0	140	170	-30	170	32262	+1 000	Бунтарь из 80-х. Михаил Борзыкин и группа «Телевизор»| ПЕРЕЖИВУ | Интервью				168032	Октябрь 2024	170	2024-10-01	171258
2309	Фёдор Крашенинников	168 190,0	157	171	-14	171	26802	+200	"Октябрь 1993, ситуация на фронтах и ""дело банкиров"" I Фёдор Крашенинников ON AIR"				165510	Октябрь 2024	171	2024-10-01	168190
2310	Ворнадзор	166 081,0	Новое	172	Новое	172	5388	+1 100	Почему Путин увольняет генералов?				165542	Октябрь 2024	172	2024-10-01	166081
2311	Быть Или	157 917,0	118	173	-55	173	0	-	—				157917	Октябрь 2024	173	2024-10-01	157917
2312	Сергей Пархоменко	152 603,0	154	174	-20	174	121	-	Эфир на канале @tvrain. ФБК: последствия скандала				152591	Октябрь 2024	174	2024-10-01	152603
2313	ГражданинЪ TV	151 840,0	146	175	-29	175	12576	+400	Лев Шлосберг об уголовном деле, обыске, поддержке, моральном и политическом выборе / @zhivoygvozd				150582	Октябрь 2024	175	2024-10-01	151840
2314	РОМБ	146 065,0	139	176	-37	176	67038	-	—				139361	Октябрь 2024	176	2024-10-01	146065
2315	RusNews	142 425,0	Новое	177	Новое	177	81102	-	⭕️ Провокаторы попытались разрушить мемориал Бориса Немцова в Москве в его День рождения				134315	Октябрь 2024	177	2024-10-01	142425
2316	Карен Шаинян	138 787,0	158	178	-20	178	40135	-	"""Я никогда не смогу простить свою мать"". История Алисы, транс-девушки из Красного Села"				134773	Октябрь 2024	178	2024-10-01	138787
2317	ZIMA MAGAZINE	135 733,0	Новое	179	Новое	179	1959	+600	Интервью с Борисом Гребенщиковым. Специальный выпуск «Зимы»				135537	Октябрь 2024	179	2024-10-01	135733
2318	Сергей Бойко	107 969,0	150	180	-30	180	13367	+200	Дискредитация #43. Рецепт кофе для Путина.				106632	Октябрь 2024	180	2024-10-01	107969
2319	Виктор Шендерович	106 987,0	159	181	-22	181	972	-1 000	ДУМАЕМ ВМЕСТЕ С ИГОРЕМ ЯКОВЕНКО				106890	Октябрь 2024	181	2024-10-01	106987
2320	Открытые медиа	106 678,0	152	182	-30	182	10165	+1 000	—				105661	Октябрь 2024	182	2024-10-01	106678
2321	НЕОРУЭЛЛ	99 879,0	151	183	-32	183	1524	-	—				99727	Октябрь 2024	183	2024-10-01	99879
2322	Ольга Цуканова Мать всея России	93 800,0	Новое	184	Новое	184	8236	+200	Прокуратура отказалась депутатов ГД признать иноагентами				92976	Октябрь 2024	184	2024-10-01	93800
2323	Пикули	92 707,0	Новое	185	Новое	185	16185	-	—				91088	Октябрь 2024	185	2024-10-01	92707
2324	MOUNT SHOW	86 627,0	165	186	-21	186	3561	-	Россиян заставят рожать. Все к этому ведет / НАТО готово нанести удар по России				86271	Октябрь 2024	186	2024-10-01	86627
2325	Семён Кочкин	85 889,0	Новое	187	Новое	187	111089	+300	649 имён погибших из Чувашии на войне в Украине в одном видео				74780	Октябрь 2024	187	2024-10-01	85889
2326	Убежище оппозиции	81 236,0	Новое	188	Новое	188	0	-1 000	Зачем гнаться за демографией? Оставьте деньги ныне живущим				81236	Октябрь 2024	188	2024-10-01	81236
2327	Губин ON AIR	78 389,0	161	189	-28	189	0	+100	О том, как молодежь (сразу в двух странах) перестала быть молодежью				78389	Октябрь 2024	189	2024-10-01	78389
2328	FURYDROPS. Блог Григория Баженова об экономике.	77 480,0	Новое	190	Новое	190	827	+500	Why Microphones Fail... Праздничный прожекторрайнгослинг!				77397	Октябрь 2024	190	2024-10-01	77480
2329	Псковская Губерния	77 066,0	166	191	-25	191	6764	+830	«Она нам и на*уй не нужна, простому народу, эта Украина»: интервью с мобилизованным из Пскова				76390	Октябрь 2024	191	2024-10-01	77066
2330	Говорящие Головы	71 509,0	Новое	192	Новое	192	10041	+1 000	Екатерина Котрикадзе - Протасевич и Собчак, Фишман и ФБК, Латвия и Нидерланды				70505	Октябрь 2024	192	2024-10-01	71509
2331	Трудовая Россия	69 306,0	Новое	193	Новое	193	1698	+400	Кровавый Октябрь 1993-го. Монолог Елены Моховой. Радио Резонанс // 1998				69136	Октябрь 2024	193	2024-10-01	69306
2332	Lazarevatut	66 259,0	141	194	-53	194	187711	-	—				47488	Октябрь 2024	194	2024-10-01	66259
2333	Маша Борзунова	55 986,0	127	195	-68	195	1156	-	—				55870	Октябрь 2024	195	2024-10-01	55986
2334	Пермь 36,6	55 279,0	Новое	196	Новое	196	9378	+600	Обыски и аресты чиновников в Перми				54341	Октябрь 2024	196	2024-10-01	55279
2335	Удмуртия против коррупции	41 460,0	Новое	197	Новое	197	212074	+700	⚡️Экс-главу минздрава уволили за эти фото, 11 млн за приезд Маршала в Ижевск – Правда об Удмуртии #2				20253	Октябрь 2024	197	2024-10-01	41460
2336	ШАЦ	37 007,0	Новое	198	Новое	198	205657	-1 000	—				16441	Октябрь 2024	198	2024-10-01	37007
2337	Дарья Беседина	31 782,0	Новое	199	Новое	199	0	-100	Мосгордума с улыбкой: депутаты зажигают | Дарья Беседина				31782	Октябрь 2024	199	2024-10-01	31782
2338	Депутат Елена Шувалова	30 459,0	Новое	200	Новое	200	53818	-	Мои привилегии				25077	Октябрь 2024	200	2024-10-01	30459
2339	Красный поворот	29 075,0	Новое	201	Новое	201	10476	+200	Как создавать коммунистическую партию? Стрим/ А. Батов, Р. Осин, С. Новиков, С. Крупенько				28027	Октябрь 2024	201	2024-10-01	29075
2340	Хроники.Медиа	28 933,0	Новое	202	Новое	202	131123	+100	—				15821	Октябрь 2024	202	2024-10-01	28933
2341	Дозор в Волгограде	19 608,0	Новое	203	Новое	203	40493	+100	1500 имён погибших волгоградцев на войне в Украине в одном видео				15559	Октябрь 2024	203	2024-10-01	19608
2342	Varlamov Talks	19 473,0	164	204	-40	204	0	-2 000	—				19473	Октябрь 2024	204	2024-10-01	19473
2343	Леонид Волков	14 801,0	167	205	-38	205	414	-1 000	—				14760	Октябрь 2024	205	2024-10-01	14801
2344	Эльвира Вихарева	12 419,0	163	206	-43	206	0	-300	Россияне становятся азиатами. Война памятников и памяти набирает обороты. Андрей Колесников				12419	Октябрь 2024	206	2024-10-01	12419
2345	Левый Фронт	8 092,0	Новое	207	Новое	207	0	-	—				8092	Октябрь 2024	207	2024-10-01	8092
2346	Богатый регион	7 810,0	Новое	208	Новое	208	8011	+100	Кто такой Артём Жога: правда о новом полпреде Путина				7009	Октябрь 2024	208	2024-10-01	7810
2347	Екатерина Дунцова	6 160,0	Новое	209	Новое	209	558	-700	Партия Рассвет 2024				6104	Октябрь 2024	209	2024-10-01	6160
2348	Сергей Гуриев	6 139,0	169	210	-41	210	0	-1 000	—				6139	Октябрь 2024	210	2024-10-01	6139
2349	Юлия Галямина	4 853,0	Новое	211	Новое	211	4556	-	Как поменялось отношение к СВО за 2 года: 5 основных дискурсов				4397	Октябрь 2024	211	2024-10-01	4853
2350	Голос. За честные выборы	4 049,0	Новое	212	Новое	212	404	-	Молдова: выборы и референдум / Сергей Цуркану, Евгений Чебан				4009	Октябрь 2024	212	2024-10-01	4049
2351	ЦУРреализм	3 449,0	170	213	-43	213	0	-100	—				3449	Октябрь 2024	213	2024-10-01	3449
2352	Аполитичность губит	2 244,0	Новое	214	Новое	214	112	-	—				2233	Октябрь 2024	214	2024-10-01	2244
2353	Борис Надеждин	1 511,0	168	215	-47	215	1291	-1 000	—				1382	Октябрь 2024	215	2024-10-01	1511
2354	Фактор	1 429,0	172	216	-44	216	0	-100	—				1429	Октябрь 2024	216	2024-10-01	1429
2355	Андрей Пивоваров	1 334,0	Новое	217	Новое	217	19	-	—				1332	Октябрь 2024	217	2024-10-01	1334
2356	Омское Гражданское Объединение	1 171,0	Новое	218	Новое	218	102	-100	Нас признали экстремистами! Что будет дальше?				1161	Октябрь 2024	218	2024-10-01	1171
2357	Дмитрий Гудков	1 054,0	171	219	-48	219	23	-200	—				1052	Октябрь 2024	219	2024-10-01	1054
2358	Телеканал Дождь	49 917 952,0	1	1	-	1	11232945	+30 000	Стрельба в Wildberries в центре Москвы: что известно				48794657	Сентябрь 2024	1	2024-09-01	49917952
2359	NEXTA Live	47 646 409,0	4	2	+2	2	3805126	+80 000	РФ выходит из двух областей Украины? / Жест доброй воли или ловушка				47265896	Сентябрь 2024	2	2024-09-01	47646409
2360	Майкл Наки	43 805 432,0	3	3	-	3	130744	+40 000	"""ПОХОРОНЫ АПТИ АЛАУДИНОВА"". ЗАКАТ КАРЬЕРЫ КАДЫРОВСКОГО КЛОУНА"				43792358	Сентябрь 2024	3	2024-09-01	43805432
2361	Ходорковский LIVE	43 492 688,0	2	4	-2	4	34404130	+60 000	Наследники. Как живут сыновья Путина и Кабаевой | Фильм центра «Досье» | Putin's kids [English subs]				40052275	Сентябрь 2024	4	2024-09-01	43492688
2362	Анатолий Шарий	36 250 113,0	8	5	+3	5	232878	+40 000	Как теперь убежать с Курской области?				36226825	Сентябрь 2024	5	2024-09-01	36250113
2363	Популярная политика	28 706 968,0	6	6	-	6	27683062	+40 000	Арестованы люди Кадырова. Последствия стрельбы у Wildberries				25938662	Сентябрь 2024	6	2024-09-01	28706968
2364	Максим Кац	26 880 421,0	5	7	-2	7	3327	+10 000	Школьники не хотят воевать за Путина. Почему? (English subtitles) @Max_Katz				26880088	Сентябрь 2024	7	2024-09-01	26880421
2365	Антон Хардин	25 776 489,0	14	8	+6	8	2768385	+30 000	ВОТ И К НАМ ПРИШЛО! Житель Твери снял всю правду на видео. Вы только посмотрите, ЧТО тут...				25499650	Сентябрь 2024	8	2024-09-01	25776489
2366	DW на русском	25 077 189,0	9	9	-	9	17328482	+30 000	"""Улицы превратились в реки"": в Европе борются с сильнейшими наводнениями (15.09.2024)"				23344341	Сентябрь 2024	9	2024-09-01	25077189
2367	МИНАЕВ LIVE	24 325 554,0	23	10	+13	10	0	+110 000	БЛОКАДА ЛЕНИНГРАДА / Вторая мировая война / Уроки истории @MINAEVLIVE				24325554	Сентябрь 2024	10	2024-09-01	24325554
2368	Обманутый Россиянин	23 621 829,0	11	11	-	11	0	+20 000	Какая еще украинская армия?! МЫ ЖЕ ДОГОВОРИЛИСЬ ЧТО ТЫ СКАЖЕШЬ БОЕВИКИ				23621829	Сентябрь 2024	11	2024-09-01	23621829
2369	И Грянул Грэм	21 827 287,0	16	12	+4	12	109719	+45 000	"ОСЕЧКИН: что с Лавровым, кто держит ""общак"" Шойгу, сколько Путин платит ФСО, кто спалился за спиной"				21816315	Сентябрь 2024	12	2024-09-01	21827287
2370	varlamov	19 397 123,0	13	13	-	13	1312	+10 000	Чё Происходит #236 | Связи Дурова и Кремля, Лукашенко исполнилось 70, «методички» по Курской области				19396992	Сентябрь 2024	13	2024-09-01	19397123
2371	The Breakfast Show	18 157 803,0	22	14	+8	14	148462	+29 000	Как живут сыновья Путина. Расследование центра «Досье»				18142957	Сентябрь 2024	14	2024-09-01	18157803
2372	Редакция	16 716 357,0	17	15	+2	15	23760	+20 000	Редакция. News: 135-я неделя				16713981	Сентябрь 2024	15	2024-09-01	16716357
2373	Роман Цимбалюк	16 560 904,0	26	16	+10	16	2681758	+20 000	От такого заявления офигел даже Апти				16292728	Сентябрь 2024	16	2024-09-01	16560904
2374	Newsader	16 416 766,0	21	17	+4	17	11401	+9 000	Курщина: ВСУ сожгли врага в рукаве и готовят сюрприз. Z в истерике				16415626	Сентябрь 2024	17	2024-09-01	16416766
2375	ВОТ ТАК	16 400 042,0	12	18	-6	18	9140131	+20 000	⚡❗Попытки прорыва ВСУ в Курской обл. Войска РФ накрыли массированным огнем свои территории				15486029	Сентябрь 2024	18	2024-09-01	16400042
2376	Юрий Швец -- официальный канал	15 352 081,0	25	19	+6	19	393066	-	Теперь Путина ждет совсем другая война / Решение о ракетах для ВСУ принято // №813 - Юрий Швец				15312774	Сентябрь 2024	19	2024-09-01	15352081
2377	Настоящее Время	14 942 771,0	15	20	-5	20	5403176	+10 000	Удары и взрывы ракет в России: под Тверью эвакуируют город. Взрывы пейджеров в Ливане | УТРО				14402453	Сентябрь 2024	20	2024-09-01	14942771
2378	Комсомольская Правда	13 787 881,0	7	21	-14	21	7321906	+20 000	Морпехи показали места боёв в Курской области				13055690	Сентябрь 2024	21	2024-09-01	13787881
2379	Послезавтра	13 588 722,0	27	22	+5	22	67125832	+90 000	Арабы. Народ без империи @posle_zavtra				6876139	Сентябрь 2024	22	2024-09-01	13588722
2380	Сергей Ауслендер	12 919 492,0	32	23	+9	23	1461285	+49 000	"Фейковое оружие России. Танк ""Армата"", ракета ""Сармат"", истребитель Су-57, боевой лазер ""Пересвет""."				12773363	Сентябрь 2024	23	2024-09-01	12919492
2381	Радио Свобода	12 849 766,0	19	24	-5	24	17127609	+20 000	ВСУ ударили по складу боеприпасов. Погибшие в ходе стрельбы у Wildberries. Взрывы пейджеров. НОВОСТИ				11137005	Сентябрь 2024	24	2024-09-01	12849766
2382	Denis Kazanskyi	11 916 687,0	40	25	+15	25	11143	+13 000	«Там погибли десятки наших ребят!» Военкоры в шоке! Огромный склад ракет взлетел на воздух в РФ				11915573	Сентябрь 2024	25	2024-09-01	11916687
2383	Живой Гвоздь	11 372 370,0	29	26	+3	26	15477	-	Пастуховские четверги. Владимир Пастухов* и Алексей Венедиктов* / 12.09.24				11370822	Сентябрь 2024	26	2024-09-01	11372370
2384	Euronews по-русски	10 793 100,0	31	27	+4	27	3451	+10 000	Россия нанесла в понедельник утром ракетный удар по Киеву				10792755	Сентябрь 2024	27	2024-09-01	10793100
2385	Volodymyr Zolkin	10 167 258,0	20	28	-8	28	13755174	+20 000	ДАLЁКИЕ СР0ЧНИКИ НЕП0НИМАЮЩИЕ КУДА П0ПАLИ @dmytrokarpenko				8791741	Сентябрь 2024	28	2024-09-01	10167258
2386	Ivan Yakovina	10 040 288,0	18	29	-11	29	285781	+20 000	"На космодроме взорвался ""Сармат"" | В Курске убит командир ВДВ | Взорваны три арсенала и две авиабазы"				10011710	Сентябрь 2024	29	2024-09-01	10040288
2387	Alexey Arestovych	9 964 956,0	28	30	-2	30	5570827	-	Арестович: Что Украину ждет к зиме? Сбор для военных👇				9407873	Сентябрь 2024	30	2024-09-01	9964956
2388	вДудь	9 311 523,0	10	31	-21	31	0	-	Техас – новое место силы Америки / вДудь				9311523	Сентябрь 2024	31	2024-09-01	9311523
2389	ШАРФ	9 292 188,0	35	32	+3	32	6241	+10 000	Весь мир уже хохочет, держа животы. И это показали на первом канале				9291564	Сентябрь 2024	32	2024-09-01	9292188
2390	ФЕЙГИН LIVE	9 118 517,0	41	33	+8	33	66218	-	ХОТЯТ ЛИ РУССКИЕ ЦАРЯ? БЕСЕДА С ВИТАЛИЙ ПОРТНИКОВ @portnikov.argumenty				9111895	Сентябрь 2024	33	2024-09-01	9118517
2391	Павел Иванов	8 512 814,0	Новое	34	Новое	34	10030	+31 000	"Шок! ""Им абсолютно плевать!"" Курск, Донецк, власть и люди. Татьяна Монтян"				8511811	Сентябрь 2024	34	2024-09-01	8512814
2392	Проект	8 366 567,0	38	35	+3	35	9738804	+69 000	Путин, олигарх Керимов и Кадыров разрывают Wildberries. История «русского Amazon» | Проект.Детали				7392687	Сентябрь 2024	35	2024-09-01	8366567
2393	Осторожно: Собчак	7 893 074,0	42	36	+6	36	3739425	+10 000	Исповедь года: Лилия Рах о тюрьме, абьюзе, долгах и тайнах «Модного приговора»				7519131	Сентябрь 2024	36	2024-09-01	7893074
2394	RTVI Новости	7 016 350,0	33	37	-4	37	4847	+10 000	Путин об участии НАТО в конфликте, Байден об ударах вглубь России, ЦБ повысил ключевую ставку				7015865	Сентябрь 2024	37	2024-09-01	7016350
2395	BBC News - Русская служба	6 983 275,0	30	38	-8	38	460077	+10 000	Империя Эрдогана: путь от премьера-реформатора до президента-автократа│Документальный фильм Би-би-си				6937267	Сентябрь 2024	38	2024-09-01	6983275
2396	Навальный LIVE	6 944 364,0	43	39	+4	39	9215517	+10 000	Беслан. Теракт. Путин				6022812	Сентябрь 2024	39	2024-09-01	6944364
2397	Продолжение следует	6 923 476,0	39	40	-1	40	6171428	+10 000	Слоняра и карлик. Как у Путина не получилось повесить Саакашвили за яйца | Разборы				6306333	Сентябрь 2024	40	2024-09-01	6923476
2398	Александр Невзоров	6 411 799,0	37	41	-4	41	5433203	+10 000	Жалкое выступление Путина- лай не ротвейлера, а тойтерьера перед кастрацией. Невзлин - ФБК/ Волков.				5868479	Сентябрь 2024	41	2024-09-01	6411799
2399	Гулагу-нет Официальный канал	6 217 658,0	47	42	+5	42	130165	+20 000	"Предсмертное свидетельство операторов БПЛА ""Эрнеста"" и ""Гудвина"" о лжи и коррупции в ВС РФ"				6204641	Сентябрь 2024	42	2024-09-01	6217658
2400	Юрий ВЕЛИКИЙ	5 909 012,0	36	43	-7	43	6003649	+10 000	Кадыров В ШОКЕ 😯 Илон МАСК отключил ДонДону Кибертрак 😁 [Пародия]				5308647	Сентябрь 2024	43	2024-09-01	5909012
2401	Настоящее Время. Док	5 893 409,0	48	44	+4	44	9801021	+20 000	Три поколения на войне | #ВУКРАИНЕ				4913307	Сентябрь 2024	44	2024-09-01	5893409
2402	Евгений Киселёв	5 584 316,0	44	45	-1	45	0	+10 000	❗️Жирнов: РАЗОБЛАЧИЛИ ПРАВДУ О СМЕРТИ ПУТИНА! Расследование про Кабаеву и детей ВСЕ ДОКАЗАЛО				5584316	Сентябрь 2024	45	2024-09-01	5584316
2403	Константин Сёмин	5 482 691,0	46	46	-	46	570412	+6 000	Армия на вырост, Уран-патриотизм, Вам - БАМ! // Галопом по Европам #1261				5425650	Сентябрь 2024	46	2024-09-01	5482691
2404	Голос Америки	5 306 022,0	52	47	+5	47	196379	+11 000	Зеленский на заседании Совета безопасности ООН. ПРЯМОЙ ЭФИР				5286384	Сентябрь 2024	47	2024-09-01	5306022
2405	ЖестЬ Доброй Воли	5 155 076,0	Новое	48	Новое	48	10606979	+19 000	Диктатор Шоу - Поле ЧудеZ (ШАМАН, ПАТРИАРХ КИРИЛЛ, МЕДВЕДЕВ, МИЗУЛИНА)				4094378	Сентябрь 2024	48	2024-09-01	5155076
2406	NoFake	4 826 845,0	Новое	49	Новое	49	34305465	+41 000	Путин читает бандитский рэп | NoFake				1396298	Сентябрь 2024	49	2024-09-01	4826845
2407	The Люди	4 747 993,0	66	50	+16	50	0	-	Конго: контрасты Африки / Жизнь на 2 доллара в день и нефтяные богатства / @anton_lyadov				4747993	Сентябрь 2024	50	2024-09-01	4747993
2408	Радио Свобода. Новости	4 550 294,0	24	51	-27	51	11281966	+30 000	ВСУ ударили по складу боеприпасов. Погибшие в ходе стрельбы у Wildberries. Взрывы пейджеров. НОВОСТИ				3422097	Сентябрь 2024	51	2024-09-01	4550294
2409	Самое важное	4 119 968,0	Новое	52	Новое	52	6455692	+47 000	Главная тайна Путина раскрыта | 11 генералов в тюрьме | Аресты в МЧС | Секретный приказ Кремля				3474399	Сентябрь 2024	52	2024-09-01	4119968
2410	Новости СВЕРХДЕРЖАВЫ	3 873 188,0	54	53	+1	53	2514	+10 000	Прячет глаза, мямлит невнятное – Путин в тупике после решения Запада				3872937	Сентябрь 2024	53	2024-09-01	3873188
2411	Александр Балу	3 810 108,0	55	54	+1	54	0	+1 000	COMEDY CLUB ЗАКРЫЛИ (нет) | WILDBERRIES ВООБЩЕ ПЛЕВАТЬ | ЗАПРЕТИТЬ ДАРВИНА, БУЛЛИНГ И ЧАЙЛДФРИ ТОЖЕ				3810108	Сентябрь 2024	54	2024-09-01	3810108
2412	The Insider	3 678 168,0	67	55	+12	55	1183928	+24 000	«У меня был допуск секретности». Сержант штаба о реальных потерях, мобилизации и побеге из России				3559775	Сентябрь 2024	55	2024-09-01	3678168
2413	Игорь Яковенко	3 532 165,0	64	56	+8	56	3754	+4 000	ОТВЕТ ЮРИЮ ШВЕЦУ				3531790	Сентябрь 2024	56	2024-09-01	3532165
2414	Михаил Ходорковский	3 427 085,0	51	57	-6	57	2441918	-	Захват Wildberries. Конец Кадырова?				3182893	Сентябрь 2024	57	2024-09-01	3427085
2415	Mark Solonin	3 413 530,0	75	58	+17	58	0	+3 000	Что произошло утром 22 июня 1941г ? Правильный ответ /Второй Фронт. Часть 6				3413530	Сентябрь 2024	58	2024-09-01	3413530
2416	А поговорить?	3 386 835,0	62	59	+3	59	6032918	+10 000	Эрекция фонариком, мышцы без фитнеса,отмена старости, другие чудеса биохакинга от Александра Панчина				2783543	Сентябрь 2024	59	2024-09-01	3386835
2417	Настоящее Время. Сюжеты	3 367 841,0	34	60	-26	60	2296177	+9 000	Атака беспилотников на Подмосковье: главные детали. Удары по аэропортам и жилым домам в Раменском				3138223	Сентябрь 2024	60	2024-09-01	3367841
2418	BILD на русском	3 353 636,0	100	61	+39	61	306748	+7 000	Наталья Зубаревич о «перегреве» экономики, нефтегазовых доходах, рынке недвижимости и росте зарплат				3322961	Сентябрь 2024	61	2024-09-01	3353636
2419	Алексей Навальный	3 342 028,0	61	62	-1	62	8301	-10 000	«Похитить. Избить. Поджечь». Кто пытается уничтожить команду Навального?				3341198	Сентябрь 2024	62	2024-09-01	3342028
2420	Валерий Соловей	3 304 981,0	56	63	-7	63	369	+1 000	"Последняя осень режима // Впереди финансовая турбулентность. Ответы на ""горячие"" вопросы. Вып.75."				3304944	Сентябрь 2024	63	2024-09-01	3304981
2421	Екатерина Шульман	3 229 999,0	72	64	+8	64	8101	-	Биодеградация. Статус S08E01				3229189	Сентябрь 2024	64	2024-09-01	3229999
2422	Tamara Eidelman	3 204 026,0	68	65	+3	65	3404336	+10 000	Сальвадор Дали: пустышка на миллион				2863592	Сентябрь 2024	65	2024-09-01	3204026
2423	Новая газета Европа	3 118 961,0	49	66	-17	66	269646	+14 000	Штурмы на мотоциклах, «обнуления», ямы для отказников: монолог зэка, который сбежал из «Шторм-Z»				3091996	Сентябрь 2024	66	2024-09-01	3118961
2424	Yulia Latynina	3 066 850,0	57	67	-10	67	12474	-3 000	Валерий Соловей. Мегасовещние. Генштаб: мобилизовать 700 тыс. чел. Предложение Шольца. Демография				3065603	Сентябрь 2024	67	2024-09-01	3066850
2425	Meduza	2 981 061,0	59	68	-9	68	38199	+4 000	Месяц боев в Курской области. Это война на территории России				2977241	Сентябрь 2024	68	2024-09-01	2981061
2426	Самый сок 2	2 906 978,0	71	69	+2	69	880	+1 000	Техногенный Рейх: взрыв Сармата убил кремлевских ракетчиков и на века отравил целый регион				2906890	Сентябрь 2024	69	2024-09-01	2906978
2427	Дмитрий Колезев	2 697 923,0	Новое	70	Новое	70	1633184	+16 000	Почему взорвался «Сармат» и каковы политические последствия катастрофы				2534605	Сентябрь 2024	70	2024-09-01	2697923
2428	Скажи Гордеевой	2 576 256,0	70	71	-1	71	680958	+10 000	Скурихины: «Страшно. Но надо себя преодолевать» // «Скажи Гордеевой»				2508160	Сентябрь 2024	71	2024-09-01	2576256
2429	НО.Медиа из России	2 574 579,0	74	72	+2	72	24547	+17 000	Валерий Ширяев отвечает на ваши вопросы: ситуация на фронте, влияние США и ядерное оружие				2572124	Сентябрь 2024	72	2024-09-01	2574579
2430	НЕ ПЕРВЫЙ КАНАЛ	2 535 101,0	60	73	-13	73	0	+3 000	ГРУДИНИН: МНЕ СТРАШНО ГОВОРИТЬ! НО, Я ВСЕ РАВНО СКАЖУ!				2535101	Сентябрь 2024	73	2024-09-01	2535101
2431	Клим Жуков	2 460 162,0	65	74	-9	74	835	+5 000	"Клим Жукоморфов. Разбор x/ф ""Чужой Ромул"": черные дыры в сюжете и логике"				2460078	Сентябрь 2024	74	2024-09-01	2460162
2432	Евгений Ступин	2 437 415,0	45	75	-30	75	16089980	+19 000	Самая массовая атака БПЛА на Россию! Горит завод в Москве!				828417	Сентябрь 2024	75	2024-09-01	2437415
2433	вДудь Shorts	2 283 497,0	Новое	76	Новое	76	4931100	+20 500	Руслан Аушев – разговор про Беслан				1790387	Сентябрь 2024	76	2024-09-01	2283497
2434	TV2media	2 278 067,0	79	77	+2	77	4389233	+15 000	Экс-консул РФ в Мексике Армина Вольперт об увольнении, войне, Украине и отказе от бизнеса с Россией				1839144	Сентябрь 2024	77	2024-09-01	2278067
2435	Максим Шевченко	2 137 307,0	73	78	-5	78	28915	+5 000	С Максимом Шевченко. Зона ударов и время расплаты. 15.09.24				2134415	Сентябрь 2024	78	2024-09-01	2137307
2436	РОЙ ТВ	2 112 484,0	95	79	+16	79	0	+12 000	Гибель Эрнеста и Гудвина: армия тяжело больна!				2112484	Сентябрь 2024	79	2024-09-01	2112484
2437	sotavision	2 106 201,0	76	80	-4	80	3525281	+11 000	Путин - госизменщик! Россиянка подала заявление в ФСБ на Путина и депутатов Госдумы				1753673	Сентябрь 2024	80	2024-09-01	2106201
2438	Александр Штефанов	2 020 632,0	69	81	-12	81	85343	+8 000	Был ли шанс на свободу? История трёх режимов				2012098	Сентябрь 2024	81	2024-09-01	2020632
2439	varlamov moments	2 013 504,0	77	82	-5	82	85060	+6 000	Как выглядит жизнь в самой опасной стране мира | Венесуэла, Путин, бензин и футбол | Илья Варламов				2004998	Сентябрь 2024	82	2024-09-01	2013504
2440	Аудио статьи	1 971 312,0	Новое	83	Новое	83	1250284	-	⚡️Скандал в Госдуме и совещание в Кремле! Путин, Мединский, Ковальчук и патриарх!				1846284	Сентябрь 2024	83	2024-09-01	1971312
2441	Дневник Депутата	1 921 326,0	87	84	+3	84	891	+10 000	Провокаторы против Бондаренко. Выборы с ворами и угрозами				1921237	Сентябрь 2024	84	2024-09-01	1921326
2442	Кавказ.Реалии	1 894 392,0	82	85	-3	85	1391128	+7 000	Аресты чеченских силовиков после штурма Wildberries | НОВОСТИ				1755279	Сентябрь 2024	85	2024-09-01	1894392
2443	Владислав Жуковский	1 843 819,0	Новое	86	Новое	86	990	+6 000	Ступин: ГОТОВЬТЕСЬ К ЖЕСТИ! УДАРОВ ПО РФ БУДЕТ БОЛЬШЕ? Новая мобилизация неизбежна? Россиян ограбят!				1843720	Сентябрь 2024	86	2024-09-01	1843819
2444	Важные истории	1 771 845,0	83	87	-4	87	8134537	+12 000	«Сына убили в СИЗО». Что происходит в тюрьмах России?				958391	Сентябрь 2024	87	2024-09-01	1771845
2445	SOBOLEV	1 761 465,0	135	88	+47	88	0	-	УНИЧТОЖЕНИЕ АРСЕНА МАРКАРЯНА. Как создать секту в XXI веке и заработать 100 миллионов долларов?				1761465	Сентябрь 2024	88	2024-09-01	1761465
2446	Илья Яшин	1 749 334,0	78	89	-11	89	5660933	+10 000	⚡️ПРЯМОЙ ЭФИР. Миллион жертв войны. Клоунада на НТВ. Познер опозорился.				1183241	Сентябрь 2024	89	2024-09-01	1749334
2447	Любовь Соболь	1 748 247,0	81	90	-9	90	4565858	+14 000	Как Путин использует трагедии в своих интересах. Цензура, ложь и манипуляции на конкретных примерах				1291661	Сентябрь 2024	90	2024-09-01	1748247
2448	Острый Угол	1 714 395,0	80	91	-11	91	233896	+8 000	Как я работал на Кремль и стал противником режима. Александр Литке | Откровенный разговор				1691005	Сентябрь 2024	91	2024-09-01	1714395
2449	Владимир Милов	1 691 425,0	85	92	-7	92	468	+8 000	ИСТОЩЕНИЕ 2025 — Ресурсы у Путина кончаются				1691378	Сентябрь 2024	92	2024-09-01	1691425
2450	Руслан Усачев	1 656 616,0	53	93	-40	93	6269	-	Замедление интернета в России // Битва с квадроберами // Анонс iPhone 16 и PS5 Pro				1655989	Сентябрь 2024	93	2024-09-01	1656616
2451	НЕ МОЛЧУ	1 640 996,0	50	94	-44	94	2697872	+3 000	—				1371209	Сентябрь 2024	94	2024-09-01	1640996
2452	Заповедник	1 626 174,0	98	95	+3	95	475472	-	"Война на территории России. Дуров в плену у Макрона. Замедление YouTube – ""Заповедник"", выпуск 323"				1578627	Сентябрь 2024	95	2024-09-01	1626174
2453	Forbes	1 599 533,0	108	96	+12	96	431965	+11 000	«Я мечтаю, чтобы это произошло, но не думаю, что это произойдет». Познер о ТВ, пропаганде и страхах				1556336	Сентябрь 2024	96	2024-09-01	1599533
2454	Евгений Чичваркин	1 589 751,0	97	97	-	97	320544	+3 000	Шокирующий прогноз Чичваркина: Путину нужен Киев и пол-Украины‎				1557697	Сентябрь 2024	97	2024-09-01	1589751
2455	Простые числа	1 571 287,0	91	98	-7	98	1903943	+11 000	Курск, инфляция и упадок Дальнего Востока. Что утаил Путин на ВЭФ? // Олег Комолов. Числа недели				1380893	Сентябрь 2024	98	2024-09-01	1571287
2456	kuji podcast	1 493 348,0	84	99	-15	99	0	+3 000	Симон Мацкеплишвили: наука о сердце (Kuji Podcast 170)				1493348	Сентябрь 2024	99	2024-09-01	1493348
2457	Медиазона	1 359 506,0	93	100	-7	100	27157	+10 000	Как российские военные домогаются женщин и устраивают погромы по пути с войны				1356790	Сентябрь 2024	100	2024-09-01	1359506
2458	Антонов такой Антонов	1 320 053,0	89	101	-12	101	107710	+5 000	Нуланд против Путинизма				1309282	Сентябрь 2024	101	2024-09-01	1320053
2459	The Insider Live	1 312 554,0	102	102	-	102	4835	+7 000	После Курска Путин вербует еще интенсивнее | Разбор Марфы Смирновой				1312070	Сентябрь 2024	102	2024-09-01	1312554
2460	Объектив	1 295 965,0	88	103	-15	103	191	+3 000	Проблемы современной школы | Дети стали учиться хуже?				1295946	Сентябрь 2024	103	2024-09-01	1295965
2461	Белковский	1 204 806,0	94	104	-10	104	86791	+24 000	МЁРТВЫЕ НЕ УМИРАЮТ. Венецианский эпизод. КИНОАГЕНТ. S01E14 @BelkovskiyS #пронченко #белковский				1196127	Сентябрь 2024	104	2024-09-01	1204806
2462	NEVZLIN media	1 120 139,0	Новое	105	Новое	105	10504719	+13 000	Мурзагулов на Живом Гвозде: Допрос с пристрастием				69667	Сентябрь 2024	105	2024-09-01	1120139
2463	Набутовы	1 105 717,0	90	106	-16	106	30307	+6 000	Покорение Казани / Как Россия стала такой большой? #2				1102686	Сентябрь 2024	106	2024-09-01	1105717
2464	Вестник Бури	1 057 274,0	Новое	107	Новое	107	0	+4 000	МИГРАНТЫ: ДОБРО ИЛИ ЗЛО? МИГРАНТОФОБИЯ В РОССИИ - ПОЧЕМУ ОНА РАСТЁТ?				1057274	Сентябрь 2024	107	2024-09-01	1057274
2465	Адекватный Русский	1 035 075,0	58	108	-50	108	10350751	+4 000	—				0	Сентябрь 2024	108	2024-09-01	1035075
2466	Ксения Ларина	982 206,0	99	109	-10	109	62344	+2 000	О возрасте, мастерстве, репутации, молчании и совести / / Человек без телевизора / ​⁠@xlarina				975972	Сентябрь 2024	109	2024-09-01	982206
2467	Parfenon	885 522,0	103	110	-7	110	9271	-	ОТВЕТЫ ЧИТАТЕЛЯМ BAbook				884595	Сентябрь 2024	110	2024-09-01	885522
2468	Дмитрий Дёмушкин	872 290,0	Новое	111	Новое	111	183	+1 000	Путь к национальной катастрофе. (Дмитрий Дёмушкин)				872272	Сентябрь 2024	111	2024-09-01	872290
2469	Это Осетинская (Русские норм!)	833 608,0	119	112	+7	112	185219	+4 000	“Пока есть деньги - война будет вечной”. Разговор с сооснователем “Вышки” Игорем Липсицем				815086	Сентябрь 2024	112	2024-09-01	833608
2470	SVTV	822 499,0	104	113	-9	113	29040	+1 000	Арсен Маркарян в гостях у Михаила Светова				819595	Сентябрь 2024	113	2024-09-01	822499
2471	Masyanya Kuvaeva	794 895,0	92	114	-22	114	0	-	—				794895	Сентябрь 2024	114	2024-09-01	794895
2472	Нино Росебашвили	767 081,0	114	115	-1	115	411	+5 000	"О растлении в российских школах, травме украинских детей и ""наших мальчиках"" ДИМА ЗИЦЕР, педагог"				767040	Сентябрь 2024	115	2024-09-01	767081
2473	Ищем Выход	761 260,0	101	116	-15	116	61017	+1 000	Россия потеряла 600 тысяч человек | Ядерный шантаж | Деноминация | Особое мнение Валерия Соловья				755158	Сентябрь 2024	116	2024-09-01	761260
2474	Матвей Ганапольский	751 135,0	105	117	-12	117	0	+1 000	КАДЫРОВ ПЕРЕСЕК ЧЕРТУ? / ГАНАПОЛЬСКАЯ ПРАВДА / 18.09.2024				751135	Сентябрь 2024	117	2024-09-01	751135
2475	Быть Или	749 144,0	86	118	-32	118	0	-	Лукашенко Уже Нанес Тактический Знак. Зачем? | Быть Или				749144	Сентябрь 2024	118	2024-09-01	749144
2476	Oleg Kashin	728 941,0	111	119	-8	119	18898	+1 900	Лимонов о Беслане. Запрещенный текст, написанный перед штурмом. Чтение вслух				727051	Сентябрь 2024	119	2024-09-01	728941
2477	Пастуховская Кухня	711 261,0	125	120	+5	120	1377	+1 900	Ядерный Путин. План Зеленского. Олигархат // Пастуховская Кухня // Владимир Пастухов				711123	Сентябрь 2024	120	2024-09-01	711261
2478	ОТДЕЛЬНАЯ ЦИВИЛИЗАЦИЯ	686 308,0	96	121	-25	121	19316	+2 000	ЛЮДИ О ДНЕ ТРЕЗВОСТИ.ОПРОС 2024				684376	Сентябрь 2024	121	2024-09-01	686308
2479	Сергей Смирнов	679 253,0	118	122	-4	122	145409	+7 300	ОСТРОВ НА КРАЮ РОССИИ. История Сахалина: колонизация, каторга, оккупация				664712	Сентябрь 2024	122	2024-09-01	679253
2480	MRR — My Russian Rights	623 256,0	112	123	-11	123	481094	+2 000	Кто стоит за разборками в Wildberries				575147	Сентябрь 2024	123	2024-09-01	623256
2481	Радио Долин	592 725,0	116	124	-8	124	24022	+3 000	Битлджус, Бэтмен, Алиса, Вилли Вонка — Антон Долин о кино Тима Бертона				590323	Сентябрь 2024	124	2024-09-01	592725
2482	Андрей Пионтковский	576 709,0	117	125	-8	125	8128	-	⚡ПИОНТКОВСКИЙ & ЦИМБАЛЮК: СРОЧНОЕ решение по УДАРАХ вглубь РФ. Байден готовит СЮРПРИЗ для Путина				575896	Сентябрь 2024	125	2024-09-01	576709
2483	Сергей Асланян	528 067,0	110	126	-16	126	20028	+1 000	Сергей Асланян: КТО и КАК разрабатывает ЭЛИКСИР ВЕЧНОЙ ЖИЗНИ для ПУТИНА?				526064	Сентябрь 2024	126	2024-09-01	528067
2484	Маша Борзунова	491 596,0	153	127	+26	127	2131	+3 000	Месяц лжи: как пропаганда объясняла вторжение в Курскую область				491383	Сентябрь 2024	127	2024-09-01	491596
2485	ЗЫГАРЬ	483 614,0	124	128	-4	128	12897	+3 000	Отравители Навального, гражданская война в США, ненависть к либеральным СМИ				482324	Сентябрь 2024	128	2024-09-01	483614
2486	7x7 Горизонтальная Россия	433 076,0	106	129	-23	129	498286	+2 000	«На свободу выпустили очень страшных демонов» – Ольга Романова | Интервью 7х7				383247	Сентябрь 2024	129	2024-09-01	433076
2487	Крым.Реалии	426 992,0	113	130	-17	130	232254	-	Война на море: главная задача России – сохранить Черноморский флот | Крым.Реалии ТВ				403767	Сентябрь 2024	130	2024-09-01	426992
2488	Котрикадзе Дзядко	422 961,0	130	131	-1	131	0	+1 000	Липсиц: Битва за Wildberries, Россия возвращается в 90е, и почему у экономики нет хорошего будущего				422961	Сентябрь 2024	131	2024-09-01	422961
2489	Форум свободной России	399 785,0	123	132	-9	132	8676	+2 000	LIVE: Украина дойдет до Москвы?! | Владислав Иноземцев				398917	Сентябрь 2024	132	2024-09-01	399785
2490	БАРМАЛЕЙКА	392 885,0	115	133	-18	133	0	-	Пошла ЖАРА! Вместо настоящего путина в Монголию летит его новый двойник				392885	Сентябрь 2024	133	2024-09-01	392885
2491	Евгений Трикоз	375 813,0	107	134	-27	134	2809424	+2 000	ОТКРОВЕННАЯ ЛОЖЬ ЖУРНАЛИСТОВ ПРО КВН. РАЗБОР ФЕЙКОВ				94871	Сентябрь 2024	134	2024-09-01	375813
2492	Майор в отставке	342 404,0	Новое	135	Новое	135	5569	+5 600	Зачем Путину еще 180 тысяч солдат. Новая мобилизация?				341847	Сентябрь 2024	135	2024-09-01	342404
2493	Татьяна Фельгенгауэр	336 652,0	144	136	+8	136	75	+3 000	Бизнес-империя Маслякова: как стать миллиардером на КВНе и дружбе с государством				336644	Сентябрь 2024	136	2024-09-01	336652
2494	Холод	306 411,0	122	137	-15	137	328356	-	Всё, что вы боялись спросить. Отвечают Колмановский, Кац, Долин, Раевский, Монгайт, Борзунова				273575	Сентябрь 2024	137	2024-09-01	306411
2495	ШЕПЕЛИН	299 281,0	109	138	-29	138	1888	+2 000	Итоги расследования ФБК про Невзлина | Переговоры Шойгу с человеком-невидимкой | Бабкина и робот				299092	Сентябрь 2024	138	2024-09-01	299281
2496	РОМБ	278 858,0	120	139	-19	139	143002	+2 000	«Герой СВО»: как вагнеровец убил двух пенсионерок и оба раза ушел на фронт из колонии				264558	Сентябрь 2024	139	2024-09-01	278858
2497	Votvot	275 494,0	Новое	140	Новое	140	549	+1 000	Обломов, который переехал | Интервью | ПЕРЕЖИВУ @VotvotTV				275439	Сентябрь 2024	140	2024-09-01	275494
2498	Lazarevatut	254 773,0	131	141	-10	141	5734	+2 000	О свободе слова и взрослении. Руслан Белый // Татьяна Лазарева				254200	Сентябрь 2024	141	2024-09-01	254773
2499	Лиза Лазерсон	246 328,0	127	142	-15	142	0	+1 700	—				246328	Сентябрь 2024	142	2024-09-01	246328
2500	Реалии	245 840,0	121	143	-22	143	1112915	+3 000	"Уехавшие от войны создали в Сербии свою ""мини-Россию"" | Север.Реалии"				134548	Сентябрь 2024	143	2024-09-01	245840
2501	DOXA | ДОКСА	243 991,0	126	144	-18	144	1623963	+3 000	Почему мы не можем победить бездомность?				81595	Сентябрь 2024	144	2024-09-01	243991
2502	Радио Свобода Live	232 791,0	136	145	-9	145	0	+700	"Время Свободы: Кадыров ""спасает семью"". Стрельба у офиса Wildberries в Москве | Весь эфир"				232791	Сентябрь 2024	145	2024-09-01	232791
2503	ГражданинЪ TV	218 045,0	137	146	-9	146	55073	+1 100	Заложники в Судже. Кому нужны живыми люди внутри огня? / Шлосберг live				212538	Сентябрь 2024	146	2024-09-01	218045
2504	Страна и мир	191 138,0	134	147	-13	147	15880	+600	Рогов о главном: Полтава и Львов, выступление Юлии Навальной, инфляция на пике				189550	Сентябрь 2024	147	2024-09-01	191138
2505	Рабкор	190 742,0	138	148	-10	148	3604	-	Израиль готовит вторжение в Ливан? / Михаил Магид				190382	Сентябрь 2024	148	2024-09-01	190742
2506	Sergey Aleksashenko	189 681,0	132	149	-17	149	1846	-	Власть молчит про демографическую катастрофу @zhivoygvozd				189496	Сентябрь 2024	149	2024-09-01	189681
2507	Сергей Бойко	169 082,0	145	150	-5	150	921	+300	3 СЕНТЯБРЯ — ДЕНЬ ПРОЩАНИЯ				168990	Сентябрь 2024	150	2024-09-01	169082
2508	НЕОРУЭЛЛ	156 492,0	133	151	-18	151	1083	-	—				156384	Сентябрь 2024	151	2024-09-01	156492
2509	Открытые медиа	154 140,0	142	152	-10	152	1124	+1 000	—				154028	Сентябрь 2024	152	2024-09-01	154140
2510	Yevgenia Albats	153 740,0	140	153	-13	153	16302	-1000	Невзлингейт, новое покушение на Трампа, падение цен на нефть и ждёт ли Россию экономический крах				152110	Сентябрь 2024	153	2024-09-01	153740
2511	Сергей Пархоменко	153 155,0	141	154	-13	154	186	0	Стрим на канале @The_Breakfast_Show Скандал вокруг Невзлина и ФБК, дебаты Трампа и Харрис				153136	Сентябрь 2024	154	2024-09-01	153155
2512	Кринж с Жуковой	144 558,0	143	155	-12	155	57867	1600	КРЕМЛЬ ЗА ДУРОВА, КИРКОРОВ НАКАЧАЛ РУКИ-БАЗУКИ, ZАЩИТНИКИ ОГРАБИЛИ WILDBERRIES				138771	Сентябрь 2024	155	2024-09-01	144558
2513	Утро Февраля	122 094,0	128	156	-28	156	4648	0	💣ЧТО СКРЫВАЮТ ВЛАДИМИР ПУТИН И АЛИНА КАБАЕВА? - КУРБАНГАЛЕЕВА				121629	Сентябрь 2024	156	2024-09-01	122094
2514	Фёдор Крашенинников	114 779,0	148	157	-9	157	35959	100	"Ядерные угрозы Путина и ""план Зеленского"" I Фёдор Крашенинников ON AIR"				111183	Сентябрь 2024	157	2024-09-01	114779
2515	Карен Шаинян	92 465,0	146	158	-12	158	7317	-1000	Катя и Вета: история любви, травли и эмиграции в одном Тик-Токе				91733	Сентябрь 2024	158	2024-09-01	92465
2516	Виктор Шендерович	77 897,0	147	159	-12	159	1020	0	ШЕНДЕРОВИЧ*: Алаудинов и пленные, Богомаз и образование, Путин и шаманизм				77795	Сентябрь 2024	159	2024-09-01	77897
2517	Как теперь / проект ОВД-Инфо	77 023,0	129	160	-31	160	58511	0	Как обходить замедление ютуба и возможна ли его полная блокировка? / Дмитрий Колезев				71172	Сентябрь 2024	160	2024-09-01	77023
2518	Губин ON AIR	68 026,0	150	161	-11	161	0	0	О том, как мазохист Юрий Дудь Россию любил (и не он один). Еще раз о рояле, привязанном к ноге				68026	Сентябрь 2024	161	2024-09-01	68026
2519	Whalesplaining	67 133,0	151	162	-11	162	1382	1000	—				66995	Сентябрь 2024	162	2024-09-01	67133
2520	Эльвира Вихарева	28 304,0	158	163	-5	163	0	-100	Что такое оппозиция определить уже невозможно. Россия - страна имитации. Колесников				28304	Сентябрь 2024	163	2024-09-01	28304
2521	Varlamov Talks	18 867,0	154	164	-10	164	0	-1000	—				18867	Сентябрь 2024	164	2024-09-01	18867
2522	MOUNT SHOW	16 096,0	149	165	-16	165	3174	0	—				15779	Сентябрь 2024	165	2024-09-01	16096
2523	Псковская Губерния	14 372,0	156	166	-10	166	39904	140	ВОЛКОВ, НЕВЗЛИН и ХОДОРКОВСКИЙ: ИСТИНА ГДЕ-ТО РЯДОМ / ЛАБВАКАР				10382	Сентябрь 2024	166	2024-09-01	14372
2524	Леонид Волков	13 027,0	152	167	-15	167	567	0	—				12970	Сентябрь 2024	167	2024-09-01	13027
2525	Борис Надеждин	11 296,0	155	168	-13	168	3101	-1000	—				10986	Сентябрь 2024	168	2024-09-01	11296
2526	Сергей Гуриев	8 591,0	157	169	-12	169	0	-1000	—				8591	Сентябрь 2024	169	2024-09-01	8591
2527	ЦУРреализм	3 503,0	159	170	-11	170	0	0	—				3503	Сентябрь 2024	170	2024-09-01	3503
2528	Дмитрий Гудков	1 153,0	160	171	-11	171	61	-100	—				1147	Сентябрь 2024	171	2024-09-01	1153
2529	Фактор	1 100,0	161	172	-11	172	0	-100	—				1100	Сентябрь 2024	172	2024-09-01	1100
2530				173		173								Сентябрь 2024	173	2024-09-01	
2531				174										Сентябрь 2024	174	2024-09-01	0
2532				175										Сентябрь 2024	175	2024-09-01	0
2533				176										Сентябрь 2024	176	2024-09-01	0
2534				177										Сентябрь 2024	177	2024-09-01	0
2535				178										Сентябрь 2024	178	2024-09-01	0
2536				179										Сентябрь 2024	179	2024-09-01	0
2537				180										Сентябрь 2024	180	2024-09-01	0
2538				181										Сентябрь 2024	181	2024-09-01	0
2539				182										Сентябрь 2024	182	2024-09-01	0
2540				183										Сентябрь 2024	183	2024-09-01	0
2541				184										Сентябрь 2024	184	2024-09-01	0
2542				185										Сентябрь 2024	185	2024-09-01	0
2543				186										Сентябрь 2024	186	2024-09-01	0
2544				187										Сентябрь 2024	187	2024-09-01	0
2545				188										Сентябрь 2024	188	2024-09-01	0
2546				189										Сентябрь 2024	189	2024-09-01	0
2547				190										Сентябрь 2024	190	2024-09-01	0
2548				191										Сентябрь 2024	191	2024-09-01	0
2549				192										Сентябрь 2024	192	2024-09-01	0
2550				193										Сентябрь 2024	193	2024-09-01	0
2551				194										Сентябрь 2024	194	2024-09-01	0
2552				195										Сентябрь 2024	195	2024-09-01	0
2553				196										Сентябрь 2024	196	2024-09-01	0
2554				197										Сентябрь 2024	197	2024-09-01	0
2555				198										Сентябрь 2024	198	2024-09-01	0
2556				199										Сентябрь 2024	199	2024-09-01	0
2557				200										Сентябрь 2024	200	2024-09-01	0
2558				201										Сентябрь 2024	201	2024-09-01	0
2559				202										Сентябрь 2024	202	2024-09-01	0
2560				203										Сентябрь 2024	203	2024-09-01	0
2561				204										Сентябрь 2024	204	2024-09-01	0
2562				205										Сентябрь 2024	205	2024-09-01	0
2563				206										Сентябрь 2024	206	2024-09-01	0
2564				207										Сентябрь 2024	207	2024-09-01	0
2565				208										Сентябрь 2024	208	2024-09-01	0
2566				209										Сентябрь 2024	209	2024-09-01	0
2567				210										Сентябрь 2024	210	2024-09-01	0
2568	Телеканал Дождь	54 205 816,0	1	1	-	1	15745266	+30 000	Лукашенко тяжело болен? Паспорта будут отбирать. Теневой запрет абортов. Переговоры возможны?				52631289	Июль 2024	1	2024-07-01	54205816
2569	Ходорковский LIVE	48 520 552,0	2	2	-	2	50710888	+80 000	⚡️НОВОСТИ | ВЗРЫВ В ТЦ. ЛЮДИ ПОД ЗАВАЛАМИ | МАССОВОЕ ОТРАВЛЕНИЕ ДЕТЕЙ | БАЙДЕН СНЯЛСЯ С ВЫБОРОВ				43449463	Июль 2024	2	2024-07-01	48520552
2570	NEXTA Live	38 790 723,0	4	3	+1	3	25281	+50 000	Путин согласен на уступки? / Переговоры Украины и РФ				38788195	Июль 2024	3	2024-07-01	38790723
2571	Популярная политика	38 090 318,0	8	4	+4	4	39443561	+80 000	Христо Грозев про новое расследование				34145962	Июль 2024	4	2024-07-01	38090318
2572	Майкл Наки	38 088 818,0	3	5	-2	5	330989	+40 000	НАБИУЛЛИНУ ПРОРВАЛО/ ПОДНЯТА КЛЮЧЕВАЯ СТАВКА/ ТАЙНЫ WILDBERRIES/ КРИЗИС ГОСДОЛГА. Милов				38055719	Июль 2024	5	2024-07-01	38088818
2573	Анатолий Шарий	33 824 361,0	17	6	+11	6	97588	+20 000	Кого они насиловали в Буче				33814602	Июль 2024	6	2024-07-01	33824361
2574	Антон Хардин	33 308 252,0	9	7	+2	7	20049	+30 000	Эти кадры Малышевой не должны были попасть в интернет, теперь увидят все! Какая на самом деле				33306247	Июль 2024	7	2024-07-01	33308252
2575	Максим Кац	32 062 856,0	6	8	-2	8	3364	+30 000	Рейс MH17 малазийского Боинга | С чего началось тотальное враньё Путина #минутавминуту (English sub)				32062520	Июль 2024	8	2024-07-01	32062856
2576	varlamov	30 670 678,0	7	9	-2	9	3648	+30 000	Япония: страна идеальных вещей | Кофе, сакэ, тунец и поезда				30670313	Июль 2024	9	2024-07-01	30670678
2577	Обманутый Россиянин	28 229 376,0	10	10	-	10	0	+20 000	Почему-то люди перестали ходить на наши концерты... что-то случилось?! КИПЕЛОВ И ГАЗМАНОВ ВСЕ				28229376	Июль 2024	10	2024-07-01	28229376
2578	DW на русском	25 437 177,0	11	11	-	11	13176991	+30 000	Открытие Олимпиады в Париже: как это было				24119478	Июль 2024	11	2024-07-01	25437177
2579	Радио Свобода	23 850 393,0	12	12	-	12	68617990	+80 000	Глава экспертизы Минобороны уносит в могилу секреты фирмы				16988594	Июль 2024	12	2024-07-01	23850393
2580	МИНАЕВ LIVE	22 849 827,0	15	13	+2	13	0	+90 000	1941: Нападение на СССР / Вторая мировая война / Уроки истории / @MINAEVLIVE				22849827	Июль 2024	13	2024-07-01	22849827
2581	Настоящее Время	20 961 452,0	14	14	-	14	7375540	+10 000	Массированная атака на Крым. Раненые и погибшие в России. Путина охраняют ракеты. ВСУ отступают				20223898	Июль 2024	14	2024-07-01	20961452
2582	ВОТ ТАК	20 139 111,0	5	15	-10	15	6611266	+30 000	❗ Авиакатастрофа в Подмосковье. Пилот РФ сдал тех, кто запускал ракеты по Охматдет / Выпуск новостей				19477984	Июль 2024	15	2024-07-01	20139111
2583	Комсомольская Правда	18 923 370,0	13	16	-3	16	41953987	+40 000	Министр обороны РФ Андрей Белоусов пообщался с рядовыми и сержантами				14727971	Июль 2024	16	2024-07-01	18923370
2584	Редакция	17 824 789,0	16	17	-1	17	41733	+20 000	Наталья Зубаревич о российской экономике спустя 2,5 года санкций / Редакция. Интервью				17820616	Июль 2024	17	2024-07-01	17824789
2585	Юрий Швец -- официальный канал	17 456 206,0	20	18	+2	18	723127	+20 000	Кровавый теракт орков / Ответ Путину будет жестоким / Провал агентуры Кремля в Европе / №770 Швец				17383893	Июль 2024	18	2024-07-01	17456206
2586	Alexey Arestovych	16 914 809,0	21	19	+2	19	10678412	+30 000	Арестович: Разворот Зеленского. Дело идет к миру. Сбор для военных👇				15846968	Июль 2024	19	2024-07-01	16914809
2587	The Breakfast Show	15 473 289,0	22	20	+2	20	306784	+20 000	Из чего стреляли по Трампу? Комментарий профессионального снайпера				15442611	Июль 2024	20	2024-07-01	15473289
2588	Newsader	14 575 475,0	18	21	-3	21	0	+6 000	Мощнейший удар в Севастополе: работали Storm Shadow				14575475	Июль 2024	21	2024-07-01	14575475
2589	ШАРФ	14 436 816,0	26	22	+4	22	6943	+10 000	Сегодня сорвали завесу, весь мир молча наблюдает. Президент сразу прибыл с большим заявлением				14436122	Июль 2024	22	2024-07-01	14436816
2590	Живой Гвоздь	14 262 021,0	24	23	+1	23	30106	-	Наталья Зубаревич: Особое мнение / 11.07.24				14259010	Июль 2024	23	2024-07-01	14262021
2591	Volodymyr Zolkin	13 394 399,0	23	24	-1	24	14396549	+20 000	ЧЕЧЕНСКИЕ ЖУРНАЛИСТЫ ВЫШЛИ НА ЗОЛКИНА @VolodymyrZolkin				11954744	Июль 2024	24	2024-07-01	13394399
2592	Осторожно: Собчак	13 044 446,0	19	25	-6	25	9228795	+30 000	Первое интервью жены ДЕЦЛА: «Это проклятие семьи»				12121566	Июль 2024	25	2024-07-01	13044446
2593	Euronews по-русски	12 779 758,0	33	26	+7	26	3628	+10 000	"Покушение на Дональда Трампа: ""это было чудо"""				12779395	Июль 2024	26	2024-07-01	12779758
2594	BBC News - Русская служба	11 684 913,0	27	27	-	27	520407	+20 000	Кто и каким оружием обстрелял госпиталь «Охматдет» в Киеве? Эксперты об ударе по детской больнице				11632872	Июль 2024	27	2024-07-01	11684913
2595	И Грянул Грэм	11 393 345,0	25	28	-3	28	307318	+22 000	ДАНИЛКО: зачем позвонила Ротару, пожар с Пугачевой, как было с Кобзоном, прощание с Виктюком, Лайма				11362613	Июль 2024	28	2024-07-01	11393345
2596	Ivan Yakovina	11 022 356,0	36	29	+7	29	292550	+10 000	"Новая мобилизация в РФ объявлена ""ротацией"" | В ожидании жуткого кризиса Кремль отключает Ютуб"				10993101	Июль 2024	29	2024-07-01	11022356
2597	Послезавтра	10 485 747,0	34	30	+4	30	54724926	+60 000	Женщины изменившие мир? @posle_zavtra				5013254	Июль 2024	30	2024-07-01	10485747
2598	Продолжение следует	10 136 990,0	40	31	+9	31	17506400	+36 000	Армия-расхитительница. Дед опомнился слишком поздно | Разборы				8386350	Июль 2024	31	2024-07-01	10136990
2599	Роман Цимбалюк	9 962 078,0	29	32	-3	32	486757	-	Выборов можно не ждать: Камала Харрис может уже завтра переехать в Овальный кабинет				9913402	Июль 2024	32	2024-07-01	9962078
2600	Denis Kazanskyi	9 584 990,0	32	33	-1	33	17477	+10 000	"""У нас уже нет сил, чтоы наступать в Украине!"" Соратник Кадырова огорошил Скабееву в прямом эфире"				9583242	Июль 2024	33	2024-07-01	9584990
2601	RTVI Новости	9 228 763,0	28	34	-6	34	4100	+10 000	Главное о покушении на Трампа: заявления свидетелей, первые версии и реакция Байдена				9228353	Июль 2024	34	2024-07-01	9228763
2602	ФЕЙГИН LIVE	9 142 994,0	35	35	-	35	3120	-10 000	"ТЕМА ""ПЕРЕГОВОРОВ"" И ОБЩЕСТВЕННОЕ МНЕНИЕ В УКРАИНЕ. БЕСЕДА С ВИТАЛИЙ ПОРТНИКОВ @portnikov.argumenty"				9142682	Июль 2024	35	2024-07-01	9142994
2603	Навальный LIVE	8 584 956,0	38	36	+2	36	14154570	+20 000	Семья Путина. Дети, любовницы и племянники диктатора				7169499	Июль 2024	36	2024-07-01	8584956
2604	Константин Сёмин	7 593 061,0	43	37	+6	37	201587	+4 000	Объявлена чеболизация, Зеленский и Карлсон, Ужасная репродукция // Галопом по Европам #1209				7572902	Июль 2024	37	2024-07-01	7593061
2605	Сергей Ауслендер	7 546 241,0	47	38	+9	38	768662	+22 000	Устранение главарей. Сверхточные удары по Ирану и Ливану				7469375	Июль 2024	38	2024-07-01	7546241
2606	НЕ ПЕРВЫЙ КАНАЛ	7 544 957,0	45	39	+6	39	0	+20 000	СЫТЫЕ ХАРИ!ДОВОЛЬНЫЕ РОЖИ! ОТКРОВЕНИЯ ДЕПУТАТА ПОВЕРГЛИ В ШОК! 60 МИЛЛИОНОВ РОССИЯН!				7544957	Июль 2024	39	2024-07-01	7544957
2607	Александр Невзоров	7 371 489,0	41	40	+1	40	1707634	-	Бомбордировка детской больницы. Молчание говнят. Потери Росиии- почти миллион. Русский плебс и ИСС.				7200726	Июль 2024	40	2024-07-01	7371489
2608	The Люди	7 249 666,0	49	41	+8	41	0	+10 000	Бангладеш: Как мужья отдают жен работать пр***титутками / Нищета, вонь и антисанитария @anton_lyadov				7249666	Июль 2024	41	2024-07-01	7249666
2609	Голос Америки	7 070 386,0	48	42	+6	42	214227	+14 000	Cтрельба на митинге Трампа в Пенсильвании				7048963	Июль 2024	42	2024-07-01	7070386
2610	Настоящее Время. Док	6 608 641,0	44	43	+1	43	8183370	+20 000	Жизнь в вечной мерзлоте. Воркута и поселки | НЕИЗВЕСТНАЯ РОССИЯ				5790304	Июль 2024	43	2024-07-01	6608641
2611	Proekt_media	6 286 149,0	30	44	-14	44	7432597	+50 000	—				5542889	Июль 2024	44	2024-07-01	6286149
2612	Настоящее Время. Сюжеты	5 943 903,0	58	45	+13	45	7813332	+25 000	Как российские матери и жены заставляют родных идти на войну против Украины				5162570	Июль 2024	45	2024-07-01	5943903
2613	вДудь	5 317 350,0	31	46	-15	46	0	-	—				5317350	Июль 2024	46	2024-07-01	5317350
2614	Юрий ВЕЛИКИЙ	5 215 496,0	42	47	-5	47	2990622	-	"ОРБАН приехал к ПУТИНУ и ""отчитался"" о поездке в Киев 😁 [Пародия]"				4916434	Июль 2024	47	2024-07-01	5215496
2615	Дневник Депутата	5 004 617,0	63	48	+15	48	1812	+10 000	Бастрыкин наехал на власть. Раскол набирает обороты				5004436	Июль 2024	48	2024-07-01	5004617
2616	Евгений Киселёв	4 900 004,0	59	49	+10	49	0	+8 000	КОХ: Путин ошибся с датой удара по Киеву. Теперь ЖДЕМ СЮРПРИЗ НА САММИТЕ НАТО. Орбаном командует Си?				4900004	Июль 2024	49	2024-07-01	4900004
2617	Yulia Latynina	4 742 625,0	57	50	+7	50	25497	-2 000	Алексей Арестович. Я заключу мир. Время кончать стрелять. Итоги двух с половиной лет.				4740075	Июль 2024	50	2024-07-01	4742625
2618	А поговорить?	4 527 047,0	52	51	+1	51	5722137	+10 000	Андрей Кураев - батюшка иноагент: о геях в церкви, грехах Патриарха и показной вере Путина				3954833	Июль 2024	51	2024-07-01	4527047
2619	Колезев	4 397 923,0	51	52	-1	52	2380988	+28 000	Кадыров захватит Wildberries? Что стоит за конфликтом вокруг маркетплейса				4159824	Июль 2024	52	2024-07-01	4397923
2620	Новая газета Европа	4 078 482,0	62	53	+9	53	697417	+14 000	Танкист-дезертир о стрельбе по домам, атаках дронов и холодной гражданской войне в России				4008740	Июль 2024	53	2024-07-01	4078482
2621	Meduza	4 004 688,0	55	54	+1	54	178310	+4 000	Покушение на Трампа				3986857	Июль 2024	54	2024-07-01	4004688
2622	Скажи Гордеевой	3 977 556,0	46	55	-9	55	1052667	-	Альбина и Олег Ицхоки: «Это очень опасно для Америки» // «Скажи Гордеевой»				3872289	Июль 2024	55	2024-07-01	3977556
2623	Александр Балу	3 825 581,0	61	56	+5	56	0	-1 000	ПРОПАГАНДА, ПЯТИМИНУТКА НЕНАВИСТИ.				3825581	Июль 2024	56	2024-07-01	3825581
2624	Новости СВЕРХДЕРЖАВЫ	3 796 026,0	68	57	+11	57	4715	-	Тик-ток войска Кадырова на РОССИЯ 1 – интернет взорвался от смеха				3795554	Июль 2024	57	2024-07-01	3796026
2625	Екатерина Шульман	3 689 624,0	56	58	-2	58	16655	-	Война на истощение				3687958	Июль 2024	58	2024-07-01	3689624
2626	varlamov moments	3 628 037,0	67	59	+8	59	122013	+13 000	Патриотизм и нацизм: в чём отличия и где проходит граница? | Национализм, пропаганда и диктатура				3615836	Июль 2024	59	2024-07-01	3628037
2627	TV2media	3 570 608,0	84	60	+24	60	7997023	+18 000	Мама сказала: «Если поедешь в Украину, ты мне не дочь»				2770906	Июль 2024	60	2024-07-01	3570608
2628	Валерий Соловей	3 446 954,0	54	61	-7	61	638	+2 000	Покушения на Трампа и Путина // Когда и почему в России закроют YouTube. Что происходит. Вып.132.				3446890	Июль 2024	61	2024-07-01	3446954
2629	Руслан Усачев	3 416 989,0	75	62	+13	62	7423	-	Замедление ютуба // Покушение на Трампа // Запрет самокатов				3416247	Июль 2024	62	2024-07-01	3416989
2630	Tamara Eidelman	3 355 545,0	69	63	+6	63	2309279	+10 000	Пол Пот. Кровавый монстр из джунглей				3124617	Июль 2024	63	2024-07-01	3355545
2631	Игорь Яковенко	3 338 179,0	65	64	+1	64	3265	+2 000	ДУМАЕМ ВМЕСТЕ С МАРКОМ ФЕЙГИНЫМ				3337852	Июль 2024	64	2024-07-01	3338179
2632	Радио Свобода. Новости	3 329 436,0	53	65	-12	65	10376787	+17 000	НОВОСТИ: Удар по Днепру. Армия России наступает на Торецк. Атака на порт Новороссийска				2291757	Июль 2024	65	2024-07-01	3329436
2633	Александр Штефанов	3 318 223,0	72	66	+6	66	136583	+12 000	Последнее видео про Стаса Васильева [возможно]				3304565	Июль 2024	66	2024-07-01	3318223
2634	Владимир Милов	3 133 759,0	96	67	+29	67	716	+23 000	КРИЗИС В АРМИИ РОССИИ | Сколько ресурсов у Путина осталось на Войну?				3133687	Июль 2024	67	2024-07-01	3133759
2635	Клим Жуков	3 092 474,0	66	68	-2	68	1331	+7 000	Клим Жуков. Хоббит, или на Первую мировую и обратно				3092341	Июль 2024	68	2024-07-01	3092474
2636	The Insider	3 087 731,0	80	69	+11	69	970441	+18 000	«Обнуление» своих, наркотики в армии и контрабанда оружия с телами погибших. Исповедь дезертира				2990687	Июль 2024	69	2024-07-01	3087731
2637	Любовь Соболь	3 051 767,0	78	70	+8	70	7207700	+22 000	Как Путин отжимает бизнес: схемы				2330997	Июль 2024	70	2024-07-01	3051767
2638	BILD на русском	3 021 638,0	73	71	+2	71	724769	+7 000	Наталья Зубаревич и Максим Курников | Интервью BILD				2949161	Июль 2024	71	2024-07-01	3021638
2639	Гулагу-нет Официальный канал	2 971 632,0	60	72	-12	72	553669	+1 000	Всё тайное становится явным. Правда о Змее: зачем Игорь Саликов планировал убить Владимира Осечкина?				2916265	Июль 2024	72	2024-07-01	2971632
2640	Алексей Навальный	2 903 923,0	64	73	-9	73	8824	-10 000	—				2903041	Июль 2024	73	2024-07-01	2903923
2641	Михаил Ходорковский	2 767 529,0	107	74	+33	74	657157	+10 000	Опасные зеки возвращаются с войны | Блог Ходорковского				2701813	Июль 2024	74	2024-07-01	2767529
2642	Адекватный Русский	2 758 481,0	50	75	-25	75	27584812	+18 000	—				0	Июль 2024	75	2024-07-01	2758481
2643	Евгений Ступин	2 748 078,0	71	76	-5	76	19118558	+30 000	Что будет с рублём и к чему ведёт тотальная зависимость от Китая				836222	Июль 2024	76	2024-07-01	2748078
2644	Антонов такой Антонов	2 683 872,0	85	77	+8	77	688529	+10 000	Покушение года: Трамп и Секретная служба				2615019	Июль 2024	77	2024-07-01	2683872
2645	Объектив	2 621 485,0	91	78	+13	78	487	+22 000	Как геи жили на Руси | Настоящие традиционные ценности России				2621436	Июль 2024	78	2024-07-01	2621485
2646	Важные истории	2 354 935,0	93	79	+14	79	7758249	+17 000	Запрещенные. Что стало со священниками, которые не поддержали войну				1579110	Июль 2024	79	2024-07-01	2354935
2647	Mark Solonin	2 310 423,0	87	80	+7	80	0	+2 000	Почему Америка должна спасать СЕБЯ				2310423	Июль 2024	80	2024-07-01	2310423
2648	Самый сок 2	2 255 857,0	74	81	-7	81	1025	-	Новости: огненная баня в Миллерово, ATACMS в Луганске, санкции погубили эскадрилью Ил-76				2255754	Июль 2024	81	2024-07-01	2255857
2649	РОЙ ТВ	2 237 127,0	89	82	+7	82	0	+10 000	Избавление от мигрантского кошмара – пересборка РФ				2237127	Июль 2024	82	2024-07-01	2237127
2650	sotavision	2 232 150,0	79	83	-4	83	4719934	+10 000	Генерала Попова выпустили. Он обвиняется в хищении на СВО				1760157	Июль 2024	83	2024-07-01	2232150
2651	Максим Шевченко	2 146 848,0	81	84	-3	84	49811	+4 000	С Леваном Пирвели. Трамп, НАТО, война. 14.07.24				2141867	Июль 2024	84	2024-07-01	2146848
2652	Простые числа	2 144 769,0	90	85	+5	85	4699	+14 000	Продай банкиру душу. Что означает рост ключевой ставки ЦБ до 18% // Олег Комолов. Числа недели				2144299	Июль 2024	85	2024-07-01	2144769
2653	Заповедник	2 006 162,0	92	86	+6	86	5512261	-	"Покушение на Трампа. Бессменный Путин. Медведев сломался – ""Заповедник"", выпуск 321"				1454936	Июль 2024	86	2024-07-01	2006162
2654	kuji podcast	1 903 509,0	Новое	87	Новое	87	0	+4 000	Kuji Dead Live: негативный опыт (Kuji Podcast 165)				1903509	Июль 2024	87	2024-07-01	1903509
2655	Острый Угол	1 863 013,0	70	88	-18	88	1440195	+8 000	Помощник Пригожина Марат Габидуллин о ЧВК, путинизме, войне в Сирии и Украине. Откровенный разговор.				1718993	Июль 2024	88	2024-07-01	1863013
2656	Утро Февраля	1 631 265,0	83	89	-6	89	19357	+5 000	🔴ОРБАН СОРВАЛ ПЕРЕГОВОРЫ? Террористические удары по Украине - Русский Ататюрк с ПЬЯНЫХ & АСЛАНЯН				1629329	Июль 2024	89	2024-07-01	1631265
2657	НО.Медиа из России	1 629 560,0	100	90	+10	90	236977	+15 000	ФЕВРАЛЬ 24/7. Премьера авторской программы военного обозревателя «Новой газеты» Валерия Ширяева				1605862	Июль 2024	90	2024-07-01	1629560
2658	ЗЫГАРЬ	1 575 207,0	138	91	+47	91	38315	+23 000	Завоевание Кавказа. От древнего Ирана до Ивана Грозного				1571375	Июль 2024	91	2024-07-01	1575207
2659	Крым.Реалии	1 565 540,0	82	92	-10	92	2870985	+6 000	Воевал против своей страны. Истории крымчан из украинского лагеря для военнопленных				1278441	Июль 2024	92	2024-07-01	1565540
2660	Медиазона	1 542 227,0	94	93	+1	93	7620	+9 000	Потери России в войне с Украиной. Воюют ли кадыровцы из батальона «Ахмат»? | Сводка 19 июля 2024				1541465	Июль 2024	93	2024-07-01	1542227
2661	Илья Яшин	1 522 826,0	99	94	+5	94	34073	+10 000	—				1519419	Июль 2024	94	2024-07-01	1522826
2662	Набутовы	1 499 728,0	101	95	+6	95	79284	+8 000	Преследование Невзоровых / Иван Ургант / Соловьев на крючке у спецслужб? / Набузили #40				1491800	Июль 2024	95	2024-07-01	1499728
2663	The Insider Live	1 498 390,0	104	96	+8	96	19016	+8 200	«Ошибочно полагать, что в Кремле сидят безумцы»: Мовчан о Путине, санкциях и победе правых в Европе				1496488	Июль 2024	96	2024-07-01	1498390
2664	Кавказ.Реалии	1 276 237,0	105	97	+8	97	1017892	+2 000	Z-блогеры пожаловались на военных из Чечни				1174448	Июль 2024	97	2024-07-01	1276237
2665	Евгений Чичваркин	1 239 128,0	102	98	+4	98	1128753	+2 000	Худшие месяцы еще не наступили. Чичваркин: его не будет в живых				1126253	Июль 2024	98	2024-07-01	1239128
2666	БАРМАЛЕЙКА	1 181 836,0	95	99	-4	99	0	-	Не просто сбежала, а прихватила много интересного и очень секретного				1181836	Июль 2024	99	2024-07-01	1181836
2667	Masyanya Kuvaeva	1 121 072,0	86	100	-14	100	0	-	—				1121072	Июль 2024	100	2024-07-01	1121072
2668	Ищем Выход	1 073 178,0	110	101	+9	101	57263	+2 000	Валерий Соловей - Вся правда: Смертная казнь | Когда станет лучше? | Где Путин? | Особое мнение				1067452	Июль 2024	101	2024-07-01	1073178
2669	Parfenon	1 062 821,0	88	102	-14	102	114633	-	—				1051358	Июль 2024	102	2024-07-01	1062821
2670	Ксения Ларина	1 048 448,0	106	103	+3	103	28289	+2 000	Олимпиада: мир ликует, Россия вне себя; День флота без флота. Гость- Александр Шмурнов@SHMURNOVTIME				1045619	Июль 2024	103	2024-07-01	1048448
2671	Нино Росебашвили	1 024 421,0	115	104	+11	104	596	+8 000	"""Многие выпадут из окон"" ГУРИЕВ о путинских элитах, переговорах и жизни после Путина"				1024361	Июль 2024	104	2024-07-01	1024421
2672	SOBOLEV	991 310,0	118	105	+13	105	0	-10 000	3 ЦЕЛИ ВЛАДИМИРА ПУТИНА. Расклад сил прямо сейчас: Россия, Украина, США и Европа – когда будет мир?				991310	Июль 2024	105	2024-07-01	991310
2673	7x7 Горизонтальная Россия	985 605,0	103	106	-3	106	2879429	+10 000	Почему власти делают все наоборот и что такое региональная идентичность? / Екатерина Шульман на 7x7				697662	Июль 2024	106	2024-07-01	985605
2674	Oleg Kashin	958 501,0	116	107	+9	107	22043	+2 900	Звонок в полицию по поводу розыска меня				956297	Июль 2024	107	2024-07-01	958501
2675	Быть Или	943 260,0	76	108	-32	108	0	-	Как Трамп Собирается Остановить Войну? | Быть Или				943260	Июль 2024	108	2024-07-01	943260
2676	Андрей Пионтковский	905 615,0	123	109	+14	109	7368	-	😱ПИОНТКОВСКИЙ: Экстренная новость! Байден СНЯЛСЯ с ВЫБОРОВ в США. ТРАМП – последняя карта Путина				904878	Июль 2024	109	2024-07-01	905615
2677	Холод	818 494,0	97	110	-13	110	4795	+4 000	Дмитрий Симановский VS Александр Эткинд / Русская литература и война в Украине				818014	Июль 2024	110	2024-07-01	818494
2678	Пастуховская Кухня	788 820,0	114	111	+3	111	1833	+3 000	Убийство Фарион - версии, Мирный план Путина-Карлсона, Победа насилия - Пастуховская Кухня, Пастухов				788637	Июль 2024	111	2024-07-01	788820
2679	ОТДЕЛЬНАЯ ЦИВИЛИЗАЦИЯ	777 216,0	130	112	+18	112	3681	-	💥ЛЮДИ ОБ УВЕЛИЧЕНИИ ГУБ И БАРБЕРШОПАХ.ОПРОС 2024				776848	Июль 2024	112	2024-07-01	777216
2680	DOXA | ДОКСА	770 308,0	129	113	+16	113	6384785	+10 400	Как аргентинцы спасли себя от безработицы				131829	Июль 2024	113	2024-07-01	770308
2681	Матвей Ганапольский	702 998,0	112	114	-2	114	0	+900	ДЕТСКАЯ БОЛЬНИЦА РАЗРУШЕНА — ЗА ЧТО? / ГАНАПОЛЬСКАЯ ПРАВДА / 08.07.2024				702998	Июль 2024	114	2024-07-01	702998
2682	Белковский	699 636,0	77	115	-38	115	133366	-	Белковский + Бунтман / 11 Июля 2024 @BelkovskiyS #белковский #новости #политика				686299	Июль 2024	115	2024-07-01	699636
2683	SVTV	661 684,0	122	116	+6	116	35042	-	ПОКУШЕНИЕ НА ТРАМПА				658180	Июль 2024	116	2024-07-01	661684
2684	Это Осетинская (Русские норм!)	634 615,0	126	117	+9	117	167953	+1 000	Олимпиада без России. Что думают спортсмены. Касаткина, Трофимова, Яковлев				617820	Июль 2024	117	2024-07-01	634615
2685	Lazarevatut	566 480,0	152	118	+34	118	27415	+5 000	Екатерина Шульман // Татьяна Лазарева				563738	Июль 2024	118	2024-07-01	566480
2686	РОМБ	565 159,0	124	119	+5	119	516090	+4 000	«Я думала, что МУСУЛЬМАНЕ — это не изменять, НЕ ПИТЬ, НЕ БИТЬ жену» / Как у Марии Смелой украли сына				513550	Июль 2024	119	2024-07-01	565159
2687	Евгений Трикоз	563 262,0	111	120	-9	120	4779044	+4 000	"ОРУЖИЕ ДЛЯ ВЛАСТИ. ВАЙЛДБЕРРИЗ. ГОД ""СЕМЬИ"". ЗАМЕДЛЕНИЕ ЮТУБА"				85358	Июль 2024	120	2024-07-01	563262
2688	MRR — My Russian Rights	557 458,0	113	121	-8	121	1524280	+3 000	Бунт в одной из крупнейших колоний РФ в Перми: что известно, что замалчивают и что будет				405030	Июль 2024	121	2024-07-01	557458
2689	Форум свободной России	521 426,0	119	122	-3	122	190290	+2 000	LIVE: Харрис атакует. Чем ответит Трамп? | Михаил Веллер				502397	Июль 2024	122	2024-07-01	521426
2690	Forbes	516 107,0	117	123	-6	123	744883	+3 000	Историк культуры Андрей Зорин о вспышке жестокости, отказе от индивидуальности и разрыве с Европой				441619	Июль 2024	123	2024-07-01	516107
2691	НЕ МОЛЧУ	514 799,0	121	124	-3	124	888801	+1 000	Почему ВОЙНА ЗАКОНЧИТСЯ в 2024 ГОДУ - Дмитрий Гордон				425919	Июль 2024	124	2024-07-01	514799
2692	Лиза Лазерсон	454 419,0	132	125	+7	125	0	+2 500	Евгений Широков. Ядерный взрыв. Белые дыры и Антивселенная. Границы познания и последние частицы				454419	Июль 2024	125	2024-07-01	454419
2693	Сергей Смирнов	452 292,0	125	126	-1	126	0	+3 500	ВЕРНУТЬ КРЫМ. Борьба крымских татар за возвращение на родину				452292	Июль 2024	126	2024-07-01	452292
2694	Радио Долин	444 552,0	108	127	-19	127	28899	+1 000	Абсурд, жестокость, кринж. Как снимает Йоргос Лантимос				441662	Июль 2024	127	2024-07-01	444552
2695	Реалии	427 929,0	127	128	-1	128	1307381	+2 000	Учёные вскрыли волка, которому 44 тысячи лет | Сибирь.Реалии				297191	Июль 2024	128	2024-07-01	427929
2696	ШЕПЕЛИН	416 502,0	131	129	+2	129	3567	+2 000	ДУБЛЬ 2 Олимпиада — НАСТОЛЬКО МЕРЗКО, ЧТО ГЛАЗ НЕ ОТОРВАТЬ | Кадыров — НОВЫЙ НАРКОМ ЯГОДА				416145	Июль 2024	129	2024-07-01	416502
2697	Котрикадзе Дзядко	389 661,0	136	130	+6	130	0	+1 000	«Беда в России надвигается»: Липсиц о росте цен, налогах, бенефициарах войны и решающем 2024 годе				389661	Июль 2024	130	2024-07-01	389661
2698	Маша Борзунова	381 900,0	98	131	-33	131	2183	-	Мечта Соловьева: из роддома — в окоп под Авдеевкой! Приговор Беркович и Петрийчук. Обстрел Киева				381682	Июль 2024	131	2024-07-01	381900
2699	Сергей Асланян	317 716,0	133	132	+1	132	0	+1 000	Прямая трансляция с Сергеем Асланяном // 04.07.2024				317716	Июль 2024	132	2024-07-01	317716
2700	Sergey Aleksashenko	308 744,0	109	133	-24	133	4680	-	Эльвира дала два процента ... и обещала добавить @khodorkovskylive				308276	Июль 2024	133	2024-07-01	308744
2701	Сергей Гуриев	291 452,0	157	134	+23	134	0	-	Война, оружие, санкции: куда все катится? // Стрим Сергея Гуриева				291452	Июль 2024	134	2024-07-01	291452
2702	Рабкор	277 352,0	128	135	-7	135	5655	+1 000	КАГАРЛИЦКИЙ*: ГОД В ТЮРЬМЕ / Badcomedian Ступин* Лазерсон Рудой* Воробьева Кашин* Полонский, Лобанов				276786	Июль 2024	135	2024-07-01	277352
2703	ГражданинЪ TV	237 796,0	135	136	-1	136	12628	+1 100	Париж открыл Олимпиаду: Сена, Лувр, Эйфелева башня, Леди Гага, Imagine, Селин Дион / Шлосберг live				236533	Июль 2024	136	2024-07-01	237796
2704	НЕОРУЭЛЛ	232 847,0	120	137	-17	137	7950	-	—				232052	Июль 2024	137	2024-07-01	232847
2705	Открытые медиа	220 025,0	134	138	-4	138	784	+1 000	—				219947	Июль 2024	138	2024-07-01	220025
2706	Как теперь / проект ОВД-Инфо	217 570,0	143	139	+4	139	146678	+2 000	КАК ТЕПЕРЬ государства переписывают историю. И можно ли шутить над историей? / Владимир Раевский				202902	Июль 2024	139	2024-07-01	217570
2707	Радио Свобода Live	201 416,0	142	140	+2	140	5	+600	Будет ли Кадыров извиняться перед Керимовым? Кому Путин отдаст Wildberries | Весь эфир				201415	Июль 2024	140	2024-07-01	201416
2708	Whalesplaining	194 330,0	153	141	+12	141	4842	+1 000	Как я полюбил войну | Михаил Пожарский				193846	Июль 2024	141	2024-07-01	194330
2709	Yevgenia Albats	188 320,0	139	142	-3	142	33458	-	Слитая Россия. Кто, как и для чего крадёт личные данные Россиян и чем это чревато?				184974	Июль 2024	142	2024-07-01	188320
2710	Кринж с Жуковой	160 676,0	Новое	143	Новое	143	68266	+5 000	APPLE ЗА ПУТИНА, ЕКАТЕРИНА АНДРЕЕВА СОШЛА С УМА, ГУСЕЙН ГАСАНОВ В БЕГАХ				153849	Июль 2024	143	2024-07-01	160676
2711	Признаки жизни. Документальное кино Радио Свобода	148 307,0	141	144	-3	144	564	-	—				148251	Июль 2024	144	2024-07-01	148307
2712	Фёдор Крашенинников	144 681,0	145	145	-	145	29515	-100	Конец войны и территориальные уступки I Фёдор Крашенинников ON AIR				141729	Июль 2024	145	2024-07-01	144681
2713	MOUNT SHOW	127 606,0	155	146	+9	146	65998	-	Бастрыкин жестко обрушился на Володина / Демократы не могут выгнать Байдена из Белого Дома				121006	Июль 2024	146	2024-07-01	127606
2714	Сергей Бойко	118 176,0	137	147	-10	147	1317	+300	Дискредитация #32. Ютуб: медлячок, чтобы ты заплакала				118044	Июль 2024	147	2024-07-01	118176
2715	Сергей Пархоменко	108 507,0	146	148	-2	148	533	-	Особое мнение @zhivoygvozd. 03.07..2024				108454	Июль 2024	148	2024-07-01	108507
2716	Страна и мир	107 055,0	140	149	-9	149	4320	+200	Рогов о главном: Кризис Европы, кризис НАТО и кризис демократии				106623	Июль 2024	149	2024-07-01	107055
2717	Татьяна Фельгенгауэр	99 013,0	148	150	-2	150	181	-	Таня Ф.: Возвращение легенды / Таня Ф. и Нино Р. / стрим про жизнь // 24.7.24				98995	Июль 2024	150	2024-07-01	99013
2718	Карен Шаинян	88 176,0	147	151	-4	151	9399	-	—				87236	Июль 2024	151	2024-07-01	88176
2719	Виктор Шендерович	70 929,0	144	152	-8	152	1262	-	ШЕНДЕРОВИЧ*: Трамп-победитель, предложение Дмитрия Муратова, безудержная любовь Екатерины Андреевой				70803	Июль 2024	152	2024-07-01	70929
2720	Леонид Волков	64 762,0	150	153	-3	153	9436	-1000	Как американские выборы повлияют на всё?				63818	Июль 2024	153	2024-07-01	64762
2721	Губин ON AIR	62 795,0	151	154	-3	154	0	-100	Парижская Олимпиада: оскорбление чувств христиан? Простите, но это не смертельно!				62795	Июль 2024	154	2024-07-01	62795
2722	Varlamov Talks	49 283,0	Новое	155	Новое	155	0	-2000	—				49283	Июль 2024	155	2024-07-01	49283
2723	Эльвира Вихарева	28 111,0	154	156	-2	156	0	-100	Гражданам РФ аннулируют внутренние и загранпаспорта. Что делать? Дотянутся ли до сбережений?Вихарева				28111	Июль 2024	156	2024-07-01	28111
2724	Псковская Губерния	26 052,0	156	157	-1	157	43086	200	ЧТО ПРОИСХОДИТ В ЦЕРКОВНО-ВОЕННЫХ ОТНОШЕНИЯХ и КАКИЕ ПЕРЕСТАНОВКИ В ПСКОВСКОЙ ЕПАРХИИ / ИТОГИ НЕДЕЛИ				21743	Июль 2024	157	2024-07-01	26052
2725	ЦУРреализм	11 815,0	158	158	-	158	0	0	—				11815	Июль 2024	158	2024-07-01	11815
2726	Борис Надеждин	2 972,0	159	159	-	159	3535	-1000	—				2618	Июль 2024	159	2024-07-01	2972
2727	Дмитрий Гудков	2 883,0	160	160		160	154	-100	—				2868	Июль 2024	160	2024-07-01	2883
2728	Фактор	1 195,0	161	161		161	0	-100	—				1195	Июль 2024	161	2024-07-01	1195
2729	Телеканал Дождь	52 574 601,0	1	1	-	1	17785790	+30 000	Олег Тиньков о «Тинькофф-банке» и о том, что с ним стало				50796022	Июнь 2024	1	2024-06-01	52574601
2730	Ходорковский LIVE	46 223 467,0	2	2	-	2	48386375	+100 000	⚡️НОВОСТИ | ТЕРАКТ В ДАГЕСТАНЕ. БОЕВИКИ В ДЕРБЕНТЕ И МАХАЧКАЛЕ, УБИТЫ ПОЛИЦЕЙСКИЕ | АТАКА НА КРЫМ				41384829	Июнь 2024	2	2024-06-01	46223467
2731	Майкл Наки	36 947 853,0	3	3	-	3	387048	+40 000	В ГОСДУМЕ ГЕНЕРАЛ РАССКАЗАЛ О ЧУДОВИЩНЫХ ПРОБЛЕМАХ В ВОЙСКАХ. «Армия похожа на партизанский отряд»				36909148	Июнь 2024	3	2024-06-01	36947853
2732	NEXTA Live	34 792 341,0	5	4	+1	4	16363	+50 000	Шойгу вызывают в суд / Выдан ордер на арест				34790705	Июнь 2024	4	2024-06-01	34792341
2733	ВОТ ТАК	29 261 262,0	11	5	+6	5	2223052	+40 000	Атака на Дагестан: полицейские убиты в перестрелке, настоятелю храма перерезали горло				29038957	Июнь 2024	5	2024-06-01	29261262
2734	Максим Кац	28 907 837,0	9	6	+3	6	3732	+20 000	Мятеж Пригожина | Бунт, которого не было #минутавминуту (English subtitles) @Maxim_Katz				28907464	Июнь 2024	6	2024-06-01	28907837
2735	varlamov	27 826 157,0	8	7	+1	7	4405	+30 000	Хомяк: скам или инвестиции? | Главное про Хамстер Комбат: будет ли заработок и крипта, как в Ноткоин				27825716	Июнь 2024	7	2024-06-01	27826157
2736	Популярная политика	26 282 379,0	4	8	-4	8	22433617	+40 000	❗️ НОВОСТИ | СТРАШНОЕ ДТП В РЯЗАНИ | САМОЛЕТ-РАЗВЕДЧИК СБИЛИ УКРАИНЦЫ				24039017	Июнь 2024	8	2024-06-01	26282379
2737	Антон Хардин	25 623 608,0	13	9	+4	9	7958	+20 000	В Думе не вырубили вовремя микрофон и вот что утекло в сеть. Это финиш... Вот она, правда				25622812	Июнь 2024	9	2024-06-01	25623608
2738	Обманутый Россиянин	25 357 755,0	10	10	-	10	0	+20 000	Ну вы сами подумайте... КАК МОЖЕТ БЫТЬ НЕТ ПОТЕРЬ ЕСЛИ Я ТУДА 700 000 УЖЕ ОТПРАВИЛ				25357755	Июнь 2024	10	2024-06-01	25357755
2739	DW на русском	24 877 942,0	6	11	-5	11	13369204	+40 000	"Мирный саммит в Швейцарии и ""мирные инициативы"" Путина"				23541022	Июнь 2024	11	2024-06-01	24877942
2740	Радио Свобода	24 077 349,0	15	12	+3	12	24851395	+50 000	Греф прикрыл собой трагедию с актрисой?				21592209	Июнь 2024	12	2024-06-01	24077349
2741	Комсомольская Правда	22 950 535,0	7	13	-6	13	28479623	+40 000	Цыган у смерти Татарина выкрал: реальная история героев СВО				20102573	Июнь 2024	13	2024-06-01	22950535
2742	Настоящее Время	22 865 790,0	14	14	-	14	3844165	+20 000	Страшные тайны Кадырова: что журналисты узнали о главе Чечни				22481373	Июнь 2024	14	2024-06-01	22865790
2743	МИНАЕВ LIVE	21 979 557,0	17	15	+2	15	0	+80 000	Пушкин: Выстрел в сердце русской литературы / Личности / @MINAEVLIVE				21979557	Июнь 2024	15	2024-06-01	21979557
2744	Редакция	21 824 317,0	18	16	+2	16	13172	+30 000	Редакция. News: 120-я неделя				21823000	Июнь 2024	16	2024-06-01	21824317
2745	Анатолий Шарий	21 668 266,0	12	17	-5	17	125058	+10 000	Три варианта поражения Украины				21655760	Июнь 2024	17	2024-06-01	21668266
2746	Newsader	18 057 757,0	23	18	+5	18	0	+11 000	Искали по кустам: ВСУ показали видео разгрома колонны в Курской области				18057757	Июнь 2024	18	2024-06-01	18057757
2747	Осторожно: Собчак	17 281 737,0	16	19	-3	19	7554303	+40 000	История мальчика из Тувы. Почему все село оправдывает подростков-насильников и обвиняет жертву				16526307	Июнь 2024	19	2024-06-01	17281737
2748	Юрий Швец -- официальный канал	15 661 802,0	25	20	+5	20	39644	+20 000	Раздрай в ОПе Ермака / Сырского готовят к увольнению / Понадобился козел отпущения // №750 Юрий Швец				15657838	Июнь 2024	20	2024-06-01	15661802
2749	Alexey Arestovych	15 501 035,0	26	21	+5	21	6109314	+10 000	Арестович & Быков: Украине уже ничего не поможет?				14890104	Июнь 2024	21	2024-06-01	15501035
2750	The Breakfast Show	15 340 612,0	28	22	+6	22	1121304	+22 000	Смертельный отдых в Крыму				15228482	Июнь 2024	22	2024-06-01	15340612
2751	Volodymyr Zolkin	13 876 728,0	33	23	+10	23	17901520	+20 000	ZАРПLАТА В 6200 РУБЛИК0V НЕ П0НРАВИЛАSЬ 20-ТИ ЛЕТНЕМУ ХАLЯVЩИКУ @dmytrokarpenko				12086576	Июнь 2024	23	2024-06-01	13876728
2752	Живой Гвоздь	13 853 627,0	22	24	-2	24	20656	+10 000	Теракт в Дагестане. Годовщина мятежа Пригожина. Шевченко: Особое мнение / 24.06.24 @MaximShevchenko				13851561	Июнь 2024	24	2024-06-01	13853627
2753	И Грянул Грэм	13 715 652,0	20	25	-5	25	698882	+30 000	СРОЧНО! ОСЕЧКИН: штурм СИЗО в Ростове, как там оказалась шишка из ФСИН, что они скрывают?				13645764	Июнь 2024	25	2024-06-01	13715652
2754	ШАРФ	12 952 768,0	27	26	+1	26	4241	+9 000	Вот кто в Дагестане отдал приказ. Эти кадры облетели всю страну, закрывайте замки				12952344	Июнь 2024	26	2024-06-01	12952768
2755	BBC News - Русская служба	12 912 441,0	24	27	-3	27	654216	+30 000	«Бахмутская мясорубка»: каковы реальные потери ЧВК «Вагнер»? | Расследование Би-би-си				12847019	Июнь 2024	27	2024-06-01	12912441
2756	RTVI Новости	11 715 993,0	35	28	+7	28	5465	+30 000	Участник «марша Пригожина»: был ли это мятеж, что знали бойцы и чего ждали от Путина?				11715446	Июнь 2024	28	2024-06-01	11715993
2757	Роман Цимбалюк	11 453 160,0	32	29	+3	29	995940	+10 000	Путин выдвинул очередной ультиматум				11353566	Июнь 2024	29	2024-06-01	11453160
2758	Proekt_media	11 149 280,0	90	30	+60	30	111830	+105 000	Убийства, гарем несовершеннолетних и тайна наследников Рамзана Кадырова | Историческое расследование				11138097	Июнь 2024	30	2024-06-01	11149280
2759	вДудь	10 699 490,0	19	31	-12	31	0	-	Раевский – как интересно рассказывать о прошлом / вДудь				10699490	Июнь 2024	31	2024-06-01	10699490
2760	Denis Kazanskyi	10 326 847,0	39	32	+7	32	70893	+13 000	Вся Россия обомлела! Путин проговорился и выдал реальные потери РФ в Украине				10319758	Июнь 2024	32	2024-06-01	10326847
2761	Euronews по-русски	10 173 954,0	29	33	-4	33	3928	-	Севастополь попал под ракетный обстрел: погибли пять человек, ранены более 100				10173561	Июнь 2024	33	2024-06-01	10173954
2762	Послезавтра	9 940 214,0	34	34	-	34	36572393	+50 000	Футбол. Главная игра @posle_zavtra				6282975	Июнь 2024	34	2024-06-01	9940214
2763	ФЕЙГИН LIVE	9 675 243,0	38	35	+3	35	3134	-	ОККУЛЬТНЫЕ СТРАХИ КРЕМЛЯ. БЕСЕДА С АНДРЕЕМ КОСМАЧЕМ				9674930	Июнь 2024	35	2024-06-01	9675243
2764	Ivan Yakovina	9 604 806,0	37	36	+1	36	1609777	+10 000	Путин потребовал голову Зеленского, Херсон и Запорожье | Россия оказалась в клещах жестоких санкций				9443828	Июнь 2024	36	2024-06-01	9604806
2765	VOX POP	9 153 510,0	61	37	+24	37	91535097	+78 000	—				0	Июнь 2024	37	2024-06-01	9153510
2766	Навальный LIVE	8 451 216,0	30	38	-8	38	6640359	+10 000	Цапки. Как их крышевали «Единая Россия», МВД и Генпрокуратура				7787180	Июнь 2024	38	2024-06-01	8451216
2767	ЭМПАТИЯ МАНУЧИ	8 433 331,0	31	39	-8	39	12497533	+50 000	Ольга Ускова: китайский захват страны и перестройка /// ЭМПАТИЯ МАНУЧИ				7183578	Июнь 2024	39	2024-06-01	8433331
2768	Продолжение следует	8 096 459,0	41	40	+1	40	13821815	+30 000	Так начинается новая кавказская война? Разбор причин и предпосылок				6714277	Июнь 2024	40	2024-06-01	8096459
2769	Александр Невзоров	7 852 142,0	36	41	-5	41	1033435	-	Теракты в Дербенте и Махачкале. Пляж в Севастополе. Кровища повсюду. Реинкарнация Пригожина. Троица.				7748798	Июнь 2024	41	2024-06-01	7852142
2770	Юрий ВЕЛИКИЙ	7 557 288,0	42	42	-	42	4444241	-	"ПУТИН и его ""мирный"" ультиматум 😁 [Пародия]"				7112864	Июнь 2024	42	2024-06-01	7557288
2771	Константин Сёмин	7 401 781,0	51	43	+8	43	18168	+5 000	Будут бить, Поддайте газку! Пауки и паучихи // Галопом по Европам #1186				7399964	Июнь 2024	43	2024-06-01	7401781
2772	Настоящее Время. Док	7 145 508,0	44	44	-	44	12745907	+40 000	"""Возраст несогласия. 2024"". Фильм Андрея Лошака"				5870917	Июнь 2024	44	2024-06-01	7145508
2773	НЕ ПЕРВЫЙ КАНАЛ	6 276 461,0	70	45	+25	45	0	+17 000	ЕЕ СЛУШАЛИ ОТКРЫВ РОТ! ДОКТОР НАУК ЗАТКНУЛА ВСЕХ! НАМ НЕТ МЕСТА В ИСТОРИИ!				6276461	Июнь 2024	45	2024-06-01	6276461
2774	Скажи Гордеевой	6 135 885,0	54	46	+8	46	652069	+10 000	Алексей Арестович: «Я нашёл своих. В зеркале» // «Скажи Гордеевой»				6070678	Июнь 2024	46	2024-06-01	6135885
2775	Сергей Ауслендер	6 075 225,0	47	47	-	47	839885	+17 000	Армия Израиля меняет тактику. Палестинцы едут в Россию				5991236	Июнь 2024	47	2024-06-01	6075225
2776	Голос Америки	5 921 582,0	49	48	+1	48	257232	+12 000	Байден vs Трамп: итоги первых дебатов-2024. ПРЯМОЙ ЭФИР				5895859	Июнь 2024	48	2024-06-01	5921582
2777	The Люди	5 792 671,0	43	49	-6	49	0	+10 000	Другая Малайзия: темная сторона самой развитой страны Азии / Бесправные мигранты, скинхеды, нищие				5792671	Июнь 2024	49	2024-06-01	5792671
2778	Адекватный Русский	5 703 358,0	46	50	-4	50	57033578	+47 000	—				0	Июнь 2024	50	2024-06-01	5703358
2779	Колезев	5 503 998,0	45	51	-6	51	2650687	+45 000	Запрет доллара и евро на Мосбирже: что будет с курсом валюты и экономикой. Прогнозы экспертов				5238929	Июнь 2024	51	2024-06-01	5503998
2780	А поговорить?	5 098 175,0	57	52	+5	52	9946007	+30 000	Ирина Якутенко о чуде Оземпика, ускорении метаболизма и биологии ожирения // Наука. А поговорить?...				4103574	Июнь 2024	52	2024-06-01	5098175
2781	Радио Свобода. Новости	4 895 469,0	53	53	-	53	7071691	+22 000	Путин о выводе войск из Украины. Первый удар ФАБ-3000. Тайная свадьба сыновей Кадырова. НОВОСТИ				4188300	Июнь 2024	53	2024-06-01	4895469
2782	Валерий Соловей	4 742 717,0	56	54	+2	54	594	+2 000	Новая власть // Почему Запад разрешил удары по России // Возвращение Пригожина. Что происходит. 126				4742658	Июнь 2024	54	2024-06-01	4742717
2783	Meduza	4 740 759,0	74	55	+19	55	128164	+4 000	Трамп: «Ты подтолкнул Путина к войне». Байден: «Нет, ты»				4727943	Июнь 2024	55	2024-06-01	4740759
2784	Екатерина Шульман	4 665 280,0	58	56	+2	56	14304	-	Министерство обороны детей и племянниц. Хотят ли автократии воевать? Статус S07Е43				4663850	Июнь 2024	56	2024-06-01	4665280
2785	Yulia Latynina	4 644 737,0	50	57	-7	57	129371	-5 000	Валерий Соловей. Никаких переговоров нет. Идиотизация политики. Военный переворот.				4631800	Июнь 2024	57	2024-06-01	4644737
2786	Настоящее Время. Сюжеты	4 577 995,0	64	58	+6	58	5755071	+17 000	Атака на Дагестан: 19 погибших. Что известно				4002488	Июнь 2024	58	2024-06-01	4577995
2787	Евгений Киселёв	4 543 104,0	55	59	-4	59	0	+10 000	💥СОЛОВЕЙ. Путин РЕЗКО ЗАМОЛЧАЛ после Дагестана. Кадыров начал БОЙНЮ. Переговоры Белоусова в США				4543104	Июнь 2024	59	2024-06-01	4543104
2788	Гулагу-нет Официальный канал	4 450 675,0	40	60	-20	60	1109009	+5 000	"ЧП в СИЗО-1 Ростова. Шесть заключённых убиты. ""Чёрный лебедь"" для директора ФСИН или его 1-го зама?"				4339774	Июнь 2024	60	2024-06-01	4450675
2789	Александр Балу	4 142 399,0	66	61	+5	61	0	+1 000	ДЕПУТАТ ТОЛСТОЙ БРОСИЛСЯ НА КАЗАХСТАН				4142399	Июнь 2024	61	2024-06-01	4142399
2790	Новая газета Европа	4 027 596,0	62	62	-	62	1426086	+16 000	Отдадут ли Путину Украину, ждать ли падения рубля, триллион микрозаймов россиян / «Ужасные новости»				3884987	Июнь 2024	62	2024-06-01	4027596
2791	Дневник Депутата	3 918 361,0	73	63	+10	63	2507	+20 000	Раскол во власти. Депутат Госдумы пошел против Путина				3918110	Июнь 2024	63	2024-06-01	3918361
2792	Алексей Навальный	3 809 747,0	21	64	-43	64	51542	-	—				3804593	Июнь 2024	64	2024-06-01	3809747
2793	Игорь Яковенко	3 609 553,0	72	65	+7	65	3399	+4 000	ДУМАЕМ ВМЕСТЕ С ИГОРЕМ ЛИПСИЦЕМ				3609213	Июнь 2024	65	2024-06-01	3609553
2794	Клим Жуков	3 400 449,0	69	66	+3	66	1201	+13 000	Клим Жуков. Побег из Шоушенка - фильм №1				3400329	Июнь 2024	66	2024-06-01	3400449
2795	varlamov moments	3 357 016,0	67	67	-	67	233042	+11 000	Южный Судан: первобытная жизнь в 21 веке | Африка, коровы и автоматы | Илья Варламов				3333712	Июнь 2024	67	2024-06-01	3357016
2796	Новости СВЕРХДЕРЖАВЫ	3 283 910,0	76	68	+8	68	2463	+10 000	Севастополь, ATACMS, Дагестан – вранье Минобороны и провал спецслужб				3283664	Июнь 2024	68	2024-06-01	3283910
2797	Tamara Eidelman	3 120 692,0	59	69	-10	69	2972376	+10 000	Тайны Ватикана. Грехи и подвиги современной церкви				2823454	Июнь 2024	69	2024-06-01	3120692
2798	Острый Угол	3 049 353,0	52	70	-18	70	3932980	+16 000	Свинцовые мерзости дикой русской жизни | Разговоры о важном #10				2656055	Июнь 2024	70	2024-06-01	3049353
2799	Евгений Ступин	3 000 291,0	65	71	-6	71	20535060	+25 000	Генерал-полковник Ивашов Л.Г.: как начать мирные переговоры и остановить войну				946785	Июнь 2024	71	2024-06-01	3000291
2800	Александр Штефанов	2 800 850,0	48	72	-24	72	409541	+10 000	Главная угроза России. Роман Хорс против пацифистов				2759896	Июнь 2024	72	2024-06-01	2800850
2801	BILD на русском	2 735 829,0	71	73	-2	73	655504	+6 000	Руслан Левиев о мобилизации, наступлении, снарядах для Украины и что случилось на пляже Севастополя				2670279	Июнь 2024	73	2024-06-01	2735829
2802	Самый сок 2	2 596 327,0	84	74	+10	74	1316	-1 000	Новости: война уже в родной говени, харьковский мор оккупантов, cмрaд распада империи				2596195	Июнь 2024	74	2024-06-01	2596327
2803	Руслан Усачев	2 532 702,0	63	75	-12	75	7904	-	Смертельная фасоль // Путин в КНДР // Оземпик для кошек				2531912	Июнь 2024	75	2024-06-01	2532702
2804	Быть Или	2 517 726,0	120	76	+44	76	0	+10 000	Фикрет Шабанов - Запад Использует Украину? | Быть Или				2517726	Июнь 2024	76	2024-06-01	2517726
2805	Белковский	2 416 281,0	82	77	+5	77	603335	+8 000	ПУТИН. СПАСИТЕЛЬ МИРА Экстренный эпизод sit down show ВРЕМЯ БЕЛКОВСКОГО @BelkovskiyS #белковский				2355947	Июнь 2024	77	2024-06-01	2416281
2806	Любовь Соболь	2 305 386,0	68	78	-10	78	2651145	+18 000	Как Путин гробит Россию. Только факты				2040271	Июнь 2024	78	2024-06-01	2305386
2807	sotavision	2 255 281,0	60	79	-19	79	3146275	+7 000	Пригожин жив: он вернётся и покажет всем свою силу! На могиле Пригожина открыли памятник				1940653	Июнь 2024	79	2024-06-01	2255281
2808	The Insider	2 254 350,0	75	80	-5	80	1069341	+8 000	Что будет с рублем? Милов — об остановке торгов долларами и евро на Московской бирже				2147416	Июнь 2024	80	2024-06-01	2254350
2809	Максим Шевченко	2 238 345,0	85	81	+4	81	35946	+3 000	С Леваном Пирвели. Логика эскалации. 02.06.2024				2234750	Июнь 2024	81	2024-06-01	2238345
2810	Крым.Реалии	2 136 777,0	92	82	+10	82	3762537	+12 000	Украина системно уничтожает ПВО, РЛС и флот РФ в Крыму | Крым.Реалии ТВ				1760523	Июнь 2024	82	2024-06-01	2136777
2811	Утро Февраля	2 134 381,0	80	83	-3	83	54196	+5 000	🤡ПЛАСТИКА ПУТИНА🤡: Как диктатору удается оставаться ВЕЧНО МОЛОДЫМ - СЛОССЕР				2128961	Июнь 2024	83	2024-06-01	2134381
2812	TV2media	2 120 142,0	91	84	+7	84	4643146	+12 000	Газпром стал банкротом, потому что Путин так захотел /// Михаил Крутихин				1655827	Июнь 2024	84	2024-06-01	2120142
2813	Антонов такой Антонов	1 909 970,0	77	85	-8	85	2477382	+9 000	Разбираемся в «башнях Кремля» с Евгением Минченко				1662232	Июнь 2024	85	2024-06-01	1909970
2814	Masyanya Kuvaeva	1 889 870,0	101	86	+15	86	0	+10 000	Масяня. Эпизод 175. Кто из 2027? (МиВС №4)				1889870	Июнь 2024	86	2024-06-01	1889870
2815	Mark Solonin	1 848 796,0	81	87	-6	87	0	+2 000	"Mirage-2000 : ""гадкий утёнок"" без хвоста. / Техникум Марка Солонина"				1848796	Июнь 2024	87	2024-06-01	1848796
2816	Parfenon	1 766 388,0	79	88	-9	88	1012608	+10 000	—				1665127	Июнь 2024	88	2024-06-01	1766388
2817	РОЙ ТВ	1 691 182,0	83	89	-6	89	0	+5 000	Не дать врагу перемолоть нашу ПВО!				1691182	Июнь 2024	89	2024-06-01	1691182
2818	Простые числа	1 628 460,0	100	90	+10	90	3334	+4 000	Каким теперь будет курс доллара? Санкции против Московской биржи // Комолов & Абдулов. Числа недели				1628127	Июнь 2024	90	2024-06-01	1628460
2819	Объектив	1 623 560,0	93	91	+2	91	384	+4 000	Теракт в Дагестане | Что произошло в Дербенте и Махачкале @Obyektiv				1623522	Июнь 2024	91	2024-06-01	1623560
2820	Заповедник	1 592 704,0	87	92	-5	92	1259591	-	"Кремль потерял Россию. Китай хочет газ даром. Новая элита СВО – ""Заповедник"", выпуск 316"				1466745	Июнь 2024	92	2024-06-01	1592704
2821	Важные истории	1 540 553,0	78	93	-15	93	4856944	+10 000	Брата усыновили за границу, сестра осталась в детдоме в России. Какими они выросли?				1054859	Июнь 2024	93	2024-06-01	1540553
2822	Медиазона	1 533 651,0	104	94	+10	94	11752	+12 000	Потери России в войне. Сколько россиян погибло при штурме Киева | Сводка 21 июня 2024				1532476	Июнь 2024	94	2024-06-01	1533651
2823	БАРМАЛЕЙКА	1 430 677,0	89	95	-6	95	0	+1 000	ПОШЛА ЖАРА!! Никто не верил, а Володя смог! ГАЗПРОМ ВСЬО!				1430677	Июнь 2024	95	2024-06-01	1430677
2824	Владимир Милов	1 316 186,0	88	96	-8	96	414	+7 000	ЖЕСТКАЯ ПРАВДА НА ПМЭФ. Чиновники проговорились о реальных проблемах страны				1316145	Июнь 2024	96	2024-06-01	1316186
2825	Холод	1 316 094,0	110	97	+13	97	12451	+6 000	Екатерина Шульман VS Виктор Вахштайн / Насилия становится меньше?				1314849	Июнь 2024	97	2024-06-01	1316094
2826	Маша Борзунова	1 287 167,0	106	98	+8	98	4706	+4 000	Армия хорошеет при племяннице Путина. Соловьев говорит по-корейски и призывает к терактам в Европе.				1286696	Июнь 2024	98	2024-06-01	1287167
2827	Илья Яшин	1 283 228,0	103	99	+4	99	46494	+10 000	Какой будет Россия после Путина				1278579	Июнь 2024	99	2024-06-01	1283228
2828	НО.Медиа из России	1 258 312,0	97	100	-3	100	43922	+3 000	Мятеж Пригожина. Год спустя. Что это было? Валерий Ширяев				1253920	Июнь 2024	100	2024-06-01	1258312
2829	Набутовы	1 233 717,0	95	101	-6	101	73478	+5 000	Отмена доллара и евро / Наброски #143				1226369	Июнь 2024	101	2024-06-01	1233717
2830	Евгений Чичваркин	1 189 346,0	98	102	-4	102	1060801	+2 000	Окружение Путина в АХ.. от него. Чичваркин о ситуации в Украине				1083266	Июнь 2024	102	2024-06-01	1189346
2831	7x7 Горизонтальная Россия	1 173 251,0	105	103	+2	103	3705400	+11 000	Теракт в Дагестане: что мы узнали // Эхо регионов				802711	Июнь 2024	103	2024-06-01	1173251
2832	The Insider Live	1 030 829,0	107	104	+3	104	2843	+4 300	«Налоги вырастут, цены тоже, а зарплаты сократят»: Милов о том, как россияне будут платить за войну				1030545	Июнь 2024	104	2024-06-01	1030829
2833	Кавказ.Реалии	960 321,0	94	105	-11	105	638499	+2 000	Власти Дагестана заключили договор с талибами | НОВОСТИ				896471	Июнь 2024	105	2024-06-01	960321
2834	Ксения Ларина	945 933,0	111	106	+5	106	33201	+2 000	"""МАШКОВУ ""Современник"", БОГОМОЛОВУ — Театр Виктюка ?"" / @xlarina на "" Дожде"""				942613	Июнь 2024	106	2024-06-01	945933
2835	Михаил Ходорковский	841 287,0	102	107	-5	107	512859	-	Его последний аргумент. Решится ли Путин на ядерный удар? | Блог Ходорковского				790001	Июнь 2024	107	2024-06-01	841287
2836	Радио Долин	823 124,0	112	108	+4	108	35639	+4 000	Лучшие роли Брэда Питта. Выбор Антона Долина				819560	Июнь 2024	108	2024-06-01	823124
2837	Sergey Aleksashenko	817 206,0	138	109	+29	109	15893	+5 000	На злобу дня. Почему доллар падает?				815617	Июнь 2024	109	2024-06-01	817206
2838	Ищем Выход	786 762,0	116	110	+6	110	20334	+1 000	Жены мобилизованных на коленях | Дело Макаревича | Бузова и Мизулина | Особое мнение /Кирилл Набутов				784729	Июнь 2024	110	2024-06-01	786762
2839	Евгений Трикоз	786 635,0	Новое	111	Новое	111	6485949	+5 000	АГОНИЯ ПУТИНА. РОЛИК ПРО ЗАПАД НА ПМЭФ. ЯПОНИЯ ПОЗАДИ - МИР ДЕДА				138040	Июнь 2024	111	2024-06-01	786635
2840	Матвей Ганапольский	755 048,0	113	112	+1	112	0	+500	РОССИЯНЕ В ОКРУЖЕНИИ / ГАНАПОЛЬСКАЯ ПРАВДА / 15.06.2024				755048	Июнь 2024	112	2024-06-01	755048
2841	MRR — My Russian Rights	692 173,0	114	113	+1	113	453792	+1 000	Что случилось в СИЗО-1 Ростова-на-Дону: объясняет Ольга Романова				646794	Июнь 2024	113	2024-06-01	692173
2842	Пастуховская Кухня	680 274,0	99	114	-15	114	1129	+2 200	СПЕЦВЫПУСК: ТЕРАКТЫ И БОИ В ДАГЕСТАНЕ. Смерти в Крыму. Что ждать дальше. Пастуховская Кухня				680161	Июнь 2024	114	2024-06-01	680274
2843	Нино Росебашвили	627 400,0	133	115	+18	115	585	+4 000	ФЕЙГИН про Арестовича, наследников Путина и мирные переговоры				627341	Июнь 2024	115	2024-06-01	627400
2844	Oleg Kashin	598 035,0	123	116	+7	116	27517	+1 000	СТАНИСЛАВ БЕЛКОВСКИЙ. ШЕСТАЯ ВСТРЕЧА				595283	Июнь 2024	116	2024-06-01	598035
2845	Forbes	589 620,0	115	117	-2	117	655018	+2 000	Повышение налогов, гонка зарплат, льготная ипотека: к чему это приведет? Рубен Ениколопов				524118	Июнь 2024	117	2024-06-01	589620
2846	SOBOLEV	587 083,0	96	118	-22	118	0	-	—				587083	Июнь 2024	118	2024-06-01	587083
2847	Форум свободной России	578 343,0	125	119	+6	119	34796	+2 000	LIVE: Конец диктатуры близок? | Михаил Веллер				574863	Июнь 2024	119	2024-06-01	578343
2848	НЕОРУЭЛЛ	575 734,0	86	120	-34	120	3777	+2 000	—				575356	Июнь 2024	120	2024-06-01	575734
2849	НЕ МОЛЧУ	489 814,0	108	121	-13	121	3789975	+1 000	—				110816	Июнь 2024	121	2024-06-01	489814
2850	SVTV	474 457,0	124	122	+2	122	40984	+1 000	СВЕТОВ /// КАШИН /// ПМЭФ с Талибами				470359	Июнь 2024	122	2024-06-01	474457
2851	Андрей Пионтковский	463 349,0	121	123	-2	123	7085	-1 000	⚡️ПИОНТКОВСКИЙ & ЦИМБАЛЮК: США приняли экстренное решение. У Запада НОВЫЙ план. Конец Путина				462640	Июнь 2024	123	2024-06-01	463349
2852	РОМБ	426 292,0	Новое	124	Новое	124	690099	+3 000	Дагестан, остров Чечень | Праздник победы во время войны				357282	Июнь 2024	124	2024-06-01	426292
2853	Сергей Смирнов	424 234,0	122	125	-3	125	0	+3 100	БАСМАЧИ ПРОТИВ БОЛЬШЕВИКОВ. Гражданская война в Центральной Азии				424234	Июнь 2024	125	2024-06-01	424234
2854	Это Осетинская (Русские норм!)	415 389,0	135	126	+9	126	250350	+1 000	“Богатым надо стать при жизни”. Как сооснователь Skillbox строит бизнес в Латинской Америке				390354	Июнь 2024	126	2024-06-01	415389
2855	Реалии	407 968,0	132	127	+5	127	435465	+2 000	"В Петербурге открыли памятник главе ЧВК ""Вагнер"" Пригожину | Север.Реалии"				364421	Июнь 2024	127	2024-06-01	407968
2856	Рабкор	406 276,0	136	128	+8	128	49345	-	ЕГЭ-КВИЗ 2024 в поддержку политзаключенных / Кашин*, Светов*, Сахнин, Рудой*				401341	Июнь 2024	128	2024-06-01	406276
2857	DOXA | ДОКСА	388 478,0	117	129	-12	129	2416043	+6 600	Биполярное расстройство и как с ним жить				146874	Июнь 2024	129	2024-06-01	388478
2858	ОТДЕЛЬНАЯ ЦИВИЛИЗАЦИЯ	380 451,0	126	130	-4	130	3599	-	💥РЕАКЦИЯ ЛЮДЕЙ НА ДЕНЬ БЛОГЕРА В РОССИИ.ОПРОС				380091	Июнь 2024	130	2024-06-01	380451
2859	ШЕПЕЛИН	376 989,0	109	131	-22	131	41451	+3 000	Греф на чемпионате по жлобству | Эскортницы и Путин на ПМЭФе | Пчёлка Ротенберг против мёда и блата				372844	Июнь 2024	131	2024-06-01	376989
2860	Лиза Лазерсон	374 384,0	127	132	-5	132	0	+2 100	Секс в отношениях. Брак без секса. Либидо и потенция. Измены и порно. Сексолог Наталья Фомичева				374384	Июнь 2024	132	2024-06-01	374384
2861	Сергей Асланян	372 661,0	118	133	-15	133	0	+2 000	Прямая трансляция с Сергеем Асланяном // 06.06.2024				372661	Июнь 2024	133	2024-06-01	372661
2862	Открытые медиа	291 515,0	134	134	-	134	1283	+2 000	—				291387	Июнь 2024	134	2024-06-01	291515
2863	ГражданинЪ TV	229 081,0	140	135	+5	135	513	+700	Путин на ПМЭФ. Дети чиновников. Греф в Горно-Алтайске / Лев Шлосберг на @zhivoygvozd				229030	Июнь 2024	135	2024-06-01	229081
2864	Котрикадзе Дзядко	222 064,0	131	136	-5	136	0	-1 000	Удары западным оружием по России. Вердикт присяжных: Трамп виновен. Домашний стрим. 1 июня.				222064	Июнь 2024	136	2024-06-01	222064
2865	Сергей Бойко	197 192,0	143	137	+6	137	1263	+600	Дискредитация #28. КурСру*ля				197066	Июнь 2024	137	2024-06-01	197192
2866	ЗЫГАРЬ	196 807,0	128	138	-10	138	37715	+1 000	—				193035	Июнь 2024	138	2024-06-01	196807
2867	Yevgenia Albats	192 203,0	137	139	-2	139	1316	-1 000	Ядерные страшилки Путина — обсуждаем с Андреем Колесниковым// Полный Альбац				192071	Июнь 2024	139	2024-06-01	192203
2868	Страна и мир	188 598,0	141	140	+1	140	3430	+400	Рогов о главном: что будет с Россией после Путина				188255	Июнь 2024	140	2024-06-01	188598
2869	Признаки жизни. Документальное кино Радио Свобода	186 041,0	129	141	-12	141	436	+1 000	“Покаяние. 40 лет спустя”				185997	Июнь 2024	141	2024-06-01	186041
2870	Радио Свобода Live	178 861,0	146	142	+4	142	10	+500	Несовершеннолетние любовницы, ФСБ и ОПГ | Весь эфир				178860	Июнь 2024	142	2024-06-01	178861
2871	Как теперь / проект ОВД-Инфо	155 185,0	130	143	-13	143	322030	+1 000	Репрессии, эмиграция, война и протесты: сейчас и 100 лет назад / Андрей Аксенов, «Закат империи»				122982	Июнь 2024	143	2024-06-01	155185
2872	Виктор Шендерович	147 252,0	149	144	+5	144	1282	-1 000	ДУМАЕМ ВМЕСТЕ С ИГОРЕМ ЯКОВЕНКО				147124	Июнь 2024	144	2024-06-01	147252
2873	Фёдор Крашенинников	138 469,0	144	145	-1	145	22059	-	Вечно молодой Навальный. Почему Путин преследуют любых несогласных I Федор Крашенинников ON AIR				136263	Июнь 2024	145	2024-06-01	138469
2874	Сергей Пархоменко	131 832,0	139	146	-7	146	2554	-	РЕПЛИКА В СТОРОНУ 25.06.24: Дагестан: бессилие Путина				131577	Июнь 2024	146	2024-06-01	131832
2875	Карен Шаинян	105 055,0	148	147	+1	147	8874	-	—				104168	Июнь 2024	147	2024-06-01	105055
2876	Татьяна Фельгенгауэр	104 790,0	142	148	-6	148	159	+1 000	Как россияне оплачивают лояльность Кадырова				104774	Июнь 2024	148	2024-06-01	104790
2877	Talks	85 915,0	Новое	149	Новое	149	197	-3 000	Вебкам-модель: как можно не раздеваться и зарабатывать большие деньги				85895	Июнь 2024	149	2024-06-01	85915
2878	Леонид Волков	78 419,0	147	150	-3	150	75248	-	Что приблизит поражение Путина?				70894	Июнь 2024	150	2024-06-01	78419
2879	Губин ON AIR	75 724,0	152	151	+1	151	0	-	"Ждут ли Германию новые ФРГ и ГДР? И сошла ли с ума Матвиенко? ""Губин ON AIR"" 14.06.24 06"				75724	Июнь 2024	151	2024-06-01	75724
2880	Lazarevatut	72 243,0	154	152	+2	152	30984	-	Психолог Людмила Петрановская // Татьяна Лазарева				69145	Июнь 2024	152	2024-06-01	72243
2881	Whalesplaining	65 262,0	151	153	-2	153	43221	0	—				60940	Июнь 2024	153	2024-06-01	65262
2882	Эльвира Вихарева	60 954,0	153	154	-1	154	0	0	Кремлю приготовиться! К чему привели пикеты жён мобилизованных, объединение Грузии и РФ - Вихарева				60954	Июнь 2024	154	2024-06-01	60954
2883	MOUNT SHOW	36 285,0	150	155	-5	155	77994	-1000	—				28486	Июнь 2024	155	2024-06-01	36285
2884	Псковская Губерния	28 677,0	Новое	156	Новое	156	47302	170	ЗА ЧТО АНДРЕЯ ТУРЧАКА «СОСЛАЛИ» В СИБИРЬ?				23947	Июнь 2024	156	2024-06-01	28677
2885	Сергей Гуриев	8 021,0	155	157	-2	157	0	-1000	—				8021	Июнь 2024	157	2024-06-01	8021
2886	ЦУРреализм	7 549,0	157	158	-1	158	0	0	—				7549	Июнь 2024	158	2024-06-01	7549
2887	Борис Надеждин	3 488,0	156	159	-3	159	3113	-1000	—				3177	Июнь 2024	159	2024-06-01	3488
2888	Дмитрий Гудков	3 011,0	158	160		160	135	-200	—				2997	Июнь 2024	160	2024-06-01	3011
2889	Фактор	938,0	159	161		161	0	-100	—				938	Июнь 2024	161	2024-06-01	938
2890	Телеканал Дождь	60 253 204,0	1	1	-	1	9817027	+30 000	Падение автобуса в Мойку. Кадры из салона, рассказ выжившего, людей спасали прохожие				59271501	Май 2024	1	2024-05-01	60253204
2891	Ходорковский LIVE	39 632 641,0	2	2	-	2	40804693	+75 000	⚡️НОВОСТИ | ВЗРЫВ ПОД ЗЕМЛЕЙ В МОСКВЕ | МАССОВЫЕ АТАКИ НА НПЗ В РОССИИ | ТРОФЕИ НА ПОКЛОННОЙ ГОРЕ				35552172	Май 2024	2	2024-05-01	39632641
2892	Майкл Наки	39 593 525,0	4	3	+1	3	843605	+45 000	Z-КАНАЛЫ В УЖАСЕ И ГНЕВЕ. Герасимов пошел в разнос и арестовал генерала Попова				39509164	Май 2024	3	2024-05-01	39593525
2893	Популярная политика	39 521 540,0	3	4	-1	4	18104192	+55 000	Посадят еще одного зама Шойгу. Кто такой Криворучко из Минобороны				37711121	Май 2024	4	2024-05-01	39521540
2894	NEXTA Live	34 846 992,0	11	5	+6	5	16157	+50 000	Странности на Параде в Москве / Путин не ожидал				34845376	Май 2024	5	2024-05-01	34846992
2895	DW на русском	34 034 529,0	8	6	+2	6	18695942	+50 000	Западные эксперты о речи Путина на Параде победы 9 мая в Москве				32164935	Май 2024	6	2024-05-01	34034529
2896	Комсомольская Правда	33 613 949,0	15	7	+8	7	42144374	+80 000	🔴Парад Победы в Москве 9 мая 2024 года: прямая трансляция				29399512	Май 2024	7	2024-05-01	33613949
2897	varlamov	31 062 427,0	6	8	-2	8	4652	+30 000	Тюрьма, из которой не выходят: «Полярная сова» | Где сидят маньяки и как отбывают пожизненный срок				31061962	Май 2024	8	2024-05-01	31062427
2898	Максим Кац	30 495 485,0	12	9	+3	9	3889	+25 000	Шойгу — Белоусов | Удивительная замена министра обороны | В чём логика (English subtitles) @Max_Katz				30495096	Май 2024	9	2024-05-01	30495485
2899	Обманутый Россиянин	29 473 253,0	10	10	-	10	0	+10 000	Владимирович, к параду готовы... А КРОМЕ ПАРАДА АРМИЯ НИЧЕГО НЕ УМЕЕТ				29473253	Май 2024	10	2024-05-01	29473253
2900	ВОТ ТАК	29 468 462,0	14	11	+3	11	2861016	+40 000	❗ Обыски и основные версии трагедии в Петербурге: водитель автобуса, упавшего в Мойку, не спал сутки				29182360	Май 2024	11	2024-05-01	29468462
2901	Анатолий Шарий	28 861 230,0	9	12	-3	12	207625	+20 000	Харьковская область. Катастрофа.				28840467	Май 2024	12	2024-05-01	28861230
2902	Антон Хардин	27 450 013,0	5	13	-8	13	33711	+25 000	Вот что на самом деле случилось в Белгороде. Это уже не стереть из интернета. Прокололись на мелочи				27446642	Май 2024	13	2024-05-01	27450013
2903	Настоящее Время	25 649 939,0	7	14	-7	14	5916442	+20 000	Путин готов остановить войну. Взрывы в Крыму. Бои в Харьковской области. Волчанск разрушен | ГЛАВНОЕ				25058295	Май 2024	14	2024-05-01	25649939
2904	Радио Свобода	25 220 166,0	13	15	-2	15	22724620	+55 000	Почему в Россию не пускают граждан Узбекистана, Кыргызстана и Таджикистана				22947704	Май 2024	15	2024-05-01	25220166
2905	Осторожно: Собчак	24 371 747,0	27	16	+11	16	13862498	+75 000	Дело Бишимбаева: история, потрясшая Казахстан. Как «‎любимец Назарбаева» до смерти избил свою жену				22985497	Май 2024	16	2024-05-01	24371747
2906	МИНАЕВ LIVE	23 215 320,0	24	17	+7	17	0	+105 000	Вторая мировая война: 1940 / Дюнкерк, падение Франции и Норвегии / Уроки истории / @MINAEVLIVE				23215320	Май 2024	17	2024-05-01	23215320
2907	Редакция	22 375 206,0	17	18	-1	18	15901	+30 000	Валерий Ширяев о ситуации на фронте и о том, как скажутся на ней перестановки в Москве / Редакция				22373616	Май 2024	18	2024-05-01	22375206
2908	вДудь	21 611 455,0	39	19	+20	19	0	-	Майя Санду – интервью с президентом Молдовы / Maia Sandu – Moldovan President Interview				21611455	Май 2024	19	2024-05-01	21611455
2909	И Грянул Грэм	21 425 244,0	32	20	+12	20	205482	+79 500	ОСЕЧКИН: почему заменили Шойгу, кто прикрыл Герасимова, при чем здесь дочь Путина				21404696	Май 2024	20	2024-05-01	21425244
2910	Алексей Навальный	21 369 745,0	35	21	+14	21	198797	+45 000	Откуда взялся Путин и почему ему отдали Россию. ПРЕДАТЕЛИ. Серия 3				21349865	Май 2024	21	2024-05-01	21369745
2911	Живой Гвоздь	17 718 003,0	18	22	-4	22	27682	+5 000	Собчак: о приговоре Бишимбаеву. Утренний разворот / 12.05.24				17715235	Май 2024	22	2024-05-01	17718003
2912	Newsader	17 502 994,0	19	23	-4	23	0	+13 500	Javelin вернулись. Танковое кладбище РФ: 42 остова на Донетчине.				17502994	Май 2024	23	2024-05-01	17502994
2913	BBC News - Русская служба	16 481 412,0	51	24	+27	24	1923243	+30 000	Почему вымерли динозавры? Последние дни самых могущественных существ | Документальный ильм Би-би-си				16289088	Май 2024	24	2024-05-01	16481412
2914	Юрий Швец -- официальный канал	15 645 137,0	21	25	-4	25	36049	+10 000	BALTOPS и последние 3 минуты жизни Путина / НАТО превращает Балтику в свое озеро // №737 Юрий Швец				15641532	Май 2024	25	2024-05-01	15645137
2915	Alexey Arestovych	15 019 103,0	22	26	-4	26	9027066	+10 000	Арестович: Как допустили Харьковский провал? Сбор для военных👇				14116396	Май 2024	26	2024-05-01	15019103
2916	ШАРФ	15 001 871,0	16	27	-11	27	4193	+10 500	Весь мир открыл глаза перед экранами! Показали это печальное событие				15001452	Май 2024	27	2024-05-01	15001871
2917	The Breakfast Show	14 630 240,0	20	28	-8	28	6082485	+27 000	За что сняли Шойгу и назначили Белоусова				14021991	Май 2024	28	2024-05-01	14630240
2918	Euronews по-русски	12 902 355,0	36	29	+7	29	4075	+10 000	Гибель президента Ирана подтверждена официально				12901947	Май 2024	29	2024-05-01	12902355
2919	Навальный LIVE	12 413 573,0	26	30	-4	30	10360880	+25 000	Кто наследует трон Кадырова?				11377485	Май 2024	30	2024-05-01	12413573
2920	ЭМПАТИЯ МАНУЧИ	12 291 939,0	28	31	-3	31	13846771	+65 000	Дмитрий Goblin Пучков: Шойгу, Белоусов, Пригожин /// ЭМПАТИЯ МАНУЧИ				10907262	Май 2024	31	2024-05-01	12291939
2921	Роман Цимбалюк	12 262 218,0	23	32	-9	32	1666435	+10 000	Лукашенко провел секретную встречу с Шойгу				12095574	Май 2024	32	2024-05-01	12262218
2922	Volodymyr Zolkin	12 171 741,0	25	33	-8	33	7367818	+10 000	ПОПАЛ В ПЕТЛЮ ВРЕМЕНИ, НЕ МОЖЕТ ДОКАЗАТЬ СВОИМ, ЧТО ЖИВ @dmytrokarpenko				11434959	Май 2024	33	2024-05-01	12171741
2923	Послезавтра	11 272 642,0	58	34	+24	34	42219773	+70 000	Нефть. Источник власти @posle_zavtra				7050665	Май 2024	34	2024-05-01	11272642
2924	RTVI Новости	10 932 879,0	29	35	-6	35	4947	+20 000	Эбрахим Раиси погиб: что случилось с вертолетом президента Ирана				10932384	Май 2024	35	2024-05-01	10932879
2925	Александр Невзоров	10 639 159,0	31	36	-5	36	1430406	+10 000	Кто убил президента Ирана. Ходорковский дал жару. Деколонизация России. Скандал в оппозиции.				10496118	Май 2024	36	2024-05-01	10639159
2926	Ivan Yakovina	10 004 311,0	30	37	-7	37	549549	-	Си отказал Путину в помощи | Платежи из РФ в КНР заблокированы | Новой финансовой системы не будет				9949356	Май 2024	37	2024-05-01	10004311
2927	ФЕЙГИН LIVE	9 976 770,0	33	38	-5	38	3306	-	СПОР ОБ ИМПЕРСКОМ НАСЛЕДСТВЕ. БЕСЕДА С ВИТАЛИЕМ ПОРТНИКОВЫМ И ЮЛИЕЙ ЛАТЫНИНОЙ				9976439	Май 2024	38	2024-05-01	9976770
2928	Denis Kazanskyi	9 148 420,0	41	39	+2	39	194611	+10 000	"""Шойгу развалил армию, нет танков и арты, потери огромны"" На РосТВ разносят тувинского маршала"				9128959	Май 2024	39	2024-05-01	9148420
2929	Гулагу-нет Официальный канал	9 137 937,0	46	40	+6	40	605824	+37 500	Руслан Цаликов подал в отставку, в МинОбороне РФ обыски и задержания, задержан генерал Юрий Кузнецов				9077355	Май 2024	40	2024-05-01	9137937
2930	Продолжение следует	7 749 156,0	34	41	-7	41	12582733	+28 000	Тимати. История артиста на госслужбе | Разборы				6490883	Май 2024	41	2024-05-01	7749156
2931	Юрий ВЕЛИКИЙ	7 492 749,0	37	42	-5	42	4601797	+10 000	"Как ПЕСКОВ поздравлял ШОЙГУ с отрицательным ""повышением"" ☺️ [Пародия]"				7032569	Май 2024	42	2024-05-01	7492749
2932	The Люди	7 341 796,0	62	43	+19	43	0	-	Китай — Россия: Жизнь на границе / Зачем русские едут в Китай? / Благовещенск, Хэйхэ / @anton_lyadov				7341796	Май 2024	43	2024-05-01	7341796
2933	Настоящее Время. Док	6 957 528,0	48	44	+4	44	18857911	+30 000	Жизнь и смерть одного контрактника. Документальный фильм				5071737	Май 2024	44	2024-05-01	6957528
2934	Колезев	6 812 532,0	49	45	+4	45	2889957	+38 000	Как на самом деле выглядел май 1945-го в Берлине: редкие кадры Второй мировой войны				6523536	Май 2024	45	2024-05-01	6812532
2935	Адекватный Русский	6 402 018,0	73	46	+27	46	64020176	+55 000	—				0	Май 2024	46	2024-05-01	6402018
2936	Сергей Ауслендер	5 883 364,0	42	47	-5	47	598284	+20 500	"""Тегеранский мясник"". Президент Ирана разбился в авиакатастрофе"				5823536	Май 2024	47	2024-05-01	5883364
2937	Александр Штефанов	5 774 101,0	68	48	+20	48	1403155	+32 000	В чём проблема фильма «Предатели»?				5633785	Май 2024	48	2024-05-01	5774101
2938	Голос Америки	5 545 875,0	55	49	+6	49	340413	+10 500	Арест сержанта США в России. Лондон высылает российского атташе. Пауза в поставках оружия Израилю				5511834	Май 2024	49	2024-05-01	5545875
2939	Yulia Latynina	5 279 654,0	40	50	-10	50	405222	-4 500	Валерий Соловей. Вайно отказался от премьерства. Харьковский фронт Белгород Покушение на Зеленского				5239132	Май 2024	50	2024-05-01	5279654
2940	Константин Сёмин	5 215 073,0	38	51	-13	51	54261	+3 000	Гудбай, Армения? Попов в СИЗО, Американские косяки // Галопом по Европам #1180				5209647	Май 2024	51	2024-05-01	5215073
2941	Острый Угол	5 070 812,0	116	52	+64	52	6067191	+32 000	"Потерянное интервью Путина (И.Шадхан - ""Власть"", 1991 г.)"				4464093	Май 2024	52	2024-05-01	5070812
2942	Радио Свобода. Новости	4 994 362,0	80	53	+27	53	7061316	+23 500	Российские войска заходят в Волчанск. Удары по Харькову. Экономика войны Путина. НОВОСТИ				4288230	Май 2024	53	2024-05-01	4994362
2943	Скажи Гордеевой	4 988 325,0	57	54	+3	54	153047	-	«Сорвался — и повис на верёвочке»// Специальный выпуск «Скажи Гордеевой»				4973020	Май 2024	54	2024-05-01	4988325
2944	Евгений Киселёв	4 975 670,0	47	55	-8	55	0	+11 000	СОЛОВЕЙ. Почему не сбылся прогноз о смерти Путина. Патрушев больше не ПРЕЕМНИК? Что будет с Россией				4975670	Май 2024	55	2024-05-01	4975670
2945	Валерий Соловей	4 918 435,0	44	56	-12	56	768	+4 000	"Группировки элиты // Судьба Харькова // Кто знает о смерти Пу. Ответы на ""горячие"" вопросы. Вып.61"				4918358	Май 2024	56	2024-05-01	4918435
2946	А поговорить?	4 776 775,0	61	57	+4	57	10448966	+20 000	Облака из спирта, планета-алмаз, фосфин на Венере. Дмитрий Вибе о том, как мы ищем жизнь				3731878	Май 2024	57	2024-05-01	4776775
2947	Екатерина Шульман	4 712 220,0	56	58	-2	58	11045	-	Падал прошлогодний снег. Статус S07Е37				4711115	Май 2024	58	2024-05-01	4712220
2948	Tamara Eidelman	4 684 116,0	63	59	+4	59	4924188	+20 000	Разговоры о важном: День украденной Победы				4191697	Май 2024	59	2024-05-01	4684116
2949	sotavision	4 670 390,0	43	60	-17	60	3748193	+13 500	Как продляли стражу «террористам Крокуса»				4295571	Май 2024	60	2024-05-01	4670390
2950	VOX POP	4 649 713,0	45	61	-16	61	46497132	+34 500	—				0	Май 2024	61	2024-05-01	4649713
2951	Новая газета Европа	4 630 705,0	60	62	-2	62	1251293	+21 500	24 ГОДА БИШИМБАЕВУ: За что его посадили? Главные факты о деле Салтанат / «Новая газета Европа»				4505576	Май 2024	62	2024-05-01	4630705
2952	Руслан Усачев	4 514 640,0	90	63	+27	63	9928	-	Протесты в Грузии // Охота на Ивлееву // Арест Депардье				4513647	Май 2024	63	2024-05-01	4514640
2953	Настоящее Время. Сюжеты	4 514 233,0	78	64	+14	64	2415362	+12 000	"""Это не день Путина"". 9 Мая в Берлине: мнения людей и действия полиции"				4272697	Май 2024	64	2024-05-01	4514233
2954	Евгений Ступин	4 417 669,0	74	65	+9	65	28655979	+51 000	Олигарх и власть беспределят со Ступиным!				1552071	Май 2024	65	2024-05-01	4417669
2955	Александр Балу	4 346 018,0	50	66	-16	66	0	-	ПРОПАГАНДА МУЧИЛАСЬ, НО СМОТРЕЛА ЕВРОВИДЕНИЕ-2024				4346018	Май 2024	66	2024-05-01	4346018
2956	varlamov moments	4 291 955,0	54	67	-13	67	215337	+17 000	Торговля в России: как дефицит и дефолт изменили жизнь россиян | «Берёзка», ЦУМ и маркетплейсы				4270421	Май 2024	67	2024-05-01	4291955
2957	Любовь Соболь	4 277 913,0	99	68	+31	68	4041207	+35 500	Как Путин выпустил Цапков. История самой кровавой банды современности, оказавшейся на свободе				3873792	Май 2024	68	2024-05-01	4277913
2958	Клим Жуков	4 191 558,0	84	69	+15	69	1082	+4 000	"Клим Жуков, Реми Майснер. Как Ленин Украину изобретал. Бомбы Ильича на заметку ""патриотам""."				4191450	Май 2024	69	2024-05-01	4191558
2959	НЕ ПЕРВЫЙ КАНАЛ	4 185 784,0	66	70	-4	70	0	+7 500	ВОЛОДИН! НАРОД ЗА ВИЛЫ ВОЗЬМЕТСЯ! ДЕПУТАТ УЛОЖИЛ НА ЛОПАТКИ ВСЮ ГОСДУМУ!				4185784	Май 2024	70	2024-05-01	4185784
2960	BILD на русском	4 150 854,0	70	71	-1	71	613001	+14 500	Михаил Ходорковский и Максим Курников | Интервью BILD				4089554	Май 2024	71	2024-05-01	4150854
2961	Игорь Яковенко	3 889 751,0	59	72	-13	72	3762	+3 000	ДУМАЕМ ВМЕСТЕ С ИГОРЕМ ЛИПСИЦЕМ				3889375	Май 2024	72	2024-05-01	3889751
2962	Дневник Депутата	3 868 105,0	52	73	-21	73	2893	+10 000	Депутат-миллионер назвала народ червями на теле власти. Трудовые лагеря от олигархов				3867816	Май 2024	73	2024-05-01	3868105
2963	Meduza	3 837 926,0	93	74	+19	74	137259	+4 000	Войска РФ делают «царь-мангалы» для защиты от дронов. Помогает?				3824200	Май 2024	74	2024-05-01	3837926
2964	The Insider	3 835 595,0	64	75	-11	75	579707	+15 000	ФСБ против генералов. Кто стоит за чистками в Минобороны				3777624	Май 2024	75	2024-05-01	3835595
2965	Новости СВЕРХДЕРЖАВЫ	3 760 627,0	53	76	-23	76	2246	-	Инаугурация Путина – грусть, картина, обман и «перекаченный» Кадыров				3760402	Май 2024	76	2024-05-01	3760627
2966	Антонов такой Антонов	3 524 022,0	77	77	-	77	3086595	+19 500	Ходорковский у Дудя: самый живучий номинал 90-х				3215362	Май 2024	77	2024-05-01	3524022
2967	Важные истории	3 421 758,0	100	78	+22	78	17377245	+31 000	—				1684033	Май 2024	78	2024-05-01	3421758
2968	Parfenon	2 930 719,0	110	79	+31	79	194011	-	Молотов и Риббентроп. Вторая мировая. Польский поход РККА. Финская война. Сталин-60. #НМДНИ-1939				2911318	Май 2024	79	2024-05-01	2930719
2969	Утро Февраля	2 637 124,0	85	80	+5	80	179890	+7 000	🤡ИНАУГУРАЦИЯ ПУТИНА: Что осталось за кадром? Чего больше всего боится ДИКТАТОР? - МУРЗАГУЛОВ				2619135	Май 2024	80	2024-05-01	2637124
2970	Mark Solonin	2 557 078,0	76	81	-5	81	0	+6 000	"Чем пахнет ""русский дух"""				2557078	Май 2024	81	2024-05-01	2557078
2971	Белковский	2 512 828,0	71	82	-11	82	835178	+9 500	МОЯ ИСТОРИЯ С ПУТИНЫМ. Предательский выпуск ВРЕМЯ БЕЛКОВСКОГО @BelkovskiyS #белковский #путин				2429310	Май 2024	82	2024-05-01	2512828
2972	РОЙ ТВ	2 461 576,0	67	83	-16	83	0	+10 500	Анклав в Котельниках: опасное напряжение				2461576	Май 2024	83	2024-05-01	2461576
2973	Самый сок 2	2 437 736,0	69	84	-15	84	1879	-1 000	Запоздалый сахар: Пуйло раздосадовали тупые многоходовочки Патрушева и Шойгу				2437548	Май 2024	84	2024-05-01	2437736
2974	Максим Шевченко	2 361 375,0	72	85	-13	85	146436	+6 500	С Леваном Пирвели. Вертолет Раиси. Атака на Фицо. Империализм огрызается. 19.05.24				2346731	Май 2024	85	2024-05-01	2361375
2975	НЕОРУЭЛЛ	2 311 450,0	150	86	+64	86	623104	+9 500	ТАК СКАЗАТЬ: Назаров – о военном детстве, репрессиях Сталина, хамстве Макаревича*, гении Тарковского				2249140	Май 2024	86	2024-05-01	2311450
2976	Заповедник	2 039 158,0	81	87	-6	87	4112331	-	"Кормушка Кремля. Шойгу на пенсии. Новые ""Майские указы"" – ""Заповедник"", выпуск 312"				1627925	Май 2024	87	2024-05-01	2039158
2977	Владимир Милов	2 016 171,0	75	88	-13	88	194	+10 000	ПОЧЕМУ НЕ СЛУЧИЛСЯ КРАХ ЭКОНОМИКИ? Прогнозы экономистов и реальность				2016152	Май 2024	88	2024-05-01	2016171
2978	БАРМАЛЕЙКА	1 841 616,0	106	89	+17	89	0	+3 000	Поездка Путина в Китай полностью провалилась/Китайцы высмеяли Пыньку				1841616	Май 2024	89	2024-05-01	1841616
2979	Proekt_media	1 736 387,0	147	90	+57	90	49066	+11 500	Алтарь вместо стриптиза — что мы узнали из тура по тайному дворцу Путина				1731480	Май 2024	90	2024-05-01	1736387
2980	TV2media	1 631 074,0	86	91	-5	91	4066185	+9 000	Путинизм — это самое плохое из коммунизма и капитализма // Филипп Пищик				1224455	Май 2024	91	2024-05-01	1631074
2981	Крым.Реалии	1 622 011,0	112	92	+20	92	2418468	+7 500	Откуда вода в Северо-Крымском канале? | Крым.Реалии ТВ				1380164	Май 2024	92	2024-05-01	1622011
2982	Объектив	1 611 111,0	79	93	-14	93	314	-	Кто круче Путина | Топ-5 дворцов диктаторов | @Obyektiv				1611080	Май 2024	93	2024-05-01	1611111
2983	Кавказ.Реалии	1 599 958,0	91	94	-3	94	707295	+4 000	Чеченка Лия Заурбекова покинула Россию | НОВОСТИ				1529228	Май 2024	94	2024-05-01	1599958
2984	Набутовы	1 573 582,0	88	95	-7	95	120919	+6 000	Кто такой Степан Бандера? / Наброски #134				1561490	Май 2024	95	2024-05-01	1573582
2985	SOBOLEV	1 508 846,0	82	96	-14	96	0	-	ОТКУДА ВЗЯЛСЯ ПУТИН? Разоблачение манипуляций Марии Певчих: а были ли «предатели» в 90-х?				1508846	Май 2024	96	2024-05-01	1508846
2986	НО.Медиа из России	1 323 207,0	65	97	-32	97	316069	+4 500	Шойгу, Белоусов, наступление, Харьков. 7 вопросов Валерию Ширяеву				1291600	Май 2024	97	2024-05-01	1323207
2987	Евгений Чичваркин	1 286 494,0	87	98	-11	98	3452523	+4 000	«Закончится может очень плохо»: Прогноз Чичваркина на 2024 год				941242	Май 2024	98	2024-05-01	1286494
2988	Пастуховская Кухня	1 238 509,0	131	99	+32	99	1175	+6 800	СПЕЦВЫПУСК. Отставка Шойгу, Семья занимает позиции. Смена правительства. Пастуховская Кухня				1238391	Май 2024	99	2024-05-01	1238509
2989	Простые числа	1 220 347,0	97	100	-3	100	4197	+3 000	Что ждать от нового правительства? Блеск и нищета майских указов // Олег Комолов. Числа недели				1219927	Май 2024	100	2024-05-01	1220347
2990	Masyanya Kuvaeva	1 182 180,0	127	101	+26	101	0	-	—				1182180	Май 2024	101	2024-05-01	1182180
2991	Михаил Ходорковский	1 122 887,0	95	102	-7	102	697079	-	Мобилизация или переговоры? Что значит для России новый пакет помощи Украине? | Блог Ходорковского				1053179	Май 2024	102	2024-05-01	1122887
2992	Илья Яшин	1 122 117,0	118	103	+15	103	50989	+10 000	—				1117018	Май 2024	103	2024-05-01	1122117
2993	Медиазона	1 096 567,0	107	104	+3	104	10161	+6 500	Женское село. Как жить, когда мобилизовали почти всех мужчин — фильм «Медиазоны»				1095551	Май 2024	104	2024-05-01	1096567
2994	7x7 Горизонтальная Россия	1 074 677,0	137	105	+32	105	6366651	+7 000	Что происходит в колонии, где убили Навального, женщины-заключенные на войне, санкции против ФСИН				438012	Май 2024	105	2024-05-01	1074677
2995	Маша Борзунова	1 041 756,0	103	106	-3	106	14004	+5 000	Герои шоу Малахова и Харатьяна — зэки и вагнеровцы?				1040356	Май 2024	106	2024-05-01	1041756
2996	The Insider Live	1 011 993,0	92	107	-15	107	2362	+4 750	⚡️🎙Погиб президент Ирана | Удар по базе отдыха под Харьковом | Утренний подкаст INSIDE 5				1011757	Май 2024	107	2024-05-01	1011993
2997	НЕ МОЛЧУ	969 924,0	123	108	+15	108	8810594	+4 000	Кого поддерживает МОЛДОВА Украину или Россию - вДудь и Майя Санду				88865	Май 2024	108	2024-05-01	969924
2998	ШЕПЕЛИН	963 260,0	128	109	+19	109	83803	+5 500	Все МЕМЫ об увольнениях у Путина | РЭМБОВИЧ?? Это чёё?? | У нас нехватка Шойгу – 70% / МЕМОРАНДУМ				954880	Май 2024	109	2024-05-01	963260
2999	Холод	935 850,0	130	110	+20	110	23307	+4 500	Владимир Милов vs Владислав Иноземцев / Спор об экономике				933519	Май 2024	110	2024-05-01	935850
3000	Ксения Ларина	920 258,0	94	111	-17	111	6969	+2 000	"Чубайс воскрес! / ""Предатели"": страсти не утихают; Ивлеева кается // @xlarina @farida38173"				919561	Май 2024	111	2024-05-01	920258
3001	Радио Долин	874 030,0	109	112	-3	112	28386	+5 000	Канны 2024: Антон Долин о победителях и лучших фильмах				871191	Май 2024	112	2024-05-01	874030
3002	Матвей Ганапольский	855 154,0	105	113	-8	113	0	+900	ПУТИН ТРЕБУЕТ ОСТАНОВИТЬ ЭМИГРАЦИЮ / ГАНАПОЛЬСКАЯ ПРАВДА / 08.05.2024				855154	Май 2024	113	2024-05-01	855154
3003	MRR — My Russian Rights	809 710,0	102	114	-12	114	1223230	+3 500	Новые «супертюрьмы», где их построят и как они будут устроены — рассказывает Ольга Романова				687387	Май 2024	114	2024-05-01	809710
3004	Forbes	807 927,0	83	115	-32	115	1328898	+4 000	Михаил Задорнов – угрозы демобилизации, внимание к самозанятым, тромбоз системы расчетов				675037	Май 2024	115	2024-05-01	807927
3005	Ищем Выход	767 381,0	89	116	-27	116	64967	+1 000	В Кремле готов план нападения на страны НАТО - Соловей				760884	Май 2024	116	2024-05-01	767381
3006	DOXA | ДОКСА	699 716,0	104	117	-13	117	6038830	+15 700	Вы попали за решетку в России. Что дальше?				95833	Май 2024	117	2024-05-01	699716
3007	Сергей Асланян	685 181,0	Новое	118	Новое	118	0	+4 000	Прямая трансляция с Сергеем Асланяном // 23.05.2024				685181	Май 2024	118	2024-05-01	685181
3008	ROMB	682 337,0	148	119	+29	119	789712	+5 000	«Он сказал: мне стыдно, что ты предатель, ты мне больше не мать» ПЕНСИОНЕРЫ ЗА МИР				603366	Май 2024	119	2024-05-01	682337
3009	Быть Или	680 502,0	96	120	-24	120	0	-	ОТРК Сапсан. Как он Изменит Войну в Украине? | Быть Или				680502	Май 2024	120	2024-05-01	680502
3010	Андрей Пионтковский	680 067,0	101	121	-20	121	7876	-	🔥ПИОНТКОВСКИЙ & ЦИМБАЛЮК: США будут бомбить или нет? О чем предупреждали американцы Путина?				679279	Май 2024	121	2024-05-01	680067
3011	Сергей Смирнов	600 319,0	135	122	+13	122	0	+6 450	Уйгуры в борьбе за независимость. Как Сталин решил судьбу Синьцзяна				600319	Май 2024	122	2024-05-01	600319
3012	Oleg Kashin	582 483,0	115	123	-8	123	33332	+600	ОШИБАТЬСЯ МОЖНО, ВРАТЬ НЕЛЬЗЯ				579150	Май 2024	123	2024-05-01	582483
3013	SVTV	545 698,0	111	124	-13	124	43279	+500	СВЕТОВ /// КАШИН /// ПЕРЕСТАНОВКИ В ПРАВИТЕЛЬСТВЕ				541370	Май 2024	124	2024-05-01	545698
3014	Форум свободной России	506 720,0	117	125	-8	125	136118	+1 000	LIVE: Россия. Бегство от свободы | Альфред Кох				493108	Май 2024	125	2024-05-01	506720
3015	ОТДЕЛЬНАЯ ЦИВИЛИЗАЦИЯ	439 859,0	113	126	-13	126	2567	-	💥КОГДА НЕ БЫЛО ИНТЕРНЕТА,КАК ЛЮДИ ЗНАКОМИЛИСЬ! ОПРОС 2024				439602	Май 2024	126	2024-05-01	439859
3016	Лиза Лазерсон	438 015,0	98	127	-29	127	0	+2 850	Олег Комолов. «При Путине олигархи стали сильнее». Они владеют Россией и зарабатывают на СВО.				438015	Май 2024	127	2024-05-01	438015
3017	ЗЫГАРЬ	427 182,0	143	128	+15	128	76552	+3 000	Певчих и Зыгарь обсуждают сериал «Предатели» и 90-е				419527	Май 2024	128	2024-05-01	427182
3018	Признаки жизни. Документальное кино Радио Свобода	426 130,0	146	129	+17	129	535	+1 000	Русебо! Российские эмигранты на фоне протестов в Грузии				426076	Май 2024	129	2024-05-01	426130
3019	Как теперь / проект ОВД-Инфо	382 342,0	132	130	+2	130	1096754	+5 100	Белоусов вместо Шойгу. Репрессии и война. Пятый срок Путина / политолог Андрей Колесников				272667	Май 2024	130	2024-05-01	382342
3020	Котрикадзе Дзядко	375 005,0	124	131	-7	131	0	+1 000	Надеждин об отставке Шойгу, новом правительстве Путина и своих политических планах				375005	Май 2024	131	2024-05-01	375005
3021	Реалии	366 206,0	129	132	-3	132	1204773	+3 500	"""Газпром"" сносит дома петербуржцев | Север.Реалии"				245729	Май 2024	132	2024-05-01	366206
3022	Нино Росебашвили	361 963,0	108	133	-25	133	899	+1 000	"""Ельцин ощущал себя царем"" - ЖАРКОВ про Ельцина и обреченность России"				361873	Май 2024	133	2024-05-01	361963
3023	Открытые медиа	351 595,0	157	134	+23	134	960	+2 500	—				351499	Май 2024	134	2024-05-01	351595
3024	Это Осетинская (Русские норм!)	340 354,0	121	135	-14	135	210719	-	“Достоевский точно был бы “Z”. Вырыпаев о “русском коде” и как переписывать Мольера для французов				319282	Май 2024	135	2024-05-01	340354
3025	Рабкор	339 817,0	122	136	-14	136	3009	+1 000	Ближний Восток: крушение для Раиси, ордер МУС для Нетаньяху / Михаил Магид				339516	Май 2024	136	2024-05-01	339817
3026	Yevgenia Albats	331 818,0	114	137	-23	137	5067	-	Путин в роли Сталина 2.0 /Полный Альбац				331311	Май 2024	137	2024-05-01	331818
3027	Sergey Aleksashenko	308 893,0	126	138	-12	138	3743	-	Давайте поговорим. Стрим, 3 мая 2024 г.				308519	Май 2024	138	2024-05-01	308893
3028	Сергей Пархоменко	291 871,0	138	139	-1	139	0	+500	РЕПЛИКА В СТОРОНУ 12.05.24: Зачем выкинули Шойгу				291871	Май 2024	139	2024-05-01	291871
3029	ГражданинЪ TV	249 653,0	125	140	-15	140	2831	+1 300	Алексей Ракша и Лев Шлосберг / Демография – экономика – геополитика / Люди мира				249370	Май 2024	140	2024-05-01	249653
3030	Страна и мир	223 637,0	134	141	-7	141	60386	+700	Александр Морозов: Хороших сценариев для России нет				217598	Май 2024	141	2024-05-01	223637
3031	Татьяна Фельгенгауэр	223 362,0	119	142	-23	142	437	+1 000	Таня Ф.: Терапевтический и семейный стрим про жизнь // 1.5.24				223318	Май 2024	142	2024-05-01	223362
3032	Сергей Бойко	213 940,0	136	143	-7	143	1483	+900	Дискредитация #23. Нашли морозильник Путина.				213792	Май 2024	143	2024-05-01	213940
3033	Фёдор Крашенинников	208 969,0	133	144	-11	144	68782	+200	Путинская хунта: лица и посты. Грузия, Армения и покушение на Фицо I Федор Крашенинников ON AIR				202091	Май 2024	144	2024-05-01	208969
3034	Varlamov News	197 754,0	153	145	+8	145	595	-1 000	—				197694	Май 2024	145	2024-05-01	197754
3035	Радио Свобода Live	189 862,0	142	146	-4	146	17	+550	"Андрей Кураев: ""Боюсь выжить в ядерной войне"" | Весь эфир"				189860	Май 2024	146	2024-05-01	189862
3036	Леонид Волков	144 292,0	139	147	-8	147	107	-1 000	Что означает арест Тимура Иванова?				144281	Май 2024	147	2024-05-01	144292
3037	Карен Шаинян	141 521,0	156	148	+8	148	9994	-	—				140522	Май 2024	148	2024-05-01	141521
3038	Виктор Шендерович	130 444,0	120	149	-29	149	1392	-1 000	"ШЕНДЕРОВИЧ*: инаугурация Путина, арест Надежды Кеворковой, ""судьба хозяина тайги"""				130305	Май 2024	149	2024-05-01	130444
3039	MOUNT SHOW	123 048,0	144	150	-6	150	92975	-	Шойгу отправили к Медведеву штурмовать Финляндию / Тотальная чистка в Минобороны / Кто ты Белоусов?				113750	Май 2024	150	2024-05-01	123048
3040	Whalesplaining	109 584,0	154	151	+3	151	0	-	Зачем нужны мертвые герои | Михаил Пожарский				109584	Май 2024	151	2024-05-01	109584
3041	Губин ON AIR	90 116,0	141	152	-11	152	0	-	День победы немцев, день поражения русских				90116	Май 2024	152	2024-05-01	90116
3042	Эльвира Вихарева	63 921,0	140	153	-13	153	0	-50	Атака на Сечина неминуема, Такер Карлсон продал Трампа, оппозиция разгромила пропаганду - Галлямов				63921	Май 2024	153	2024-05-01	63921
3043	Lazarevatut	34 426,0	149	154	-5	154	2582	-1000	Прогулка к внутренней свободе. Подростки в эмиграции, The walks — Настя Рябцева / Татьяна Лазарева				34168	Май 2024	154	2024-05-01	34426
3044	Сергей Гуриев	9 931,0	152	155	-3	155	0	-2000	—				9931	Май 2024	155	2024-05-01	9931
3045	Борис Надеждин	8 189,0	145	156	-11	156	35360	-1000	—				4653	Май 2024	156	2024-05-01	8189
3046	ЦУРреализм	6 396,0	159	157	+2	157	0	-100	—				6396	Май 2024	157	2024-05-01	6396
3047	Дмитрий Гудков	2 637,0	155	158	-3	158	98	-200	—				2627	Май 2024	158	2024-05-01	2637
3048	Фактор	909,0	158	159	-1	159	0	-200	—				909	Май 2024	159	2024-05-01	909
3049	Телеканал Дождь	68 270 683,0	1	1	-	1	19167087	+60 000	«Это все еще цветочки»: Парфёнов о гражданской войне, бывших коллегах и о том, как не сдаваться				66353974	Апрель 2024	1	2024-04-01	68270683
3050	Ходорковский LIVE	42 966 272,0	2	2	-	2	28223495	+120 000	Ночная жизнь Кремля. Дворцовый эскорт и тайные вечеринки элиты. Монгайт, Максакова / МОЖЕМ ОБЪЯСНИТЬ				40143922	Апрель 2024	2	2024-04-01	42966272
3051	Популярная политика	36 111 268,0	7	3	+4	3	22922462	+50 000	Арестован дом Путиной во Франции. ФБК выпускал о ней расследование				33819022	Апрель 2024	3	2024-04-01	36111268
3052	Майкл Наки	34 852 178,0	8	4	+4	4	0	+40 000	СМЕРТЕЛЬНАЯ БОЛЕЗНЬ КАДЫРОВА И ХАОС В ЧЕЧНЕ. К чему приведет скорая смерть главы республики?				34852178	Апрель 2024	4	2024-04-01	34852178
3053	Антон Хардин	27 643 535,0	4	5	-1	5	0	+20 000	Это нужно видеть! Сегодня показали по всем каналам! Вот какой был план у людей из зала				27643535	Апрель 2024	5	2024-04-01	27643535
3054	varlamov	25 752 075,0	9	6	+3	6	0	+50 000	Наводнение в Оренбурге и Орске: репортаж из затопленных городов | Россия, новости, эвакуация				25752075	Апрель 2024	6	2024-04-01	25752075
3055	Настоящее Время	25 268 915,0	10	7	+3	7	17262139	+60 000	Атака Ирана на Израиль: последние новости				23542701	Апрель 2024	7	2024-04-01	25268915
3056	DW на русском	25 083 172,0	11	8	+3	8	13090551	+40 000	Дубай после страшного наводнения, что происходит с планетой?				23774117	Апрель 2024	8	2024-04-01	25083172
3057	Анатолий Шарий	25 003 035,0	14	9	+5	9	0	+20 000	Коллапс близок				25003035	Апрель 2024	9	2024-04-01	25003035
3058	Обманутый Россиянин	23 921 201,0	13	10	+3	10	0	+20 000	Вы эти 20 тысяч себе в **** засуньте... ЖИТЕЛИ ОРЕНБУРГА ВЫШЛИ НА УЛИЦЫ				23921201	Апрель 2024	10	2024-04-01	23921201
3059	NEXTA Live	23 682 386,0	6	11	-5	11	0	+30 000	Побег Шойгу из РФ / А я сейчас вам покажу				23682386	Апрель 2024	11	2024-04-01	23682386
3060	Максим Кац	23 402 279,0	5	12	-7	12	0	+10 000	Как может закончиться война (English subtitles) @Max_Katz				23402279	Апрель 2024	12	2024-04-01	23402279
3061	Радио Свобода	23 065 700,0	18	13	+5	13	27480907	+90 000	Меликов ответил Кадырову: новый конфликт на границе Дагестана и Чечни				20317609	Апрель 2024	13	2024-04-01	23065700
3062	ВОТ ТАК	22 891 783,0	12	14	-2	14	1086595	+30 000	❗❗В Орске прорвана вторая дамба. В Казахстане – первые жертвы наводнения / Выпуск новостей				22783123	Апрель 2024	14	2024-04-01	22891783
3063	Комсомольская Правда	19 653 893,0	3	15	-12	15	22597766	+50 000	Террористы из «Крокуса» проведут всю жизнь в «гробу»				17394116	Апрель 2024	15	2024-04-01	19653893
3064	ШАРФ	18 637 738,0	21	16	+5	16	0	+16 000	В госдуме отрезвили царя! Все хватит пора все завершить				18637738	Апрель 2024	16	2024-04-01	18637738
3065	Редакция	17 960 889,0	15	17	-6	17	2681	+30 000	Как и чем живет Казахстан — ближайший и самый большой сосед России / Редакция				17960621	Апрель 2024	17	2024-04-01	17960889
3066	Живой Гвоздь	16 064 514,0	16	18	-2	18	0	-	Возвращение Пригожина. Теракт в Крокусе. Соловей*: Утренний разворот / 17.04.24				16064514	Апрель 2024	18	2024-04-01	16064514
3067	Newsader	14 929 566,0	23	19	+4	19	0	+9 000	ВСУ затрофеили РЭБ-танк, разгромив огромную колонну под Тернами				14929566	Апрель 2024	19	2024-04-01	14929566
3068	The Breakfast Show	14 923 849,0	17	20	-3	20	3067649	+23 000	Как беспилотники смогли долететь до Татарстана?				14617084	Апрель 2024	20	2024-04-01	14923849
3069	Юрий Швец -- официальный канал	14 819 548,0	25	21	+4	21	15398	+10 000	Горячая фаза Третьей мировой! / Иран напал на Израиль / США сбивают иранские ракеты / №718 Юрий Швец				14818008	Апрель 2024	21	2024-04-01	14819548
3070	Alexey Arestovych	13 824 281,0	26	22	+4	22	7465529	-	Арестович: Итог 5 лет правления президента Зеленского. Сбор для военных👇				13077728	Апрель 2024	22	2024-04-01	13824281
3071	Роман Цимбалюк	13 703 276,0	Новое	23	Новое	23	909836	+10 000	Путина сегодня на работе не будет: Лавров рассказал чем закончится война. Белгород ждет сюрприз!				13612292	Апрель 2024	23	2024-04-01	13703276
3072	МИНАЕВ LIVE	12 798 670,0	38	24	+14	24	0	+120 000	Вторая мировая война: 1939 / Уроки истории / @MINAEVLIVE				12798670	Апрель 2024	24	2024-04-01	12798670
3073	Volodymyr Zolkin	12 209 229,0	22	25	-3	25	8437919	+20 000	МАТЬ ДАЖЕ НЕ ГЛЯНУLА НА SЫНА И 0ФИЦИАLЬНЫЙ Б0МЖ С 11 ЛЕТ @dmytrokarpenko				11365437	Апрель 2024	25	2024-04-01	12209229
3074	Навальный LIVE	11 589 990,0	20	26	-6	26	11008202	+30 000	Мэр Орска вывез семью в Дубай				10489170	Апрель 2024	26	2024-04-01	11589990
3075	Осторожно: Собчак	10 775 388,0	31	27	+4	27	3347217	+20 000	«Изобретая Арута» или как построить образ на фейках и Моргенштерне				10440666	Апрель 2024	27	2024-04-01	10775388
3076	ЭМПАТИЯ МАНУЧИ	10 191 916,0	27	28	-1	28	10084473	+60 000	Евгений Спицын: Вашингтонский обком, доллары Ельцина и крах СССР /// ЭМПАТИЯ МАНУЧИ				9183469	Апрель 2024	28	2024-04-01	10191916
3077	RTVI Новости	9 633 902,0	35	29	+6	29	0	+40 000	«Каждый день новый прорыв»: как в Орске и Оренбурге справляются с масштабными наводнениями				9633902	Апрель 2024	29	2024-04-01	9633902
3078	Ivan Yakovina	9 427 169,0	28	30	-2	30	2793295	+10 000	Огромные потери армии РФ | Z-военкоры требуют трибунала для командования | Отчет по сборам				9147839	Апрель 2024	30	2024-04-01	9427169
3079	Александр Невзоров	9 142 513,0	24	31	-7	31	1711629	-	Невзоров.Офигительные новости! Путин проиграл. Как он переживет поражение. США нанесла свой удар.				8971350	Апрель 2024	31	2024-04-01	9142513
3080	И Грянул Грэм	8 980 711,0	29	32	-3	32	140017	+18 000	Осечкин: на каких секретах спалился Тимур Иванов, что с Шойгу, Песков, Кадыров, суд над Бишимбаевым				8966709	Апрель 2024	32	2024-04-01	8980711
3081	ФЕЙГИН LIVE	8 758 054,0	33	33	-	33	2382	-10 000	ДРУГИЕ РУССКИЕ. БЕСЕДА С КОМАНДИРОМ РДК WHITE REX				8757816	Апрель 2024	33	2024-04-01	8758054
3082	Продолжение следует	8 599 887,0	32	34	-2	34	24999142	+62 000	Молчуны? Куда делись Ургант, Нагиев и Познер | Разборы				6099973	Апрель 2024	34	2024-04-01	8599887
3083	Алексей Навальный	8 385 490,0	34	35	-1	35	0	+30 000	История большого заговора. Кто и как захватил Россию. Предатели. Серия 1				8385490	Апрель 2024	35	2024-04-01	8385490
3084	Euronews по-русски	8 079 822,0	30	36	-6	36	0	+10 000	Израиль нанёс удар по территории Ирана – американские СМИ				8079822	Апрель 2024	36	2024-04-01	8079822
3085	Юрий ВЕЛИКИЙ	6 787 982,0	39	37	+2	37	4412535	+10 000	ДАМБА в Орске и ГРЫЗУНЫ диверсанты 😁 [Пародия]				6346728	Апрель 2024	37	2024-04-01	6787982
3086	Константин Сёмин	6 757 906,0	43	38	+5	38	123625	+6 000	Ребята, очнитесь! Арест букмекера, Автоматчик у Кремля// Галопом по Европам #1154				6745543	Апрель 2024	38	2024-04-01	6757906
3087	вДудь	6 649 514,0	45	39	+6	39	0	-	Айрапетов – новая звезда русского стендапа / вДудь				6649514	Апрель 2024	39	2024-04-01	6649514
3088	Yulia Latynina	6 050 541,0	40	40	-	40	260217	-4 000	Валерий Соловей. Все кончится к концу года. Пойдет ли Зеленский на мир? Ударит ли Иран по Израилю				6024519	Апрель 2024	40	2024-04-01	6050541
3089	Denis Kazanskyi	5 874 138,0	48	41	+7	41	191923	+5 000	"""Не было шага доброй воли под Киевом, Россию просто разгромили"" Губарев разоблачил ложь Путина"				5854946	Апрель 2024	41	2024-04-01	5874138
3090	Сергей Ауслендер	5 289 447,0	53	42	+11	42	532949	+25 000	СРОЧНО! Иран атакует Израиль! Война началась!				5236152	Апрель 2024	42	2024-04-01	5289447
3091	sotavision	5 205 181,0	19	43	-24	43	12236903	+26 000	"""Здесь будет резня! Вот посмотрите."" Столкновение жителей и наёмников застройщика. Люблино/Москва"				3981491	Апрель 2024	43	2024-04-01	5205181
3092	Валерий Соловей	4 952 759,0	66	44	+22	44	0	+3 000	"Арест Иванова // Болезнь Кадырова // Кризис становится публичным. Ответы на ""горячие"" вопросы Вып.59"				4952759	Апрель 2024	44	2024-04-01	4952759
3093	VOX POP	4 909 970,0	56	45	+11	45	49099698	+59 000	—				0	Апрель 2024	45	2024-04-01	4909970
3094	Гулагу-нет Официальный канал	4 760 372,0	50	46	+4	46	0	+16 000	«Я ещё раз вам говорю, не доводите народ, на вилы, нах*р, поднимем всех, бл*!»				4760372	Апрель 2024	46	2024-04-01	4760372
3095	Евгений Киселёв	4 730 823,0	60	47	+13	47	0	+9 000	🔥БЫКОВ: Фильм Марии Певчих НАЧАЛ РАСКОЛ. Тайна семьи Ельцина. Кто испортил РФ. 75 лет Пугачевой				4730823	Апрель 2024	47	2024-04-01	4730823
3096	Настоящее Время. Док	4 700 653,0	46	48	-2	48	31022961	+60 000	Бывший российский военный – о мародерстве в Украине, пытках и принуждениях воевать | ПРИЗНАКИ ЖИЗНИ				1598357	Апрель 2024	48	2024-04-01	4700653
3097	Колезев	4 574 434,0	70	49	+21	49	2897353	+25 000	Что означает арест Тимура Иванова — заместителя Шойгу				4284699	Апрель 2024	49	2024-04-01	4574434
3098	Александр Балу	4 550 988,0	57	50	+7	50	0	-	ПРОПАГАНДА В УЖАСЕ. ВЫПУСКАЙТЕ КЛОУНОВ.				4550988	Апрель 2024	50	2024-04-01	4550988
3099	BBC News - Русская служба	4 143 875,0	44	51	-7	51	1639931	+30 000	«Не все воины»: как украинские мужчины бегут от призыва | Документальный фильм Би-би-си				3979882	Апрель 2024	51	2024-04-01	4143875
3100	Дневник Депутата	3 978 690,0	58	52	+6	52	0	+10 000	Стихийный митинг. Народ вышел протестовать на площадь. Утопающий Орск разозлили				3978690	Апрель 2024	52	2024-04-01	3978690
3101	Новости СВЕРХДЕРЖАВЫ	3 922 956,0	59	53	+6	53	0	-	«В машине их было двое» - гаишник раскрыл правду о погоне в Брянской области				3922956	Апрель 2024	53	2024-04-01	3922956
3102	varlamov moments	3 777 576,0	80	54	+26	54	0	+24 000	Грязь в России: откуда она берётся и как от неё избавиться? | Пыль в городах, мусор, благоустройство				3777576	Апрель 2024	54	2024-04-01	3777576
3103	Голос Америки	3 702 446,0	42	55	-13	55	86847	+11 000	Солнечное затмение в США				3693761	Апрель 2024	55	2024-04-01	3702446
3104	Екатерина Шульман	3 700 897,0	52	56	-4	56	0	-	Театр безопасности. Статус S07Е32				3700897	Апрель 2024	56	2024-04-01	3700897
3105	Скажи Гордеевой	3 668 853,0	88	57	+31	57	937580	+10 000	Мария Машкова и Мила Зеленская: «Как будто умер и родился заново» // «Скажи Гордеевой»				3575095	Апрель 2024	57	2024-04-01	3668853
3106	Послезавтра	3 630 230,0	55	58	-3	58	19960301	+50 000	Ирландия. Как нарисовать богатство? @posle_zavtra				1634200	Апрель 2024	58	2024-04-01	3630230
3107	Игорь Яковенко	3 551 670,0	65	59	+6	59	0	+3 000	ДУМАЕМ ВМЕСТЕ С ГАРРИ КАСПАРОВЫМ				3551670	Апрель 2024	59	2024-04-01	3551670
3108	Новая газета Европа	3 521 348,0	54	60	-6	60	0	+16 000	«Мы оказались никому не нужны»: репортаж о наводнении в Оренбургской области / «Новая газета Европа»				3521348	Апрель 2024	60	2024-04-01	3521348
3109	А поговорить?	3 420 325,0	71	61	+10	61	12884984	+20 000	Би-2 о тайской тюрьме, наркотиках, конфликте с властью и родине // А поговорить?...				2131827	Апрель 2024	61	2024-04-01	3420325
3110	The Люди	3 150 206,0	68	62	+6	62	0	+10 000	Зачем Швейцарии 300 тысяч бункеров? / Третья мировая война неизбежна? / Выпуск Лядова @anton_lyadov				3150206	Апрель 2024	62	2024-04-01	3150206
3111	Tamara Eidelman	3 098 234,0	74	63	+11	63	3822538	+30 000	Лермонтов, который всех бесил				2715980	Апрель 2024	63	2024-04-01	3098234
3112	The Insider	2 984 910,0	73	64	+9	64	411032	+15 000	«Мама, я очень хочу домой». Как живут пленные российские военные в Украине				2943807	Апрель 2024	64	2024-04-01	2984910
3113	НО.Медиа из России	2 976 786,0	37	65	-28	65	1432355	+13 000	«Всем покажут красивую картинку, что все под контролем, а на самом деле нет». Наводнение в Орске				2833550	Апрель 2024	65	2024-04-01	2976786
3114	НЕ ПЕРВЫЙ КАНАЛ	2 970 180,0	41	66	-25	66	0	+6 000	СЕНАТОР МОКНУЛ МАТВИЕНКО ЛИЦОМ! ОЗЕРО БАЙКАЛ ВСЁ!				2970180	Апрель 2024	66	2024-04-01	2970180
3115	РОЙ ТВ	2 718 800,0	82	67	+15	67	0	+12 000	Что творится в стране?				2718800	Апрель 2024	67	2024-04-01	2718800
3116	Александр Штефанов	2 647 805,0	64	68	-4	68	641660	+22 000	Стас Васильев и Александр Штефанов. СВО, Путин, Донбасс				2583639	Апрель 2024	68	2024-04-01	2647805
3117	Самый сок 2	2 467 950,0	76	69	+7	69	0	-	У Москвы трещит репа: имперская гадина попутала с лимитами на войну				2467950	Апрель 2024	69	2024-04-01	2467950
3118	BILD на русском	2 377 335,0	72	70	+2	70	0	+8 000	Дмитрий Глуховский и Максим Курников | Интервью BILD				2377335	Апрель 2024	70	2024-04-01	2377335
3119	Белковский	2 327 253,0	77	71	+6	71	1751402	+9 000	КИНОАГЕНТ. Психофизический эпизод. S01E07 @BelkovskiyS #пронченко #белковский #новости #кино				2152113	Апрель 2024	71	2024-04-01	2327253
3120	Максим Шевченко	2 322 707,0	69	72	-3	72	44556	+3 000	С Леваном Пирвели. Иран, Израиль и мировая война. 14.04.24				2318251	Апрель 2024	72	2024-04-01	2322707
3121	Адекватный Русский	2 239 741,0	61	73	-12	73	22397406	+43 000	—				0	Апрель 2024	73	2024-04-01	2239741
3122	Евгений Ступин	2 207 987,0	78	74	+4	74	5898603	+33 000	Скандалы вокруг топовой чиновницы и её сына-миллиардера!				1618127	Апрель 2024	74	2024-04-01	2207987
3123	Владимир Милов	2 073 434,0	95	75	+20	75	0	+13 000	В СТРАНЕ КАТАСТРОФА. ЧИНОВНИКИ ПРОГОВОРИЛИСЬ				2073434	Апрель 2024	75	2024-04-01	2073434
3124	Mark Solonin	2 018 173,0	79	76	+3	76	0	+5 000	Кого предал Ельцин ?				2018173	Апрель 2024	76	2024-04-01	2018173
3125	Антонов такой Антонов	2 012 613,0	98	77	+21	77	268931	+27 000	История ИГИЛ: от Ирака до Сирии под присмотром США				1985720	Апрель 2024	77	2024-04-01	2012613
3126	Настоящее Время. Сюжеты	1 903 670,0	36	78	-42	78	1400938	+25 000	"Как чиновники общаются с жителями затопленного Орска: ""Вы здесь не самые пострадавшие"""				1763576	Апрель 2024	78	2024-04-01	1903670
3127	Объектив	1 889 276,0	51	79	-28	79	0	+1 000	Наводнение в Оренбуржье: причины | Как избежать наводнений				1889276	Апрель 2024	79	2024-04-01	1889276
3128	Радио Свобода. Новости	1 883 277,0	49	80	-31	80	4176587	+22 000	Число погибших в Чернигове растёт, 60 раненых. Атака на аэродром Джанкоя. Протесты в Грузии. НОВОСТИ				1465618	Апрель 2024	80	2024-04-01	1883277
3129	Заповедник	1 870 300,0	90	81	+9	81	6235150	+10 000	"Весомая ""помощь"" Украине. Побег Армении из ОДКБ. Финляндия закрыла границу– ""Заповедник"", выпуск 307"				1246785	Апрель 2024	81	2024-04-01	1870300
3130	SOBOLEV	1 855 803,0	85	82	+3	82	0	-	MELLSTROY — ГЛАВНЫЙ МОШЕННИК ИНТЕРНЕТА. Обман на 2 миллиона долларов и реклама казино				1855803	Апрель 2024	82	2024-04-01	1855803
3131	Forbes	1 802 883,0	104	83	+21	83	1881445	+19 000	Emin: «Крокус. Агаларовы. Теракт». Проверка СК и судьба миллиардеров				1614738	Апрель 2024	83	2024-04-01	1802883
3132	Клим Жуков	1 601 811,0	86	84	+2	84	0	+5 000	Клим Жуков. Остров сокровищ: главные пираты Советского Союза				1601811	Апрель 2024	84	2024-04-01	1601811
3133	Утро Февраля	1 541 825,0	75	85	-10	85	109969	+4 000	🔴СКАНДАЛ С ВИЛЛОЙ ЖЕНЫ ПУТИНА! Сьемки изнутри особняка - Русский Ататюрк с ПЬЯНЫХ & ОСЕЧКИН & ГУДКОВ				1530828	Апрель 2024	85	2024-04-01	1541825
3134	TV2media	1 393 458,0	81	86	-5	86	1200126	+10 000	«Разговоры о важном» могут оказать тотальное влияние на детей // Дима Зицер				1273445	Апрель 2024	86	2024-04-01	1393458
3135	Евгений Чичваркин	1 332 034,0	47	87	-40	87	3613407	+8 000	«Абрамовичу война не нужна » Чичваркин — 80% окружение Путина против войны, Авен, Фридман, Собчак				970693	Апрель 2024	87	2024-04-01	1332034
3136	Набутовы	1 278 731,0	102	88	+14	88	122187	+4 000	Кадыров уходит? / Арест Тимура Иванова / Фильм «Предатели» / Наброски #132				1266512	Апрель 2024	88	2024-04-01	1278731
3137	Ищем Выход	1 178 449,0	100	89	+11	89	5422	+3 000	Уголовка в Минобороны - Начало конца Путина | Певчих | Кадыров | Особое мнение / Валерий Соловей				1177907	Апрель 2024	89	2024-04-01	1178449
3138	Руслан Усачев	1 098 275,0	67	90	-23	90	72568	-	Украинский след // Русский Xbox // Запрет Соловьева				1091018	Апрель 2024	90	2024-04-01	1098275
3139	Кавказ.Реалии	1 083 339,0	128	91	+37	91	1045096	+4 000	"В полиции умер задержанный после теракта в ""Крокусе"" уроженец Чечни | НОВОСТИ"				978829	Апрель 2024	91	2024-04-01	1083339
3140	The Insider Live	1 073 176,0	83	92	-9	92	254	+5 600	Иран атакует Израиль. Спецэфир | Аппельберг, Беленькая, Мигдаль				1073151	Апрель 2024	92	2024-04-01	1073176
3141	Meduza	1 053 792,0	63	93	-30	93	0	+3 000	Пожар на территории Уралмашзавода				1053792	Апрель 2024	93	2024-04-01	1053792
3142	Ксения Ларина	941 632,0	96	94	+2	94	1171	+3 000	"Юбилей Пугачевой: ""Алла будет петь""/ Браво Израилю!/ Дикий барин Михалков/Райкин о театре// @xlarina"				941515	Апрель 2024	94	2024-04-01	941632
3143	Михаил Ходорковский	903 239,0	97	95	+2	95	174068	-	Фильм «Предатели». Мое мнение без купюр | Блог Ходорковского				885832	Апрель 2024	95	2024-04-01	903239
3144	Быть Или	884 812,0	119	96	+23	96	0	+2 000	А вы Понимаете, что ИГИЛ объявил войну России? | Быть Или				884812	Апрель 2024	96	2024-04-01	884812
3145	Простые числа	875 029,0	84	97	-13	97	0	+2 000	Казахстан на перекрёстке коммерческих интересов // Олег Комолов. Простые числа				875029	Апрель 2024	97	2024-04-01	875029
3146	Лиза Лазерсон	847 108,0	139	98	+41	98	0	+6 300	Военный обозреватель Ширяев. Генералы НАТО ошибались. Революция дронов. Флот изжил себя.				847108	Апрель 2024	98	2024-04-01	847108
3147	Любовь Соболь	761 562,0	103	99	+4	99	1135365	+29 000	Как Шаман построил карьеру на горе и войне и кто ему в этом помог				648025	Апрель 2024	99	2024-04-01	761562
3148	Важные истории	748 049,0	99	100	-1	100	4342934	+21 000	Выжили на войне, но... Истории российских солдат, вернувшихся на гражданку				313756	Апрель 2024	100	2024-04-01	748049
3149	Андрей Пионтковский	718 056,0	93	101	-8	101	16887	-1 000	😳ПИОНТКОВСКИЙ & ЦИМБАЛЮК: Путин такого НЕ ОЖИДАЛ! Иран пробил деньги Украине и Израилю?				716367	Апрель 2024	101	2024-04-01	718056
3150	MRR — My Russian Rights	716 888,0	Новое	102	Новое	102	1652855	+3 100	Кого отправят на войну теперь: известны новые списки на мобилизацию. Рассказывает Ольга Романова				551602	Апрель 2024	102	2024-04-01	716888
3151	Маша Борзунова	709 825,0	89	103	-14	103	0	+1 000	Ежедневные обстрелы и десятки жертв: пропаганда делает из Белгорода «щит русского народа»				709825	Апрель 2024	103	2024-04-01	709825
3152	DOXA | ДОКСА	706 666,0	Новое	104	Новое	104	6772870	+16 000	Реальная стоимость монархии в современном мире				29379	Апрель 2024	104	2024-04-01	706666
3153	Матвей Ганапольский	694 033,0	101	105	-4	105	0	+1 300	ГОЛУЮ ВЕЧЕРИНКУ ПРИДУМАЛ АЛЬЯНС / ГАНАПОЛЬСКАЯ ПРАВДА / 02.04.2024				694033	Апрель 2024	105	2024-04-01	694033
3154	БАРМАЛЕЙКА	627 717,0	94	106	-12	106	0	-	Новая хозяйка России/Сначала вывозили деньги и семья, а теперь целые заводы				627717	Апрель 2024	106	2024-04-01	627717
3155	Медиазона	552 708,0	92	107	-15	107	124	+4 000	Сбитый Ту-22М3 и потери российской авиации | Потери России в войне: сводка 26 апреля 2024				552696	Апрель 2024	107	2024-04-01	552708
3156	Нино Росебашвили	529 602,0	123	108	+15	108	0	+3 000	“Россия безошибочно шла за упырями” ШЕНДЕРОВИЧ о 90-х, разводках Путина и системных либералах				529602	Апрель 2024	108	2024-04-01	529602
3157	Радио Долин	524 484,0	Новое	109	Новое	109	26629	+4 000	Лучшие роли Леонардо Ди Каприо. Выбор Антона Долина				521821	Апрель 2024	109	2024-04-01	524484
3158	Parfenon	505 128,0	131	110	+21	110	21820	+10 000	Глава Украины Хрущёв. «Катюша». Берия в НКВД. Гитлер в Вене и Праге. «Хрустальная ночь». #НМДНИ-1938				502946	Апрель 2024	110	2024-04-01	505128
3159	SVTV	472 739,0	109	111	-2	111	50508	-	СВЕТОВ /// КАШИН /// ВСТРЕЧА В ПАРИЖЕ				467688	Апрель 2024	111	2024-04-01	472739
3160	Крым.Реалии	471 136,0	124	112	+12	112	951974	+15 000	Новые данные о потерях из Крыма. Что постят российские солдаты? | Крым.Реалии ТВ				375939	Апрель 2024	112	2024-04-01	471136
3161	ОТДЕЛЬНАЯ ЦИВИЛИЗАЦИЯ	446 865,0	113	113	-	113	0	+1 000	💥ВЕРЯТ ЛИ ЛЮДИ ГОРОСКОПАМ? ОПРОС 2024				446865	Апрель 2024	113	2024-04-01	446865
3162	Yevgenia Albats	444 570,0	108	114	-6	114	26381	+1 000	Генерал ФСБ Евгений Савостьянов и основатель Agentura.ru Андрей Солдатов о России без безопасности				441932	Апрель 2024	114	2024-04-01	444570
3163	Oleg Kashin	415 188,0	106	115	-9	115	0	+600	"Кирилл Мартынов не убивал жену. История ""новгородского дела"". Кашин гуру"				415188	Апрель 2024	115	2024-04-01	415188
3164	Острый Угол	414 353,0	87	116	-29	116	2312682	+12 000	Гердауэн — наш! | Разговоры о важном #6				183085	Апрель 2024	116	2024-04-01	414353
3165	Форум свободной России	400 748,0	125	117	+8	117	240446	+2 000	LIVE: Война на истощение. Кто победит? | Альфред Кох				376703	Апрель 2024	117	2024-04-01	400748
3166	Илья Яшин	355 882,0	116	118	-2	118	0	+10 000	Гнилая война. Почему СВО так и не стала народной?				355882	Апрель 2024	118	2024-04-01	355882
3167	Татьяна Фельгенгауэр	353 102,0	129	119	+10	119	0	+2 800	Таня Ф.: Терапевтический стрим про жизнь с Люсей Грин / Дружить вопреки и благодаря // 10.4.24				353102	Апрель 2024	119	2024-04-01	353102
3168	Виктор Шендерович	323 221,0	133	120	+13	120	0	-	ШЕНДЕРОВИЧ* - Прекрасная Россия будущего, Единобожие Патриарха, последние диссиденты эпохи				323221	Апрель 2024	120	2024-04-01	323221
3169	Это Осетинская (Русские норм!)	320 339,0	115	121	-6	121	122196	+2 000	Куда уехали российские айтишники: IT-эмиграция 2.0. Руди, Токовинин, Малин и другие				308119	Апрель 2024	121	2024-04-01	320339
3170	Рабкор	311 473,0	127	122	+5	122	0	+1 000	ИСЛАМОФОБИЯ И МИГРАНТОФОБИЯ В РОССИЙСКОМ ОБЩЕСТВЕ / Максим Шевченко, Анна Очкина				311473	Апрель 2024	122	2024-04-01	311473
3171	НЕ МОЛЧУ	307 177,0	140	123	+17	123	3071765	+4 000	—				0	Апрель 2024	123	2024-04-01	307177
3172	Котрикадзе Дзядко	279 797,0	110	124	-14	124	0	-1 000	Плющев - наводнение в Оренбурге, Breakfast show и возвращение в Россию				279797	Апрель 2024	124	2024-04-01	279797
3173	ГражданинЪ TV	273 346,0	117	125	-8	125	14808	+1 000	Под водой. Что показал и чему может научить людей вышедший из берегов Урал / Шлосберг live				271865	Апрель 2024	125	2024-04-01	273346
3174	Sergey Aleksashenko	234 366,0	114	126	-12	126	0	-	На злобу дня. В Эльвиру просьба не стрелять! (24.04.2024)				234366	Апрель 2024	126	2024-04-01	234366
3175	Masyanya Kuvaeva	225 465,0	148	127	+21	127	0	-	Масяня. Эпизод 174. Масяня и Волшебная Сосиска 3				225465	Апрель 2024	127	2024-04-01	225465
3176	ШЕПЕЛИН	224 570,0	111	128	-17	128	0	-	ФБК против Ельцина-Путина | Дугин против BadComedian | Дуров у Такера |				224570	Апрель 2024	128	2024-04-01	224570
3177	Реалии	223 133,0	136	129	+7	129	1875368	+18 000	Барачная жизнь в богатейшем регионе России | Сибирь.Реалии				35596	Апрель 2024	129	2024-04-01	223133
3178	Холод	217 593,0	118	130	-12	130	16199	+3 000	Алексей Красовский VS Лев Гяммер / За и против пиратства				215973	Апрель 2024	130	2024-04-01	217593
3179	Пастуховская Кухня	211 453,0	112	131	-19	131	0	+1 200	Запад готов продать Украину? Дугин и Певчих против Ельцина. Пастуховская Кухня - Четверг / Пастухов				211453	Апрель 2024	131	2024-04-01	211453
3180	Как теперь / проект ОВД-Инфо	192 940,0	122	132	-10	132	655484	+2 300	КАК ТЕПЕРЬ растет ксенофобия в России из-за теракта в «Крокусе» и войны / Светлана Ганнушкина				127392	Апрель 2024	132	2024-04-01	192940
3181	Фёдор Крашенинников	180 313,0	135	133	+2	133	84551	+300	Внезапный спор о 90-х: зачем это нужно и почему важно I Федор Крашенинников ON AIR				171858	Апрель 2024	133	2024-04-01	180313
3182	Страна и мир	176 950,0	134	134	-	134	36	+600	Рогов о главном: как связаны теракт в Крокусе и наводнение в Орске				176946	Апрель 2024	134	2024-04-01	176950
3183	Сергей Смирнов	167 220,0	Новое	135	Новое	135	0	+3 500	Русская Маньчжурия. Потерянная колония				167220	Апрель 2024	135	2024-04-01	167220
3184	Сергей Бойко	166 766,0	132	136	-4	136	339	+1 000	Дискредитация #18. Счастья — по колено!				166732	Апрель 2024	136	2024-04-01	166766
3185	7x7 Горизонтальная Россия	142 269,0	Новое	137	Новое	137	38661	+1 000	Какие российские товары лучше, чем заграничные? / Опрос 7x7 в регионах				138403	Апрель 2024	137	2024-04-01	142269
3186	Сергей Пархоменко	138 059,0	121	138	-17	138	0	-	РЕПЛИКА В СТОРОНУ 20.04.24: Ну вот наконец помощь Украине				138059	Апрель 2024	138	2024-04-01	138059
3187	Леонид Волков	124 300,0	130	139	-9	139	0	-	Почему тонут российские регионы?				124300	Апрель 2024	139	2024-04-01	124300
3188	Эльвира Вихарева	66 171,0	143	140	+3	140	0	-100	«ФБК - это секта, которая распадется на осколки» национальная идея России найдена -Андрей Колесников				66171	Апрель 2024	140	2024-04-01	66171
3189	Губин ON AIR	56 244,0	141	141	-	141	0	-	"Виталий Дымарский: казнить ли Грефа и Набиуллину? ""Особое мнение"" на канале ""Ищем выход"" 09.04.2024"				56244	Апрель 2024	141	2024-04-01	56244
3190	Радио Свобода Live	48 172,0	145	142	+3	142	0	+600	Путин не президент России | Весь эфир				48172	Апрель 2024	142	2024-04-01	48172
3191	ЗЫГАРЬ	47 510,0	91	143	-52	143	102740	+1 000	—				37236	Апрель 2024	143	2024-04-01	47510
3192	MOUNT SHOW	38 214,0	137	144	-7	144	4246	-	—				37789	Апрель 2024	144	2024-04-01	38214
3193	Борис Надеждин	29 361,0	105	145	-40	145	32583	-2 000	Что делают политики от выборов до выборов? / Прямая линия с Борисом Надеждиным				26103	Апрель 2024	145	2024-04-01	29361
3194	Признаки жизни. Документальное кино Радио Свобода	27 756,0	138	146	-8	146	0	+1 000	Жизнь за стеной. Петербург				27756	Апрель 2024	146	2024-04-01	27756
3195	Proekt_media	24 495,0	120	147	-27	147	1262	+3 000	—				24369	Апрель 2024	147	2024-04-01	24495
3196	ROMB	12 488,0	Новое	148	Новое	148	119196	+1 000	—				568	Апрель 2024	148	2024-04-01	12488
3197	Lazarevatut	7 718,0	126	149	-23	149	1105	-	—				7607	Апрель 2024	149	2024-04-01	7718
3198	НЕОРУЭЛЛ	4 833,0	146	150	-4	150	48327	+5 000	—				0	Апрель 2024	150	2024-04-01	4833
3199	SLOT BALKAYMAK	4 632,0	147	151	-4	151	19595	+25 100	🍭Sweet Bonanza Küçük Kasa 🍭 PARAYA ALERJİSİ OLAN İZLEMESİN !!! 🍭 EFSANE VURGUN 🍭 BİG WİN				2672	Апрель 2024	151	2024-04-01	4632
3200	Сергей Гуриев	2 736,0	144	152	-8	152	0	-2 000	—				2736	Апрель 2024	152	2024-04-01	2736
3201	Varlamov News	0,0	149	153		153	0	-2000	—				0	Апрель 2024	153	2024-04-01	0
3202	Whalesplaining	0,0		154		154	0	1000	—				0	Апрель 2024	154	2024-04-01	0
3203	Дмитрий Гудков	0,0		155		155	0	-200	—				0	Апрель 2024	155	2024-04-01	0
3204	Карен Шаинян	0,0		156		156	0	-1000	—				0	Апрель 2024	156	2024-04-01	0
3205	Открытые медиа	0,0		157		157	0	2000	—				0	Апрель 2024	157	2024-04-01	0
3206	Фактор	0,0		158		158	0	-200	—				0	Апрель 2024	158	2024-04-01	0
3207	ЦУРреализм	0,0		159		159	0	-100	—				0	Апрель 2024	159	2024-04-01	0
3208	Телеканал Дождь	133 414 865,0	1	1	-	1	38399761	+210 000	Теракт в «Крокусе»: обращение Путина. Число погибших растет. Кого ФСБ называет террористами				129574889	Март 2024	1	2024-03-01	133414865
3209	Ходорковский LIVE	81 401 503,0	5	2	+3	2	35060293	+240 000	⚡️ Теракт в Москве: стрельба и взрывы в «Крокус Сити». 143 погибших | СПЕЦЭФИР				77895474	Март 2024	2	2024-03-01	81401503
3210	Комсомольская Правда	55 208 921,0	8	3	+5	3	44838513	+150 000	Допрос пойманного террориста: мужчина рассказал о подготовке к расстрелу				50725070	Март 2024	3	2024-03-01	55208921
3211	Антон Хардин	46 248 495,0	16	4	+12	4	0	+80 000	Стало известно сегодня, что за человек в синем был на тех кадрах. Позвонил и сам все рассказал				46248495	Март 2024	4	2024-03-01	46248495
3212	Максим Кац	42 616 614,0	3	5	-2	5	0	+90 000	Теракт в «Крокус Сити Холл» | Что произошло сегодня в Москве @Max_Katz				42616614	Март 2024	5	2024-03-01	42616614
3213	NEXTA Live	42 161 908,0	6	6	-	6	8284	+50 000	Кто устроил теракт в Москве / Почему это произошло сейчас				42161080	Март 2024	6	2024-03-01	42161908
3214	Популярная политика	41 780 301,0	10	7	+3	7	44044567	+120 000	Теракт в Крокусе. Последние новости: жертвы, пожар, штурм				37375844	Март 2024	7	2024-03-01	41780301
3215	Майкл Наки	40 772 671,0	7	8	-1	8	0	+60 000	КТО ОРГАНИЗОВАЛ БОЙНЮ В КРОКУСЕ? Самый кровавый теракт за последние 20 лет				40772671	Март 2024	8	2024-03-01	40772671
3216	varlamov	38 495 267,0	4	9	-5	9	0	+90 000	«Крокус Сити Холл»: подробности трагедии | Новости про атаку в Москве, взрывы, пожар				38495267	Март 2024	9	2024-03-01	38495267
3217	Настоящее Время	33 883 505,0	17	10	+7	10	21644313	+120 000	"Последствия теракта в ""Крокусе"": демонстративная жестокость и ксенофобия | ВЕЧЕР"				31719074	Март 2024	10	2024-03-01	33883505
3218	DW на русском	32 571 382,0	2	11	-9	11	27477653	+70 000	🔴Чего гагаузы ждут от России. Раскол Макрона и Шольца. Москву предупреждают о терактах. DW Новости				29823617	Март 2024	11	2024-03-01	32571382
3219	ВОТ ТАК	31 448 128,0	26	12	+14	12	2455581	+60 000	"""Люди бились ладонями о стены, прося помощи"" – очевидец теракта об ужасе и панике в Крокус Сити Холл"				31202570	Март 2024	12	2024-03-01	31448128
3220	Обманутый Россиянин	29 500 457,0	13	13	-	13	0	+20 000	Шеф, все пропало... ВСЕХ НАШИХ ВЫЧИСЛИЛИ ПО СИНИМ СВИТЕРАМ				29500457	Март 2024	13	2024-03-01	29500457
3221	Анатолий Шарий	27 513 055,0	9	14	-5	14	0	+20 000	Кто это сделал. Моё мнение				27513055	Март 2024	14	2024-03-01	27513055
3222	Редакция	26 762 227,0	14	15	-1	15	424963	+70 000	Как стал возможен крупнейший теракт за десятилетия? / Редакция				26719731	Март 2024	15	2024-03-01	26762227
3223	Живой Гвоздь	25 335 311,0	12	16	-4	16	0	+20 000	Теракт в Крокус Сити Холл / Венедиктов**, Потапенко*, Виноградов / Аникина и Большакова / 23.03.24				25335311	Март 2024	16	2024-03-01	25335311
3224	The Breakfast Show	19 521 386,0	11	17	-6	17	4903110	+32 000	Теракт в Крокус-сити. Экстренный стрим. Смирнов, Бер, Черкасов, Мартьынов, Левиев.				19031075	Март 2024	17	2024-03-01	19521386
3225	Радио Свобода	18 736 966,0	27	18	+9	18	43716982	+110 000	"Теракт в ""Крокус Сити Холл"" | Десятки погибших | Что произошло и где нападавшие?"				14365268	Март 2024	18	2024-03-01	18736966
3226	sotavision	17 858 307,0	40	19	+21	19	18580311	+70 000	Как «закрывали» террористов «Крокуса» | Moscow suspect terror in court (deadly concert attack)				16000276	Март 2024	19	2024-03-01	17858307
3227	Навальный LIVE	17 011 614,0	18	20	-2	20	19081494	+100 000	Их убил Путин: история преступлений президента				15103465	Март 2024	20	2024-03-01	17011614
3228	ШАРФ	16 788 203,0	20	21	-1	21	0	+14 000	Валерия и Пригожин не могут молчать! Появились новые лица, факты в деле Крокус Сити				16788203	Март 2024	21	2024-03-01	16788203
3229	Volodymyr Zolkin	16 437 595,0	24	22	+2	22	8761940	+60 000	ПРИZНАLSЯ В UБ*ЙS*ВАХ И ГР0ZИТСЯ ПRИЙТИ 0ПЯТЬ @dmytrokarpenko				15561401	Март 2024	22	2024-03-01	16437595
3230	Newsader	15 440 303,0	46	23	+23	23	0	+12 000	Сенсация от МО Сингапура: F-35 работают по оккупантам в Украине. Первые результаты				15440303	Март 2024	23	2024-03-01	15440303
3231	Александр Невзоров	15 311 133,0	30	24	+6	24	3920765	+20 000	Упырь победил, но опоздал. Почему в Крокусе найдены куски тел. Кривые сказки ФСБ.Теракт подробности				14919056	Март 2024	24	2024-03-01	15311133
3232	Юрий Швец -- официальный канал	15 006 090,0	21	25	-4	25	139662	+10 000	Настал критический момент / Мордор в кольце / Окурку надо срочно заканчивать войну / №706 Юрий Швец				14992124	Март 2024	25	2024-03-01	15006090
3233	Alexey Arestovych	14 534 952,0	19	26	-7	26	15997284	+20 000	Арестович: Переиграть войну - последний шанс объединенного Запада. @holovanov				12935224	Март 2024	26	2024-03-01	14534952
3234	ЭМПАТИЯ МАНУЧИ	14 053 866,0	49	27	+22	27	24537719	+140 000	Иван Охлобыстин: Гойда, Лолита, Киркоров и Смольянинов /// ЭМПАТИЯ МАНУЧИ				11600094	Март 2024	27	2024-03-01	14053866
3235	Ivan Yakovina	13 377 317,0	Новое	28	Новое	28	5402281	+10 000	Теракт в Москве случился в день старта мобилизации и объявления войны Украине | Совпадение? Не думаю				12837089	Март 2024	28	2024-03-01	13377317
3236	И Грянул Грэм	12 211 590,0	33	29	+4	29	0	+16 000	"Чичваркин: кого НА САМОМ ДЕЛЕ поймали после ""КРОКУСА"", Шендерович в голове Путина, Навальная, Гордон"				12211590	Март 2024	29	2024-03-01	12211590
3237	Euronews по-русски	11 032 009,0	22	30	-8	30	0	-	Японская ракета Kairos взорвалась сразу после пуска				11032009	Март 2024	30	2024-03-01	11032009
3238	Осторожно: Собчак	10 347 786,0	23	31	-8	31	5352851	+20 000	Теракт в Крокусе: рассказы очевидцев, кто исполнители и заказчики? Версии и последствия. Разбор				9812501	Март 2024	31	2024-03-01	10347786
3239	Продолжение следует	10 328 078,0	39	32	+7	32	22496831	+113 000	Крокус Сити. 4 неудобных вопроса спецслужбам | Разборы				8078395	Март 2024	32	2024-03-01	10328078
3240	ФЕЙГИН LIVE	10 301 235,0	25	33	-8	33	27349	-10 000	ВЫСТУПЛЕНИЕ МАРКА ФЕЙГИНА И АЛЕНЫ КУРБАНОВОЙ В БЕРЛИНЕ 24 ФЕВРАЛЯ 2024 ГОДА				10298500	Март 2024	33	2024-03-01	10301235
3241	Алексей Навальный	10 244 769,0	15	34	-19	34	0	+40 000	Похороны Алексея Навального				10244769	Март 2024	34	2024-03-01	10244769
3242	RTVI Новости	10 020 216,0	32	35	-3	35	0	+30 000	Теракт в «Крокус Сити Холле»: стрельба, взрывы, десятки погибших. Последние новости				10020216	Март 2024	35	2024-03-01	10020216
3243	Настоящее Время. Сюжеты	9 900 885,0	37	36	+1	36	4723890	+56 000	Как прошли похороны Навального				9428496	Март 2024	36	2024-03-01	9900885
3244	НО.Медиа из России	8 631 652,0	44	37	+7	37	11546319	+52 000	Теракт в концертном зале «Крокус Сити Холл». Посетительница концерта об увиденном				7477020	Март 2024	37	2024-03-01	8631652
3245	МИНАЕВ LIVE	8 552 831,0	28	38	-10	38	0	+100 000	Тайны Банка Ватикана: масоны, итальянская мафия и союз с Муссолини / Уроки истории / МИНАЕВ				8552831	Март 2024	38	2024-03-01	8552831
3246	Юрий ВЕЛИКИЙ	8 250 065,0	29	39	-10	39	5580841	+10 000	ПОСЛАНИЕ путина к ФЕОДАЛьному собранию 😁 [Пародия]				7691981	Март 2024	39	2024-03-01	8250065
3247	Yulia Latynina	7 646 809,0	34	40	-6	40	243525	-10 000	Валерий Соловей. Крокус Сити Холл: разбираем, что произошло				7622456	Март 2024	40	2024-03-01	7646809
3248	НЕ ПЕРВЫЙ КАНАЛ	7 613 264,0	102	41	+61	41	0	+17 000	МАТВИЕНКО ОБОМЛЕЛА! ОН ЗАТКНУЛ ЕЙ РОТ! ГРОБОВАЯ ТИШИНА В СОВФЕДЕ ! Владимир Штыгашев!				7613264	Март 2024	41	2024-03-01	7613264
3249	Голос Америки	7 290 363,0	36	42	-6	42	188772	+23 000	Теракт в «Крокус Сити Холле»: последние данные и мнения экспертов. ПРЯМОЙ ЭФИР				7271486	Март 2024	42	2024-03-01	7290363
3250	Константин Сёмин	7 176 596,0	42	43	-1	43	112680	+2 000	Пашинян уходит, Самолет в Иванове, День диверсий // Галопом по Европам #1137				7165328	Март 2024	43	2024-03-01	7176596
3251	BBC News - Русская служба	6 624 467,0	43	44	-1	44	9768670	+60 000	Шульман о выборах, Путине и Навальном				5647600	Март 2024	44	2024-03-01	6624467
3252	вДудь	6 411 740,0	47	45	+2	45	0	-	Хамиль (Каста) – жизнь после остановки сердца / Life after a cardiac arrest				6411740	Март 2024	45	2024-03-01	6411740
3253	Настоящее Время. Док	5 975 687,0	38	46	-8	46	18113602	+60 000	Срочника избили до смерти за отказ воевать в Украине				4164327	Март 2024	46	2024-03-01	5975687
3254	Евгений Чичваркин	5 975 439,0	35	47	-12	47	10795011	+35 000	ВСЕ СЕРЬЕЗНО! Чичваркин: Венедиктов, Ройзман, Муратов в смертельной опасности!				4895938	Март 2024	47	2024-03-01	5975439
3255	Denis Kazanskyi	5 929 671,0	51	48	+3	48	130751	+2 000	"""Наша армия измотана, уже нет сил наступать!"" Военкор рассказал о реальной ситуации на фронте"				5916596	Март 2024	48	2024-03-01	5929671
3256	Радио Свобода. Новости	5 716 717,0	41	49	-8	49	7656423	+37 000	Нападение на мигрантов, отказ от такси: кто и зачем раздувает ксенофобские настроения в России				4951075	Март 2024	49	2024-03-01	5716717
3257	Гулагу-нет Официальный канал	5 588 581,0	76	50	+26	50	0	+23 000	Тёща Навального Алла Абросимова тепло отозвалась о зяте и поблагодарила всех, кто пришёл на кладбище				5588581	Март 2024	50	2024-03-01	5588581
3258	Объектив	5 566 996,0	64	51	+13	51	0	+23 000	Теракт в «Крокусе»: террористы пойманы | Атака на Белгород и ДнепроГЭС | Будет ли новая мобилизация?				5566996	Март 2024	51	2024-03-01	5566996
3259	Екатерина Шульман	5 436 079,0	31	52	-21	52	0	+10 000	Выборы прошли. Что дальше? Дискуссия с Андреем Колесниковым, @carnegiepolitika				5436079	Март 2024	52	2024-03-01	5436079
3260	Сергей Ауслендер	5 300 999,0	62	53	+9	53	264459	+28 000	Трагедия в Крокусе: версии и причины				5274553	Март 2024	53	2024-03-01	5300999
3261	Новая газета Европа	5 228 921,0	77	54	+23	54	477838	+25 000	Хронология нападения на «Крокус» / «Новая газета Европа»				5181137	Март 2024	54	2024-03-01	5228921
3262	Послезавтра	5 216 364,0	55	55	-	55	19645632	+60 000	Арктика. Гонка за будущее @posle_zavtra				3251801	Март 2024	55	2024-03-01	5216364
3263	VOX POP	4 954 851,0	83	56	+27	56	49548514	+84 000	—				0	Март 2024	56	2024-03-01	4954851
3264	Александр Балу	4 919 650,0	48	57	-9	57	0	-1 000	В КРОКУСЕ ВИНОВАТЫ США. ПРОПАГАНДА ПОШЛА В РАЗНОС				4919650	Март 2024	57	2024-03-01	4919650
3265	Дневник Депутата	4 653 001,0	54	58	-4	58	0	+10 000	Дебаты на федеральном канале. Вся студия боролась только с Бондаренко				4653001	Март 2024	58	2024-03-01	4653001
3266	Новости СВЕРХДЕРЖАВЫ	4 610 643,0	57	59	-2	59	0	-	Крокус – провокация ФСБ или масштабный провал спецслужб?				4610643	Март 2024	59	2024-03-01	4610643
3267	Евгений Киселёв	4 573 374,0	50	60	-10	60	0	+5 000	СОЛОВЕЙ. Санитарная зона в Белгороде. БУДЕТ ЛИ ПОХОД НА МОСКВУ? Макрон готов воевать? Собрание в ФСБ				4573374	Март 2024	60	2024-03-01	4573374
3268	Адекватный Русский	4 536 712,0	89	61	+28	61	45367123	+84 000	—				0	Март 2024	61	2024-03-01	4536712
3269	aftershock.news	4 485 452,0	53	62	-9	62	0	-	"Срочная эвакуация на вертолётах из Сирии вызвала подозрения. США подчищают следы по делу ""Крокуса""?"				4485452	Март 2024	62	2024-03-01	4485452
3270	Meduza	4 192 217,0	63	63	-	63	0	+15 000	Теракт в «Крокус Сити Холле»				4192217	Март 2024	63	2024-03-01	4192217
3271	Александр Штефанов	4 148 126,0	110	64	+46	64	2000996	+96 000	Как прошёл последний срок Путина?				3948026	Март 2024	64	2024-03-01	4148126
3272	Игорь Яковенко	4 144 488,0	52	65	-13	65	0	+3 000	МЕЧТЫ СБЫВАЮТСЯ: ПУТИН ХОТЕЛ ВОЙНУ С ЗАПАДОМ – ОН ЕЕ ПОЛУЧИТ				4144488	Март 2024	65	2024-03-01	4144488
3273	Валерий Соловей	4 132 821,0	58	66	-8	66	0	-1 000	"Вернуться в Россию // Когда мобилизация // Кому верит Соловей. Ответы на ""горячие"" вопросы. Вып.54"				4132821	Март 2024	66	2024-03-01	4132821
3274	Руслан Усачев	4 108 899,0	65	67	-2	67	85260	-	Армения против ФСБ // Задания Мэлстроя // Реформа ЕГЭ				4100373	Март 2024	67	2024-03-01	4108899
3275	The Люди	4 077 702,0	45	68	-23	68	0	+20 000	Гонконг: обратная сторона самого дорогого города мира / Миллионеры, Китай, человейники @anton_lyadov				4077702	Март 2024	68	2024-03-01	4077702
3276	Максим Шевченко	3 989 207,0	73	69	+4	69	510443	+9 000	"Теракт в ""Крокус Сити"": причины и последствия. С Максимом Шевченко 23.03.24"				3938163	Март 2024	69	2024-03-01	3989207
3277	Колезев	3 964 822,0	74	70	+4	70	5508602	+26 000	«Россию ждет гражданская война за передел собственности». Экономист Игорь Липсиц про послание Путина				3413962	Март 2024	70	2024-03-01	3964822
3278	А поговорить?	3 153 092,0	82	71	+11	71	9280047	+20 000	Ася Казанцева: почему бездетные счастливее? // Наука. А поговорить?...				2225087	Март 2024	71	2024-03-01	3153092
3279	BILD на русском	3 061 327,0	69	72	-3	72	17472	+7 000	Екатерина Шульман, Зоя Светова, Максим Курников | Спецэфир BILD				3059580	Март 2024	72	2024-03-01	3061327
3280	The Insider	3 054 719,0	75	73	+2	73	1610661	+25 000	«Это был ужас». Что известно о теракте в Крокус Сити холл				2893653	Март 2024	73	2024-03-01	3054719
3281	Tamara Eidelman	2 828 307,0	66	74	-8	74	4403239	+20 000	Почему я не люблю Маяковского				2387983	Март 2024	74	2024-03-01	2828307
3282	Утро Февраля	2 701 998,0	78	75	+3	75	1153948	+8 000	🔴ТЕРАКТ В КРОКУСЕ: Кто стоит за террористами? РАБОТА ФСБ? - Русский Ататюрк с ПЬЯНЫХ & АСЛАНЯН				2586603	Март 2024	75	2024-03-01	2701998
3283	Самый сок 2	2 477 507,0	68	76	-8	76	0	-2 000	Крыса пошла в разнос: Пуйло трясет обвисшими Цирконами после фиаско ФСБ в Крокус Сити				2477507	Март 2024	76	2024-03-01	2477507
3284	Белковский	2 452 414,0	60	77	-17	77	1791097	+10 000	ПУТИН И СМЕРТНАЯ КАЗНЬ. Крокусный выпуск проекта ВРЕМЯ БЕЛКОВСКОГО @BelkovskiyS #белковский				2273304	Март 2024	77	2024-03-01	2452414
3285	Евгений Ступин	2 409 701,0	71	78	-7	78	6124385	+34 000	Полдень против Путина. За справедливый мир!				1797262	Март 2024	78	2024-03-01	2409701
3286	Mark Solonin	2 314 414,0	84	79	+5	79	0	+8 000	"Убийство в ""Крокус-Сити"". Мы были в шаге от Большой Беды"				2314414	Март 2024	79	2024-03-01	2314414
3287	varlamov moments	2 174 350,0	67	80	-13	80	0	+11 000	Диктатура: как страны её побороли | Примеры Испании, Португалии, Греции | Илья Варламов				2174350	Март 2024	80	2024-03-01	2174350
3288	TV2media	2 008 699,0	79	81	-2	81	3625895	+25 000	Сергей Медведев о том, почему Запад не способен противостоять злу и мир в опасности				1646109	Март 2024	81	2024-03-01	2008699
3289	РОЙ ТВ	1 953 522,0	72	82	-10	82	0	+4 000	Л.Вершинин: тайные цели теракта в «Крокусе»				1953522	Март 2024	82	2024-03-01	1953522
3290	The Insider Live	1 876 508,0	80	83	-3	83	104064	+9 600	⚡️🎙Послы ЕС не пошли к Лаврову | «Армата» не доедет до Украины | Утренний подкаст INSIDE 5				1866102	Март 2024	83	2024-03-01	1876508
3291	Простые числа	1 807 903,0	91	84	+7	84	2484	+7 000	Девальвация, мобилизация, приватизация и рост налогов // Олег Комолов. Числа недели				1807655	Март 2024	84	2024-03-01	1807903
3292	SOBOLEV	1 733 188,0	115	85	+30	85	0	-	НЕСОСТЫКОВКИ ВЕРСИЙ ИЗ «КРОКУСА». Кто это мог сделать: Украина, США, ИГИЛ*?				1733188	Март 2024	85	2024-03-01	1733188
3293	Клим Жуков	1 726 517,0	70	86	-16	86	0	+7 000	"Как снимали ""Белое солнце пустыни"" и что случилось с его продолжением"				1726517	Март 2024	86	2024-03-01	1726517
3294	Острый Угол	1 641 858,0	87	87	-	87	6468215	+28 000	Что произошло в Крокус Сити Холле? Мнение Артёма Круглова и вопросы Путину				995036	Март 2024	87	2024-03-01	1641858
3295	Скажи Гордеевой	1 634 238,0	61	88	-27	88	1761023	+10 000	Протоиерей Андрей Кордочкин: «Он сознательно спустился в ад» // «Скажи Гордеевой»				1458136	Март 2024	88	2024-03-01	1634238
3296	Маша Борзунова	1 603 773,0	90	89	+1	89	0	+6 000	Команда Соловьева и z-каналы врут и пытаются обесценить прощание с Навальным				1603773	Март 2024	89	2024-03-01	1603773
3297	Заповедник	1 486 761,0	94	90	+4	90	1714704	+10 000	"Отпевание Путина. Россия 2030-го года. Прослушка: Шольц и Таурусы – ""Заповедник"", выпуск 302"				1315291	Март 2024	90	2024-03-01	1486761
3298	ЗЫГАРЬ	1 412 924,0	106	91	+15	91	72710	+20 000	Грозев: Убийство Навального, шпионы в Европе, гибель Пригожина и покушение на Зеленского				1405653	Март 2024	91	2024-03-01	1412924
3299	Медиазона	1 366 000,0	59	92	-33	92	11510	+16 000	Выносить, голосовать или портить? Что делать на выборах президента 2024. Подробный разбор | В смысле				1364849	Март 2024	92	2024-03-01	1366000
3300	Андрей Пионтковский	1 350 513,0	86	93	-7	93	133788	-	⚡️ПИОНТКОВСКИЙ & ЦИМБАЛЮК: Решительный МАКРОН восхитил! Франция затмила США @RomanTsymbaliuk				1337134	Март 2024	93	2024-03-01	1350513
3301	БАРМАЛЕЙКА	1 282 491,0	85	94	-9	94	0	-1 000	Ох, и позорище! Таких трусов как клутин надо ещё поискать				1282491	Март 2024	94	2024-03-01	1282491
3302	Владимир Милов	1 248 025,0	96	95	+1	95	0	+7 000	Атака террористов на Москву. Выводы из событий в КРОКУС СИТИ ХОЛЛ				1248025	Март 2024	95	2024-03-01	1248025
3303	Ксения Ларина	1 214 904,0	88	96	-8	96	28688	+3 000	"ЛАРИНА: «Я сомневаюсь, была ли у него МАТЬ». Путин одержим МЕСТЬЮ МАТЕРЯМ его ""врагов"" / @xlarina"				1212035	Март 2024	96	2024-03-01	1214904
3304	Михаил Ходорковский	1 153 568,0	81	97	-16	97	1138478	-	Теракт в «Крокусе». Начало последнего срока Путина | Блог Ходорковского				1039720	Март 2024	97	2024-03-01	1153568
3305	Антонов такой Антонов	1 113 152,0	93	98	-5	98	1259479	+19 000	Как враги используют теракт в Крокусе, чтобы парализовать Россию				987204	Март 2024	98	2024-03-01	1113152
3306	Важные истории	1 071 478,0	99	99	-	99	869541	+22 000	Психоанализ идеологии Путина				984524	Март 2024	99	2024-03-01	1071478
3307	Ищем Выход	1 070 062,0	97	100	-3	100	25126	+2 000	ПРЯМОЙ ЭФИР: Теракт в Москве - Что случилось в Крокусе? Свидетельства очевидцев и мнения экспертов				1067549	Март 2024	100	2024-03-01	1070062
3308	Матвей Ганапольский	1 053 706,0	98	101	-3	101	0	+2 300	В МОСКВЕ ТЕРАКТ / ГАНАПОЛЬСКАЯ ПРАВДА. ГОСТИ — ОЛЕГ СААКЯН, ЕКАТЕРИНА ШЕНГЕЛИЯ / 22.03.2024				1053706	Март 2024	101	2024-03-01	1053706
3309	Набутовы	1 034 140,0	95	102	-7	102	3912762	+11 000	Что будет после выборов? / Владимир Кара-Мурза / Обмен Навального / Набузили #31				642864	Март 2024	102	2024-03-01	1034140
3310	Любовь Соболь	994 484,0	111	103	+8	103	0	+9 000	Полная биография Кириенко: от кресла премьера и СПС до подручного Путина				994484	Март 2024	103	2024-03-01	994484
3311	Forbes	771 581,0	118	104	+14	104	2411905	+15 000	Смерть Навального, боязнь массовой скорби и президентские выборы — Григорий Голосов				530390	Март 2024	104	2024-03-01	771581
3312	Борис Надеждин	770 807,0	Новое	105	Новое	105	1322815	+2 000	Россия после выборов				638525	Март 2024	105	2024-03-01	770807
3313	Oleg Kashin	761 998,0	104	106	-2	106	0	+1 600	БЕЗУМИЕ-2024				761998	Март 2024	106	2024-03-01	761998
3314	МЫР — My Russian Rights — MRR	750 787,0	92	107	-15	107	464922	+3 000	Новый способ пополнить армию РФ — это коснётся миллионов россиян				704295	Март 2024	107	2024-03-01	750787
3315	Yevgenia Albats	717 275,0	121	108	+13	108	146506	+3 000	Путин превзошел Туркменбаши. Зачем? | Андрей Колесников и Дмитрий Орешкин | Полный Альбац				702624	Март 2024	108	2024-03-01	717275
3316	SVTV	709 788,0	105	109	-4	109	100644	+1 000	СВЕТОВ /// КАШИН /// ТЕРАКТ В МОСКВЕ				699724	Март 2024	109	2024-03-01	709788
3317	Котрикадзе Дзядко	681 209,0	100	110	-10	110	0	+2 000	«На Россию идет стая черных лебедей»: Липсиц о последствиях теракта и проблемах экономики России				681209	Март 2024	110	2024-03-01	681209
3318	ШЕПЕЛИН	664 376,0	126	111	+15	111	0	+4 000	Кто такой Кологривый? Почему он стал мемом? Правда ли призывает свергать Путина? МЕМЫ! / ОБЪЯСНЯЕМ				664376	Март 2024	111	2024-03-01	664376
3319	Пастуховская Кухня	618 567,0	117	112	+5	112	0	+2 600	На похоронах Кремль проиграл Навальному. Протест не убит. Пастуховская Кухня - Владимир Пастухов.				618567	Март 2024	112	2024-03-01	618567
3320	ОТДЕЛЬНАЯ ЦИВИЛИЗАЦИЯ	616 352,0	124	113	+11	113	0	-	💣РЕАКЦИЯ ЛЮДЕЙ НА ЧИП В ГОЛОВЕ. ИЛОН МАСК.ОПРОС 2024				616352	Март 2024	113	2024-03-01	616352
3321	Sergey Aleksashenko	602 764,0	130	114	+16	114	0	+1 000	Эльвира уходит. Когда и почему? @DmytriyGordon				602764	Март 2024	114	2024-03-01	602764
3322	Это Осетинская (Русские норм!)	600 280,0	134	115	+19	115	29631	+9 000	Как живет профессор Стэнфорда. Разговор с Ильей Стребулаевым в Кремниевой Долине				597317	Март 2024	115	2024-03-01	600280
3323	Илья Яшин	597 957,0	56	116	-60	116	0	+20 000	Мой друг Алексей Навальный				597957	Март 2024	116	2024-03-01	597957
3324	ГражданинЪ TV	596 065,0	113	117	-4	117	2494	+5 000	Теперь далеко отсюда. Похороны Навального. Послание Путина. Приговор Орлова. Украина и мир /Шлосберг				595816	Март 2024	117	2024-03-01	596065
3325	Холод	561 108,0	131	118	+13	118	29163	+5 000	«Смерти нет!»: фильм о похоронах Алексея Навального				558192	Март 2024	118	2024-03-01	561108
3326	Быть Или	528 367,0	142	119	+23	119	0	+5 000	Срочно! Лукашенко Стягивает Войска к Литве | Быть Или				528367	Март 2024	119	2024-03-01	528367
3327	Proekt_media	514 530,0	147	120	+27	120	81791	+7 000	Победа добра над нейтралитетом – как главный противник Путина отбирал у него сторонников				506351	Март 2024	120	2024-03-01	514530
3328	Сергей Пархоменко	509 146,0	108	121	-13	121	0	+1 000	Спецэфир на @khodorkovskylive. Теракт в Москве: стрельба и взрывы в «Крокус Сити»				509146	Март 2024	121	2024-03-01	509146
3329	Как теперь / проект ОВД-Инфо	498 784,0	125	122	+3	122	2669041	+8 600	КАК ТЕПЕРЬ Юлия Навальная, женские движения, артисты и взаимопомощь могут остановить войну				231880	Март 2024	122	2024-03-01	498784
3330	Нино Росебашвили	480 225,0	119	123	-4	123	0	+5 000	"""Это не рабство, это метод выживания"" ПАСТУХОВ про убийство Навального, мафию и будущее России"				480225	Март 2024	123	2024-03-01	480225
3331	Крым.Реалии	395 941,0	107	124	-17	124	1755552	+14 000	Оружие западных партнеров на фронте: какие проблемы ждут армию РФ? | Крым.Реалии ТВ				220386	Март 2024	124	2024-03-01	395941
3332	Форум свободной России	386 350,0	123	125	-2	125	165276	-	КРУТИХИН – о том, СКОЛЬКО ПРОДЕРЖИТСЯ РОССИЯ?				369822	Март 2024	125	2024-03-01	386350
3333	Lazarevatut	385 807,0	109	126	-17	126	102791	+5 000	Разуйте глазки, малыши! Эпизод 5				375528	Март 2024	126	2024-03-01	385807
3334	Рабкор	383 445,0	127	127	-	127	0	+1 000	ПОСЛАНИЕ ПУТИНА. Выборы президента. Похороны Навального // Олег Комолов				383445	Март 2024	127	2024-03-01	383445
3335	Кавказ.Реалии	361 605,0	101	128	-27	128	342346	+3 000	Стрельба в Ингушетии: боевики или сторонники независимости? | НОВОСТИ				327370	Март 2024	128	2024-03-01	361605
3336	Татьяна Фельгенгауэр	334 407,0	137	129	+8	129	0	+3 200	БТП: Почему ИГИЛ пришел в Крокус | Бизнес-империя Агаларовых | Связи с президентами | ЧОП				334407	Март 2024	129	2024-03-01	334407
3337	Леонид Волков	275 269,0	114	130	-16	130	0	+1 000	Так какой же настоящий результат Путина?				275269	Март 2024	130	2024-03-01	275269
3338	Parfenon	273 668,0	112	131	-19	131	17095	-	—				271958	Март 2024	131	2024-03-01	273668
3339	Сергей Бойко	268 045,0	141	132	+9	132	17050	+2 100	Теракт в «Крокусе». Ищем правду.				266340	Март 2024	132	2024-03-01	268045
3340	Виктор Шендерович	266 778,0	116	133	-17	133	0	-1 000	"ШЕНДЕРОВИЧ* - ""Переназначение Путина"", 70 лет КГБ, ""20 дней в Мариуполе"""				266778	Март 2024	133	2024-03-01	266778
3341	Страна и мир	239 243,0	135	134	+1	134	0	+1 100	Сергей Медведев: Чтобы понять Россию, достаточно прийти на кладбище				239243	Март 2024	134	2024-03-01	239243
3342	Фёдор Крашенинников	234 349,0	120	135	-15	135	76411	-	Второй фронт в Москве: удар в спину новоизбранному Путину I Федор Крашенинников ON AIR				226708	Март 2024	135	2024-03-01	234349
3343	Реалии	228 847,0	128	136	-8	136	915459	+5 000	Очереди против Путина. Итоги президентских выборов | Север.Реалии				137301	Март 2024	136	2024-03-01	228847
3344	MOUNT SHOW	145 707,0	136	137	-1	137	20618	-1 000	Россия после выборов / Ивлеева снова разделась / Медведев требует изничтожить стыдобу				143645	Март 2024	137	2024-03-01	145707
3345	Признаки жизни. Документальное кино Радио Свобода	115 102,0	103	138	-35	138	0	+2 000	Доносчики против табличек				115102	Март 2024	138	2024-03-01	115102
3346	Лиза Лазерсон	113 165,0	143	139	+4	139	0	+1 000	Демограф Алексей Ракша. «Мигранты не выгодны». «Война с Европой будет». «C*кса стало меньше».				113165	Март 2024	139	2024-03-01	113165
3347	НЕ МОЛЧУ	97 225,0	122	140	-18	140	961698	+6 000	—				1055	Март 2024	140	2024-03-01	97225
3348	Губин ON AIR	73 726,0	140	141	-1	141	0	-200	Акунин, Памук и рояль без пианиста. О том, почему России куда ближе Стамбул, чем Париж				73726	Март 2024	141	2024-03-01	73726
3349	Карен Шаинян	58 392,0	132	142	-10	142	2260	-	—				58166	Март 2024	142	2024-03-01	58392
3350	Эльвира Вихарева	58 118,0	129	143	-14	143	0	-300	Путин пренебрег важной для нас информацией. Нужно иметь смелость если ты против пыток-Колесников				58118	Март 2024	143	2024-03-01	58118
3351	Сергей Гуриев	29 629,0	138	144	-6	144	0	-2 000	Навальный				29629	Март 2024	144	2024-03-01	29629
3352	Радио Свобода Live	29 538,0	144	145	-1	145	0	+500	"Андрей Мовчан: ""Это противостояние цивилизации и варварства"" | Весь эфир"				29538	Март 2024	145	2024-03-01	29538
3353	НЕОРУЭЛЛ	26 017,0	139	146	-7	146	16735	+4 000	—				24343	Март 2024	146	2024-03-01	26017
3354	SLOT BALKAYMAK	93,0	Новое	147	Новое	147	932	-600	—				0	Март 2024	147	2024-03-01	93
3355	Masyanya Kuvaeva	0,0	133	148	-15	148	0	-	—				0	Март 2024	148	2024-03-01	0
3356	Varlamov News	0,0	148	149	-1	149	0	-3 000	—				0	Март 2024	149	2024-03-01	0
3357	Whalesplaining	0,0	145	150	-5	150	0	-	—				0	Март 2024	150	2024-03-01	0
3358	Дмитрий Гудков	0,0	149	151	-2	151	0	-300	—				0	Март 2024	151	2024-03-01	0
3359	Открытые медиа	0,0	150	152	-2	152	0	+2 000	—				0	Март 2024	152	2024-03-01	0
3360	Фактор	0,0	151	153		153	0	-200	—				0	Март 2024	153	2024-03-01	0
3361	ЦУРреализм	0,0	152	154		154	0	0	—				0	Март 2024	154	2024-03-01	0
3362	Телеканал Дождь	97 134 950,3	1	1	-	1	43918553	+150 000	https://www.youtube.com/watch?v=GGZ5HBUGEnQ				92743095	Февраль 2024	1	2024-02-01	97134950
3363	DW на русском	57 052 596,3	2	2	-	2	15890123	+90 000	https://www.youtube.com/watch?v=JMs3zpqPuuM				55463584	Февраль 2024	2	2024-02-01	57052596
3364	Максим Кац	32 535 010,0	8	3	+5	3	0	+60 000	https://www.youtube.com/watch?v=aml10DvOhTM				32535010	Февраль 2024	3	2024-02-01	32535010
3365	varlamov	32 119 610,0	5	4	+1	4	0	+60 000	https://www.youtube.com/watch?v=B-8njAvqHIw				32119610	Февраль 2024	4	2024-02-01	32119610
3366	Ходорковский LIVE	32 086 750,1	4	5	-1	5	19636891	+100 000	https://www.youtube.com/watch?v=pE2zdyEjm3k				30123061	Февраль 2024	5	2024-02-01	32086750
3367	NEXTA Live	31 358 269,9	20	6	+14	6	222919	+50 000	https://www.youtube.com/watch?v=Ym_k2BJupCg				31335978	Февраль 2024	6	2024-02-01	31358269
3368	Майкл Наки	24 328 167,0	7	7	-	7	0	+20 000	https://www.youtube.com/watch?v=e7_e5ESjsSI				24328167	Февраль 2024	7	2024-02-01	24328167
3369	Комсомольская Правда	24 090 481,2	34	8	+26	8	21685372	+100 000	https://www.youtube.com/watch?v=8BtWU_etyXk				21921944	Февраль 2024	8	2024-02-01	24090481
3370	Анатолий Шарий	23 399 777,0	9	9	-	9	0	+10 000	https://www.youtube.com/watch?v=GG8IUyvquGg				23399777	Февраль 2024	9	2024-02-01	23399777
3371	Популярная политика	23 320 120,5	10	10	-	10	21290205	+30 000	https://www.youtube.com/watch?v=nfaID9nyLis				21191100	Февраль 2024	10	2024-02-01	23320120
3372	Alexandr Plushev	23 030 912,3	22	11	+11	11	11348983	+60 000	https://www.youtube.com/watch?v=9zGMoE4LTlE				21896014	Февраль 2024	11	2024-02-01	23030912
3373	Живой Гвоздь	23 004 523,0	12	12	-	12	0	+20 000	https://www.youtube.com/watch?v=LhxdlTwvmZg				23004523	Февраль 2024	12	2024-02-01	23004523
3374	Обманутый Россиянин	22 819 957,0	6	13	-7	13	0	+20 000	https://www.youtube.com/watch?v=iTMkif0KFtg				22819957	Февраль 2024	13	2024-02-01	22819957
3375	Редакция	22 507 116,5	16	14	+2	14	176055	+40 000	https://www.youtube.com/watch?v=E9pZjz9EED4				22489511	Февраль 2024	14	2024-02-01	22507116
3376	Алексей Навальный	21 663 220,0	81	15	+66	15	0	+130 000	https://www.youtube.com/watch?v=RIrYWhjdK_o				21663220	Февраль 2024	15	2024-02-01	21663220
3377	Антон Хардин	21 374 650,0	18	16	+2	16	0	+20 000	https://www.youtube.com/watch?v=F0vsM80I0DI				21374650	Февраль 2024	16	2024-02-01	21374650
3378	Настоящее Время	19 971 944,4	3	17	-14	17	7300204	+20 000	https://www.youtube.com/watch?v=_lFxfVqOD7U				19241924	Февраль 2024	17	2024-02-01	19971944
3379	Навальный LIVE	17 629 840,2	36	18	+18	18	36669852	+110 000	https://www.youtube.com/watch?v=wO_sKNQFYp0				13962855	Февраль 2024	18	2024-02-01	17629840
3380	Alexey Arestovych	16 525 115,4	15	19	-4	19	16249614	+20 000	https://www.youtube.com/watch?v=lXIgYUW2XX0				14900154	Февраль 2024	19	2024-02-01	16525115
3381	ШАРФ	14 744 950,7	24	20	+4	20	27837	+10 000	https://www.youtube.com/watch?v=5jRwYEAQe-Y				14742167	Февраль 2024	20	2024-02-01	14744950
3382	Юрий Швец -- официальный канал	13 985 942,3	17	21	-4	21	253743	+30 000	https://www.youtube.com/watch?v=b40EtfomoTI				13960568	Февраль 2024	21	2024-02-01	13985942
3383	Euronews по-русски	13 421 840,0	11	22	-11	22	0	+20 000	https://www.youtube.com/watch?v=MrJqMa_Yowc				13421840	Февраль 2024	22	2024-02-01	13421840
3384	Осторожно: Собчак	13 353 523,6	27	23	+4	23	6048986	+40 000	https://www.youtube.com/watch?v=l4wysNWjBQo				12748625	Февраль 2024	23	2024-02-01	13353523
3385	Volodymyr Zolkin	12 976 326,9	19	24	-5	24	8238209	+30 000	https://www.youtube.com/watch?v=n1ZXh6fhf8g				12152506	Февраль 2024	24	2024-02-01	12976326
3386	ФЕЙГИН LIVE	12 349 690,9	21	25	-4	25	3259	+10 000	https://www.youtube.com/watch?v=ClLBxzcBGAk				12349365	Февраль 2024	25	2024-02-01	12349690
3387	ВОТ ТАК	12 127 817,3	13	26	-13	26	803233	+20 000	https://www.youtube.com/watch?v=bgf54XZ9DSw				12047494	Февраль 2024	26	2024-02-01	12127817
3388	Радио Свобода	11 989 267,4	14	27	-13	27	14979484	+50 000	https://www.youtube.com/watch?v=dzvWDx9WCZw				10491319	Февраль 2024	27	2024-02-01	11989267
3389	МИНАЕВ LIVE	10 277 568,0	32	28	+4	28	0	+150 000	https://www.youtube.com/watch?v=TsOQLsOARO0				10277568	Февраль 2024	28	2024-02-01	10277568
3390	Юрий ВЕЛИКИЙ	10 243 377,3	Новое	29	Новое	29	4118173	+30 000	https://www.youtube.com/watch?v=-_W9KwvEJ2Q				9831560	Февраль 2024	29	2024-02-01	10243377
3391	Александр Невзоров	9 995 819,8	26	30	-4	30	2537578	+10 000	https://www.youtube.com/watch?v=-UDdfLg10Tw				9742062	Февраль 2024	30	2024-02-01	9995819
3392	Екатерина Шульман	9 579 978,0	28	31	-3	31	0	+30 000	https://www.youtube.com/watch?v=VwWhRN_QzZc				9579978	Февраль 2024	31	2024-02-01	9579978
3393	RTVI Новости	9 142 192,0	38	32	+6	32	0	+20 000	https://www.youtube.com/watch?v=cpbqmC_PikU				9142192	Февраль 2024	32	2024-02-01	9142192
3394	И Грянул Грэм	8 449 045,0	23	33	-10	33	0	+4 000	https://www.youtube.com/watch?v=56tdNphLIM0				8449045	Февраль 2024	33	2024-02-01	8449045
3395	Yulia Latynina	8 326 482,9	33	34	-1	34	333229	+8 000	https://www.youtube.com/watch?v=gj6fEdFeCv0				8293160	Февраль 2024	34	2024-02-01	8326482
3396	Евгений Чичваркин	7 873 115,8	79	35	+44	35	1996568	+29 000	https://www.youtube.com/watch?v=syFIqH3GDSI				7673459	Февраль 2024	35	2024-02-01	7873115
3397	Голос Америки	7 516 494,2	25	36	-11	36	223842	+32 000	https://www.youtube.com/watch?v=h-eDm5OoTNQ				7494110	Февраль 2024	36	2024-02-01	7516494
3398	Настоящее Время. Сюжеты	7 511 000,1	45	37	+8	37	668991	+26 000	https://www.youtube.com/watch?v=ly1Mw2Ta9lo				7444101	Февраль 2024	37	2024-02-01	7511000
3399	Настоящее Время. Док	7 365 251,8	44	38	+6	38	29479528	+70 000	https://www.youtube.com/watch?v=vVFx8GcxNqw				4417299	Февраль 2024	38	2024-02-01	7365251
3400	Продолжение следует	7 231 303,1	31	39	-8	39	15805321	+68 000	https://www.youtube.com/watch?v=cFFSkEZU-iI				5650771	Февраль 2024	39	2024-02-01	7231303
3401	sotavision	6 816 849,9	29	40	-11	40	13348309	+30 000	https://www.youtube.com/watch?v=dENajTGZH6s				5482019	Февраль 2024	40	2024-02-01	6816849
3402	Радио Свобода. Новости	6 652 980,9	63	41	+22	41	8806309	+47 000	https://www.youtube.com/watch?v=B6d_Lp1EFnU				5772350	Февраль 2024	41	2024-02-01	6652980
3403	Константин Сёмин	6 509 847,6	42	42	-	42	187366	+5 000	https://www.youtube.com/watch?v=WP2AI5Ue8yo				6491111	Февраль 2024	42	2024-02-01	6509847
3404	BBC News - Русская служба	6 413 414,4	39	43	-4	43	1370094	+40 000	https://www.youtube.com/watch?v=6YvSBXcahZM				6276405	Февраль 2024	43	2024-02-01	6413414
3405	НО.Медиа из России	6 222 353,6	89	44	+45	44	4668786	+34 000	https://www.youtube.com/watch?v=ULiC6EFiCug				5755475	Февраль 2024	44	2024-02-01	6222353
3406	The Люди	5 723 579,0	30	45	-15	45	0	+30 000	https://www.youtube.com/watch?v=PkQFAds1-zI				5723579	Февраль 2024	45	2024-02-01	5723579
3407	Newsader	5 553 569,0	49	46	+3	46	0	+2 000	https://www.youtube.com/watch?v=mAPkBcH2QqU				5553569	Февраль 2024	46	2024-02-01	5553569
3408	вДудь	5 364 214,0	46	47	-1	47	0	-	https://www.youtube.com/watch?v=ZBB93GUQ8rs				5364214	Февраль 2024	47	2024-02-01	5364214
3409	Александр Балу	5 257 722,0	35	48	-13	48	0	+1 000	https://www.youtube.com/watch?v=UuQC3llIB-Q				5257722	Февраль 2024	48	2024-02-01	5257722
3410	ЭМПАТИЯ МАНУЧИ	5 126 664,3	95	49	+46	49	39823	+50 000	https://www.youtube.com/watch?v=ROzE9wKkZTI				5122682	Февраль 2024	49	2024-02-01	5126664
3411	Евгений Киселёв	5 048 169,0	55	50	+5	50	0	+7 000	https://www.youtube.com/watch?v=u7hZ3x9FXQc				5048169	Февраль 2024	50	2024-02-01	5048169
3412	Denis Kazanskyi	4 884 431,0	40	51	-11	51	148720	-1 000	https://www.youtube.com/watch?v=nNBfit4D8ms				4869559	Февраль 2024	51	2024-02-01	4884431
3413	Игорь Яковенко	4 523 304,0	43	52	-9	52	0	+4 000	https://www.youtube.com/watch?v=_AhPkmZpcsg				4523304	Февраль 2024	52	2024-02-01	4523304
3414	aftershock.news	4 342 963,0	37	53	-16	53	0	-2 000	https://www.youtube.com/watch?v=6jkMxCWeni0				4342963	Февраль 2024	53	2024-02-01	4342963
3415	Дневник Депутата	3 929 510,3	56	54	+2	54	1403	+10 000	https://www.youtube.com/watch?v=wUNL7dIKlMw				3929370	Февраль 2024	54	2024-02-01	3929510
3416	Послезавтра	3 809 715,9	58	55	+3	55	19874339	+60 000	https://www.youtube.com/watch?v=-G8Ekvx8rKI				1822282	Февраль 2024	55	2024-02-01	3809715
3417	Илья Яшин	3 786 012,0	133	56	+77	56	0	+50 000	https://www.youtube.com/watch?v=S3klCi5ZcZQ				3786012	Февраль 2024	56	2024-02-01	3786012
3418	Новости СВЕРХДЕРЖАВЫ	3 783 801,0	51	57	-6	57	0	-	https://www.youtube.com/watch?v=26Wv2bNcx6g				3783801	Февраль 2024	57	2024-02-01	3783801
3419	Валерий Соловей	3 775 958,0	41	58	-17	58	0	-	https://www.youtube.com/watch?v=47jycq368sc				3775958	Февраль 2024	58	2024-02-01	3775958
3420	Медиазона	3 428 655,0	126	59	+67	59	0	+16 000	https://www.youtube.com/watch?v=2FNWMPyygFM				3428655	Февраль 2024	59	2024-02-01	3428655
3421	Белковский	3 366 510,0	60	60	-	60	3997380	+19 000	https://www.youtube.com/watch?v=-lqgto9LIbs				2966772	Февраль 2024	60	2024-02-01	3366510
3422	Скажи Гордеевой	3 354 669,2	59	61	-2	61	1727032	-	â€”				3181966	Февраль 2024	61	2024-02-01	3354669
3423	Сергей Ауслендер	3 307 466,3	48	62	-14	62	215033	+15 000	https://www.youtube.com/watch?v=3Em7qM42_0Q				3285963	Февраль 2024	62	2024-02-01	3307466
3424	Meduza	3 150 197,0	71	63	+8	63	0	+11 000	https://www.youtube.com/watch?v=Quov2VlDt_U				3150197	Февраль 2024	63	2024-02-01	3150197
3425	Объектив	3 053 306,0	70	64	+6	64	0	+9 000	https://www.youtube.com/watch?v=gR13INXwhF8				3053306	Февраль 2024	64	2024-02-01	3053306
3426	Руслан Усачев	3 036 347,8	99	65	+34	65	65268	-10 000	https://www.youtube.com/watch?v=MWaMBwyPZjs				3029821	Февраль 2024	65	2024-02-01	3036347
3427	Tamara Eidelman	2 982 330,7	57	66	-9	66	2173317	+30 000	https://www.youtube.com/watch?v=k7z9OMomNkY				2764999	Февраль 2024	66	2024-02-01	2982330
3428	varlamov moments	2 980 942,0	72	67	+5	67	0	+17 000	https://www.youtube.com/watch?v=mQ1j8d54KBE				2980942	Февраль 2024	67	2024-02-01	2980942
3429	Самый сок 2	2 774 627,0	53	68	-15	68	0	-1 000	https://www.youtube.com/watch?v=F3CwgIhVXaw				2774627	Февраль 2024	68	2024-02-01	2774627
3430	BILD на русском	2 772 609,8	64	69	-5	69	117108	+6 000	https://www.youtube.com/watch?v=2o_ROK9iMpw				2760899	Февраль 2024	69	2024-02-01	2772609
3431	Клим Жуков	2 746 516,0	50	70	-20	70	0	+11 000	https://www.youtube.com/watch?v=93wyo4U4V5E				2746516	Февраль 2024	70	2024-02-01	2746516
3432	Евгений Ступин	2 684 180,9	67	71	-4	71	13925109	+35 000	https://www.youtube.com/watch?v=sMzq3DJFMKY				1291670	Февраль 2024	71	2024-02-01	2684180
3433	РОЙ ТВ	2 674 339,0	97	72	+25	72	0	+11 000	https://www.youtube.com/watch?v=tduVrTr70v0				2674339	Февраль 2024	72	2024-02-01	2674339
3434	Максим Шевченко	2 615 949,4	66	73	-7	73	115294	+6 000	https://www.youtube.com/watch?v=3ak3sO9tc_o				2604420	Февраль 2024	73	2024-02-01	2615949
3435	Колезев	2 507 772,3	54	74	-20	74	9062053	+19 000	https://www.youtube.com/watch?v=KOTdPM1M84o				1601567	Февраль 2024	74	2024-02-01	2507772
3436	The Insider	2 504 288,4	87	75	+12	75	988824	+16 000	https://www.youtube.com/watch?v=QD7Hs2K9uXg				2405406	Февраль 2024	75	2024-02-01	2504288
3437	Гулагу-нет Официальный канал	2 379 311,7	61	76	-15	76	18627	+17 000	https://www.youtube.com/watch?v=HAo05h9vyhM				2377449	Февраль 2024	76	2024-02-01	2379311
3438	Новая газета Европа	2 301 864,7	75	77	-2	77	2086787	+16 000	https://www.youtube.com/watch?v=TPqb_64ulKQ				2093186	Февраль 2024	77	2024-02-01	2301864
3439	Утро Февраля	2 253 974,5	103	78	+25	78	2616105	+8 000	https://www.youtube.com/watch?v=LOAiMjTns8Y				1992364	Февраль 2024	78	2024-02-01	2253974
3440	TV2media	2 175 838,7	80	79	+1	79	4358137	+20 000	https://www.youtube.com/watch?v=OvIUik3tgQQ				1740025	Февраль 2024	79	2024-02-01	2175838
3441	The Insider Live	2 034 107,0	108	80	+28	80	0	+14 200	https://www.youtube.com/watch?v=3No5bnwBaSw				2034107	Февраль 2024	80	2024-02-01	2034107
3442	Михаил Ходорковский	1 913 919,6	65	81	-16	81	224556	-	https://www.youtube.com/watch?v=7hkMWKz5Gic				1891464	Февраль 2024	81	2024-02-01	1913919
3443	А поговорить?	1 883 369,0	62	82	-20	82	0	+20 000	https://www.youtube.com/watch?v=nbSiXCAA2XI				1883369	Февраль 2024	82	2024-02-01	1883369
3444	VOX POP	1 815 054,9	78	83	-5	83	18150549	+37 000	â€”				0	Февраль 2024	83	2024-02-01	1815054
3445	Mark Solonin	1 751 973,0	47	84	-37	84	0	+4 000	https://www.youtube.com/watch?v=Ba7uKoRExas				1751973	Февраль 2024	84	2024-02-01	1751973
3446	БАРМАЛЕЙКА	1 728 983,0	69	85	-16	85	0	-	https://www.youtube.com/watch?v=rxu7qU_7Qqg				1728983	Февраль 2024	85	2024-02-01	1728983
3447	Андрей Пионтковский	1 717 840,0	68	86	-18	86	0	+2 000	https://www.youtube.com/watch?v=vnTw4g0--TI				1717840	Февраль 2024	86	2024-02-01	1717840
3448	Острый Угол	1 513 937,9	105	87	+18	87	849959	+15 000	https://www.youtube.com/watch?v=qXm7FdC0GIo				1428942	Февраль 2024	87	2024-02-01	1513937
3449	Ксения Ларина	1 509 193,8	90	88	+2	88	18038	+4 000	https://www.youtube.com/watch?v=BFKgf3Ud3o8				1507390	Февраль 2024	88	2024-02-01	1509193
3450	Адекватный Русский	1 492 126,3	74	89	-15	89	14921263	+24 000	â€”				0	Февраль 2024	89	2024-02-01	1492126
3451	Маша Борзунова	1 461 919,0	86	90	-4	90	0	+6 000	https://www.youtube.com/watch?v=ZWhZcqezr_w				1461919	Февраль 2024	90	2024-02-01	1461919
3452	Простые числа	1 433 369,9	88	91	-3	91	16099	+5 000	https://www.youtube.com/watch?v=v4DYh8WsNdM				1431760	Февраль 2024	91	2024-02-01	1433369
3453	МЫР — My Russian Rights — MRR	1 427 950,3	112	92	+20	92	20283	+6 900	https://www.youtube.com/watch?v=vvQIMWvo9rc				1425922	Февраль 2024	92	2024-02-01	1427950
3454	Антонов такой Антонов	1 345 395,6	52	93	-41	93	1583486	+11 000	https://www.youtube.com/watch?v=6noW9cI9nIY				1187047	Февраль 2024	93	2024-02-01	1345395
3455	Заповедник	1 264 344,6	83	94	-11	94	461026	-10 000	https://www.youtube.com/watch?v=y7FYYyacEcE				1218242	Февраль 2024	94	2024-02-01	1264344
3456	Набутовы	1 221 430,5	98	95	+3	95	3945555	+13 000	https://www.youtube.com/watch?v=62Y2OcR8gqs				826875	Февраль 2024	95	2024-02-01	1221430
3457	Владимир Милов	1 198 591,0	118	96	+22	96	0	+6 000	https://www.youtube.com/watch?v=NdyZgMCcxL8				1198591	Февраль 2024	96	2024-02-01	1198591
3458	Ищем Выход	1 036 530,3	94	97	-3	97	147303	+1 000	https://www.youtube.com/watch?v=W9NvbbpwBj4				1021800	Февраль 2024	97	2024-02-01	1036530
3459	Матвей Ганапольский	989 527,0	111	98	+13	98	0	+1 200	https://www.youtube.com/watch?v=GWZuF2dCBs4				989527	Февраль 2024	98	2024-02-01	989527
3460	Важные истории	961 892,1	73	99	-26	99	2643501	+20 000	https://www.youtube.com/watch?v=iujfnx0FzxI				697542	Февраль 2024	99	2024-02-01	961892
3461	Котрикадзе Дзядко	960 949,0	100	100	-	100	0	+3 000	https://www.youtube.com/watch?v=6P7aavGN9Zo				960949	Февраль 2024	100	2024-02-01	960949
3462	Кавказ.Реалии	935 488,6	84	101	-17	101	927036	+4 000	https://www.youtube.com/watch?v=atPG9E4cRv4				842785	Февраль 2024	101	2024-02-01	935488
3463	НЕ ПЕРВЫЙ КАНАЛ	921 731,0	77	102	-25	102	0	-1 000	https://www.youtube.com/watch?v=FqMy_PY8JBI				921731	Февраль 2024	102	2024-02-01	921731
3464	Признаки жизни. Документальное кино Радио Свобода	918 337,0	85	103	-18	103	0	+6 000	https://www.youtube.com/watch?v=lk9VwTRnisg				918337	Февраль 2024	103	2024-02-01	918337
3465	Oleg Kashin	904 796,0	113	104	+9	104	0	+3 900	https://www.youtube.com/watch?v=uMccWrHyNMU				904796	Февраль 2024	104	2024-02-01	904796
3466	SVTV	902 884,9	119	105	+14	105	155089	+3 000	https://www.youtube.com/watch?v=sZFz-wgPLVc				887376	Февраль 2024	105	2024-02-01	902884
3467	ЗЫГАРЬ	886 752,0	114	106	+8	106	14530	+27 000	â€”				885299	Февраль 2024	106	2024-02-01	886752
3468	Крым.Реалии	871 557,6	101	107	-6	107	117746	+8 000	https://www.youtube.com/watch?v=nA_sDjfVoW8				859783	Февраль 2024	107	2024-02-01	871557
3469	Сергей Пархоменко	867 933,0	125	108	+17	108	0	+7 000	https://www.youtube.com/watch?v=7Xr8SXW_R2E				867933	Февраль 2024	108	2024-02-01	867933
3470	Lazarevatut	844 111,5	147	109	+38	109	779765	+25 000	https://www.youtube.com/watch?v=5F9PU7n-wdg				766135	Февраль 2024	109	2024-02-01	844111
3471	Александр Штефанов	821 527,0	117	110	+7	110	0	+19 000	https://www.youtube.com/watch?v=Bw8FyQr5kkQ				821527	Февраль 2024	110	2024-02-01	821527
3472	Любовь Соболь	812 855,0	92	111	-19	111	34920	+2 000	https://www.youtube.com/watch?v=VbOqN-S6McQ				809363	Февраль 2024	111	2024-02-01	812855
3473	Parfenon	785 993,9	121	112	+9	112	166819	+10 000	https://www.youtube.com/watch?v=HI6fMVONBkM				769312	Февраль 2024	112	2024-02-01	785993
3474	ГражданинЪ TV	698 718,1	130	113	+17	113	1941	+6 400	https://www.youtube.com/watch?v=Nw4dYJFk93Q				698524	Февраль 2024	113	2024-02-01	698718
3475	Леонид Волков	694 661,0	110	114	-4	114	0	+5 000	https://www.youtube.com/watch?v=cTJkmevOUl4				694661	Февраль 2024	114	2024-02-01	694661
3476	SOBOLEV	670 633,0	76	115	-39	115	0	-	https://www.youtube.com/watch?v=MC1CxPMkcvM				670633	Февраль 2024	115	2024-02-01	670633
3477	Виктор Шендерович	584 597,0	93	116	-23	116	0	+1 000	https://www.youtube.com/watch?v=dnCHQagvHO8				584597	Февраль 2024	116	2024-02-01	584597
3478	Пастуховская Кухня	536 040,0	122	117	+5	117	0	+1 700	https://www.youtube.com/watch?v=HLxyCEEoQLs				536040	Февраль 2024	117	2024-02-01	536040
3479	Forbes	530 129,4	116	118	-2	118	1497954	+17 000	https://www.youtube.com/watch?v=7khGmeERzI0				380334	Февраль 2024	118	2024-02-01	530129
3480	Нино Росебашвили	458 767,0	91	119	-28	119	0	+4 000	https://www.youtube.com/watch?v=bkyUllzu2t8				458767	Февраль 2024	119	2024-02-01	458767
3481	Фёдор Крашенинников	455 308,7	128	120	+8	120	74257	+2 100	https://www.youtube.com/watch?v=RgH7xuayb_E				447883	Февраль 2024	120	2024-02-01	455308
3482	Yevgenia Albats	452 171,7	120	121	-1	121	15997	+2 000	https://www.youtube.com/watch?v=eQmPZ0lJnpM				450572	Февраль 2024	121	2024-02-01	452171
3483	НЕ МОЛЧУ	441 925,8	129	122	+7	122	4296528	+5 000	https://www.youtube.com/watch?v=kf5Mh52j9ho				12273	Февраль 2024	122	2024-02-01	441925
3484	Форум свободной России	415 981,5	115	123	-8	123	10265	+1 000	https://www.youtube.com/watch?v=dEaeJyq1OJ4				414955	Февраль 2024	123	2024-02-01	415981
3485	ОТДЕЛЬНАЯ ЦИВИЛИЗАЦИЯ	394 110,0	109	124	-15	124	0	-1 000	â€”				394110	Февраль 2024	124	2024-02-01	394110
3486	Как теперь / проект ОВД-Инфо	382 586,9	82	125	-43	125	389199	+6 800	https://www.youtube.com/watch?v=7667hHooyzI				343667	Февраль 2024	125	2024-02-01	382586
3487	ШЕПЕЛИН	366 007,0	132	126	+6	126	0	+1 000	https://www.youtube.com/watch?v=TxXKl6KcraU				366007	Февраль 2024	126	2024-02-01	366007
3488	Рабкор	343 062,0	123	127	-4	127	0	+1 000	https://www.youtube.com/watch?v=Xg8cfflIEdw				343062	Февраль 2024	127	2024-02-01	343062
3489	Реалии	338 413,1	136	128	+8	128	368861	+4 000	https://www.youtube.com/watch?v=XtQWR5271DY				301527	Февраль 2024	128	2024-02-01	338413
3490	Эльвира Вихарева	337 042,0	139	129	+10	129	0	+2 100	https://www.youtube.com/watch?v=BwayOS-cs1M				337042	Февраль 2024	129	2024-02-01	337042
3491	Sergey Aleksashenko	334 875,0	96	130	-34	130	0	-	https://www.youtube.com/watch?v=pHL7StMbvI4				334875	Февраль 2024	130	2024-02-01	334875
3492	Холод	304 003,2	124	131	-7	131	436712	+3 000	https://www.youtube.com/watch?v=ighk7wBo3p8				260332	Февраль 2024	131	2024-02-01	304003
3493	Карен Шаинян	186 146,0	137	132	+5	132	105330	-	https://www.youtube.com/watch?v=jW9vlVdtbfU				175613	Февраль 2024	132	2024-02-01	186146
3494	Masyanya Kuvaeva	179 412,0	107	133	-26	133	0	-	â€”				179412	Февраль 2024	133	2024-02-01	179412
3495	Это Осетинская (Русские норм!)	163 384,9	102	134	-32	134	38779	+1 000	https://www.youtube.com/watch?v=CtevbB1j47E				159507	Февраль 2024	134	2024-02-01	163384
3496	Страна и мир	151 052,0	135	135	-	135	0	+300	https://www.youtube.com/watch?v=EBYYFxY1N1w				151052	Февраль 2024	135	2024-02-01	151052
3497	MOUNT SHOW	128 995,0	146	136	+10	136	0	-	https://www.youtube.com/watch?v=ULqz3bNslVc				128995	Февраль 2024	136	2024-02-01	128995
3498	Татьяна Фельгенгауэр	123 460,0	141	137	+4	137	0	+500	https://www.youtube.com/watch?v=Q_vRsfHA1kE				123460	Февраль 2024	137	2024-02-01	123460
3499	Сергей Гуриев	114 352,0	142	138	+4	138	0	-1 000	https://www.youtube.com/watch?v=oFu6ma_CxSQ				114352	Февраль 2024	138	2024-02-01	114352
3500	НЕОРУЭЛЛ	94 505,0	106	139	-33	139	0	+9 000	https://www.youtube.com/watch?v=qAUKJ6R6OyE				94505	Февраль 2024	139	2024-02-01	94505
3501	Губин ON AIR	78 969,0	134	140	-6	140	0	-100	https://www.youtube.com/watch?v=MrUEGxCHDmM				78969	Февраль 2024	140	2024-02-01	78969
3502	Сергей Бойко	78 200,0	127	141	-14	141	0	+700	https://www.youtube.com/watch?v=d74GH7DwgUI				78200	Февраль 2024	141	2024-02-01	78200
3503	Быть Или	38 257,0	104	142	-38	142	0	-1 000	â€”				38257	Февраль 2024	142	2024-02-01	38257
3504	Лиза Лазерсон	33 191,0	140	143	-3	143	0	+100	â€”				33191	Февраль 2024	143	2024-02-01	33191
3505	Радио Свобода Live	27 368,0	143	144	-1	144	0	+600	https://www.youtube.com/watch?v=DjyhgT2Qo9A				27368	Февраль 2024	144	2024-02-01	27368
3506	Whalesplaining	14 531,0	138	145	-7	145	0	-	â€”				14531	Февраль 2024	145	2024-02-01	14531
3507	GOP CONNECT	1 571,0	131	146	-15	146	0	-1 200	â€”				1571	Февраль 2024	146	2024-02-01	1571
3508	Proekt_media	109,2	144	147	-3	147	1092	+4 000	â€”				0	Февраль 2024	147	2024-02-01	109
3509	Varlamov News	0,0	152	148	+4	148	0	-3 000	â€”				0	Февраль 2024	148	2024-02-01	0
3510	Дмитрий Гудков	0,0	151	149	+2	149	0	-100	â€”				0	Февраль 2024	149	2024-02-01	0
3511	Открытые медиа	0,0	150	150	-	150	0	-	â€”				0	Февраль 2024	150	2024-02-01	0
3512	Фактор	0,0	149	151	-2	151	0	-200	â€”				0	Февраль 2024	151	2024-02-01	0
3513	ЦУРреализм	0,0	148	152	-4	152	0	-100	â€”				0	Февраль 2024	152	2024-02-01	0
3514	Телеканал Дождь	53 423 551		1		1	8 954 335	40 000		282 135	2 046 244	184	52 528 117	Январь 2024	1	2024-01-01	53423551
3515	DW на русском	37 655 706		2		2	6 796 617	70 000		52 826	468 155	259	36 976 044	Январь 2024	2	2024-01-01	37655706
3516	Настоящее Время	33 726 433		3		3	19 158 581	110 000		185 330	779 064	101	31 810 575	Январь 2024	3	2024-01-01	33726433
3517	Ходорковский LIVE	31 187 749		4		4	8 841 576	50 000		207 009	2 116 607	264	30 303 591	Январь 2024	4	2024-01-01	31187749
3518	varlamov	28 676 523		5		5	0	60 000		113 791	775 117	15	28 676 523	Январь 2024	5	2024-01-01	28676523
3519	Обманутый Россиянин	25 670 599		6		6	0	20 000		210 761	2 487 372	26	25 670 599	Январь 2024	6	2024-01-01	25670599
3520	Майкл Наки	25 171 219		7		7	0	10 000		162 197	2 279 328	53	25 171 219	Январь 2024	7	2024-01-01	25171219
3521	Максим Кац	24 366 040		8		8	0	30 000		157 423	1 783 417	31	24 366 040	Январь 2024	8	2024-01-01	24366040
3522	Анатолий Шарий	24 073 630		9		9	0	0		0	758 813	32	24 073 630	Январь 2024	9	2024-01-01	24073630
3523	Популярная политика	22 120 636		10		10	15 442 698	40 000		162 330	2 123 566	438	20 576 366	Январь 2024	10	2024-01-01	22120636
3524	Euronews по-русски	20 771 996		11		11	0	20 000		153 556	176 279	564	20 771 996	Январь 2024	11	2024-01-01	20771996
3525	Живой Гвоздь	20 213 137		12		12	26 631	20 000		74 726	933 553	178	20 210 474	Январь 2024	12	2024-01-01	20213137
3526	ВОТ ТАК	17 643 298		13		13	574 480	20 000		92 624	398 512	150	17 585 850	Январь 2024	13	2024-01-01	17643298
3527	Радио Свобода	16 124 521		14		14	23 811 831	90 000		122 008	928 461	185	13 743 338	Январь 2024	14	2024-01-01	16124521
3528	Alexey Arestovych	16 040 935		15		15	14 231 401	10 000		124 639	838 405	88	14 617 795	Январь 2024	15	2024-01-01	16040935
3529	Редакция	14 693 619		16		16	31 892	30 000		41 386	411 265	11	14 690 430	Январь 2024	16	2024-01-01	14693619
3530	Юрий Швец -- официальный канал	14 563 076		17		17	0	0		54 611	1 407 082	22	14 563 076	Январь 2024	17	2024-01-01	14563076
3531	Антон Хардин	13 411 431		18		18	0	10 000		127 463	1 347 609	23	13 411 431	Январь 2024	18	2024-01-01	13411431
3532	Volodymyr Zolkin	13 071 635		19		19	6 596 113	70 000		121 165	1 102 006	33	12 412 024	Январь 2024	19	2024-01-01	13071635
3533	NEXTA Live	11 403 989		20		20	64 530	0		57 045	1 091 418	75	11 397 536	Январь 2024	20	2024-01-01	11403989
3534	ФЕЙГИН LIVE	10 803 759		21		21	58 434	-20 000		27 110	1 357 926	31	10 797 916	Январь 2024	21	2024-01-01	10803759
3535	Alexandr Plushev	10 439 988		22		22	2 057 553	32 000		57 478	931 843	138	10 234 233	Январь 2024	22	2024-01-01	10439988
3536	И Грянул Грэм	10 042 611		23		23	0	12 000		42 975	506 260	124	10 042 611	Январь 2024	23	2024-01-01	10042611
3537	ШАРФ	9 681 886		24		24	219 066	2 000		95 762	1 077 911	34	9 659 979	Январь 2024	24	2024-01-01	9681886
3538	Голос Америки	8 117 394		25		25	94 872	26 000		22 917	69 693	119	8 107 907	Январь 2024	25	2024-01-01	8117394
3539	Александр Невзоров	7 861 388		26		26	329 244	0		40 482	714 786	24	7 828 464	Январь 2024	26	2024-01-01	7861388
3540	Осторожно: Собчак	7 838 533		27		27	2 753 120	30 000		56 236	208 631	18	7 563 221	Январь 2024	27	2024-01-01	7838533
3541	Екатерина Шульман	7 201 358		28		28	0	10 000		25 599	451 092	13	7 201 358	Январь 2024	28	2024-01-01	7201358
3542	sotavision	6 976 490		29		29	3 638 358	23 000		134 163	375 104	95	6 612 654	Январь 2024	29	2024-01-01	6976490
3543	The Люди	6 915 823		30		30	0	50 000		19 539	173 782	5	6 915 823	Январь 2024	30	2024-01-01	6915823
3544	Продолжение следует	6 809 168		31		31	12 525 235	58 000		60 820	757 757	91	5 556 644	Январь 2024	31	2024-01-01	6809168
3545	МИНАЕВ LIVE	6 762 800		32		32	0	100 000		12 903	252 169	6	6 762 800	Январь 2024	32	2024-01-01	6762800
3546	Yulia Latynina	6 599 915		33		33	467 632	-5 000		38 469	363 377	63	6 553 152	Январь 2024	33	2024-01-01	6599915
3547	Комсомольская Правда	6 570 138		34		34	13 886 806	50 000		49 384	1 088 172	315	5 181 457	Январь 2024	34	2024-01-01	6570138
3548	Александр Балу	6 536 207		35		35	0	3 000		42 186	810 278	26	6 536 207	Январь 2024	35	2024-01-01	6536207
3549	Навальный LIVE	6 398 522		36		36	14 483 312	10 000		88 308	832 019	115	4 950 191	Январь 2024	36	2024-01-01	6398522
3550	aftershock.news	6 177 552		37		37	0	3 000		26 900	595 588	51	6 177 552	Январь 2024	37	2024-01-01	6177552
3551	RTVI Новости	5 649 010		38		38	0	20 000		27 928	74 864	59	5 649 010	Январь 2024	38	2024-01-01	5649010
3552	BBC News - Русская служба	5 614 737		39		39	3 383	40 000		44 982	106 112	42	5 614 399	Январь 2024	39	2024-01-01	5614737
3553	Denis Kazanskyi	5 611 583		40		40	33 646	0		66 940	1 010 232	42	5 608 218	Январь 2024	40	2024-01-01	5611583
3554	Валерий Соловей	4 850 723		41		41	0	0		16 638	221 511	16	4 850 723	Январь 2024	41	2024-01-01	4850723
3555	Константин Сёмин	4 848 450		42		42	241 347	0		40 243	371 836	29	4 824 315	Январь 2024	42	2024-01-01	4848450
3556	Игорь Яковенко	4 312 822		43		43	0	3 000		31 874	567 689	124	4 312 822	Январь 2024	43	2024-01-01	4312822
3557	Настоящее Время. Док	4 193 024		44		44	13 657 322	50 000		28 382	435 445	51	2 827 292	Январь 2024	44	2024-01-01	4193024
3558	Настоящее Время. Сюжеты	4 041 153		45		45	9 656 869	48 000		32 851	338 905	35	3 075 466	Январь 2024	45	2024-01-01	4041153
3559	вДудь	3 918 804		46		46	0	0		13 453	124 251	1	3 918 804	Январь 2024	46	2024-01-01	3918804
3560	Mark Solonin	3 893 156		47		47	0	11 000		51 556	348 296	12	3 893 156	Январь 2024	47	2024-01-01	3893156
3561	Сергей Ауслендер	3 640 774		48		48	400 468	12 000		45 788	752 945	55	3 600 727	Январь 2024	48	2024-01-01	3640774
3562	Newsader	3 511 104		49		49	0	-3 000		22 605	479 247	56	3 511 104	Январь 2024	49	2024-01-01	3511104
3563	Клим Жуков	3 224 610		50		50	0	14 000		17 398	137 165	9	3 224 610	Январь 2024	50	2024-01-01	3224610
3564	Новости СВЕРХДЕРЖАВЫ	3 167 953		51		51	0	0		31 310	406 196	21	3 167 953	Январь 2024	51	2024-01-01	3167953
3565	Антонов такой Антонов	3 104 793		52		52	722 081	22 000		17 530	210 090	15	3 032 585	Январь 2024	52	2024-01-01	3104793
3566	Самый сок 2	3 098 552		53		53	0	-2 000		12 893	574 796	53	3 098 552	Январь 2024	53	2024-01-01	3098552
3567	Колезев	3 048 731		54		54	751 299	24 000		32 411	123 459	19	2 973 601	Январь 2024	54	2024-01-01	3048731
3568	Евгений Киселёв	2 967 654		55		55	0	4 000		19 375	211 625	61	2 967 654	Январь 2024	55	2024-01-01	2967654
3569	Дневник Депутата	2 819 932		56		56	76 809	10 000		37 122	265 505	13	2 812 251	Январь 2024	56	2024-01-01	2819932
3570	Tamara Eidelman	2 815 765		57		57	3 774 514	30 000		12 840	366 473	36	2 438 314	Январь 2024	57	2024-01-01	2815765
3571	Послезавтра	2 731 276		58		58	20 325 096	60 000		13 939	1 023 894	16	698 766	Январь 2024	58	2024-01-01	2731276
3572	Скажи Гордеевой	2 684 818		59		59	2 222 984	20 000		20 674	124 750	7	2 462 520	Январь 2024	59	2024-01-01	2684818
3573	Белковский	2 677 635		60		60	746 255	13 000		8 134	201 295	41	2 603 009	Январь 2024	60	2024-01-01	2677635
3574	Гулагу-нет Официальный канал	2 661 171		61		61	34 862	5 000		24 838	128 768	25	2 657 685	Январь 2024	61	2024-01-01	2661171
3575	А поговорить?	2 630 455		62		62	6 469	30 000		4 910	89 263	2	2 629 808	Январь 2024	62	2024-01-01	2630455
3576	Радио Свобода. Новости	2 526 465		63		63	1 185 742	19 000		16 933	55 107	21	2 407 891	Январь 2024	63	2024-01-01	2526465
3577	BILD на русском	2 466 226		64		64	0	6 000		10 936	122 034	27	2 466 226	Январь 2024	64	2024-01-01	2466226
3578	Михаил Ходорковский	2 415 477		65		65	3 042	10 000		16 233	119 641	4	2 415 173	Январь 2024	65	2024-01-01	2415477
3579	Максим Шевченко	2 344 950		66		66	13 989	7 000		16 478	131 126	11	2 343 551	Январь 2024	66	2024-01-01	2344950
3580	Евгений Ступин	2 194 133		67		67	13 878 146	39 000		72 948	1 108 263	34	806 318	Январь 2024	67	2024-01-01	2194133
3581	Андрей Пионтковский	2 151 349		68		68	0	3 000		5 268	132 282	18	2 151 349	Январь 2024	68	2024-01-01	2151349
3582	БАРМАЛЕЙКА	2 143 734		69		69	0	1 000		15 980	167 887	14	2 143 734	Январь 2024	69	2024-01-01	2143734
3583	Объектив	2 077 041		70		70	0	0		12 787	196 002	35	2 077 041	Январь 2024	70	2024-01-01	2077041
3584	Meduza	2 074 060		71		71	0	8 000		16 685	37 289	13	2 074 060	Январь 2024	71	2024-01-01	2074060
3585	varlamov moments	2 066 094		72		72	0	10 000		3 410	38 694	16	2 066 094	Январь 2024	72	2024-01-01	2066094
3586	Важные истории	2 043 375		73		73	13 186 916	39 000		32 868	450 586	4	724 683	Январь 2024	73	2024-01-01	2043375
3587	Адекватный Русский	2 019 345		74		74	20 193 451	29 000		30 854	545 572	5	0	Январь 2024	74	2024-01-01	2019345
3588	Новая газета Европа	2 011 602		75		75	2 496 869	20 000		30 303	267 469	37	1 761 915	Январь 2024	75	2024-01-01	2011602
3589	SOBOLEV	1 987 264		76		76	0	0		11 263	70 319	1	1 987 264	Январь 2024	76	2024-01-01	1987264
3590	НЕ ПЕРВЫЙ КАНАЛ	1 930 091		77		77	0	15 000		21 991	151 554	13	1 930 091	Январь 2024	77	2024-01-01	1930091
3591	VOX POP	1 919 776		78		78	19 197 758	28 000		28 150	828 245	23	0	Январь 2024	78	2024-01-01	1919776
3592	Евгений Чичваркин	1 882 217		79		79	269 367	5 000		15 590	84 400	13	1 855 280	Январь 2024	79	2024-01-01	1882217
3593	TV2media	1 721 695		80		80	4 279 543	26 000		34 700	169 779	56	1 293 741	Январь 2024	80	2024-01-01	1721695
3594	Алексей Навальный	1 598 511		81		81	0	-10 000		11 924	128 545	2	1 598 511	Январь 2024	81	2024-01-01	1598511
3595	Как теперь / проект ОВД-Инфо	1 593 383		82		82	1 237 421	15 300		5 918	58 181	2	1 469 641	Январь 2024	82	2024-01-01	1593383
3596	Заповедник	1 586 997		83		83	361 640	10 000		3 062	108 528	43	1 550 833	Январь 2024	83	2024-01-01	1586997
3597	Кавказ.Реалии	1 486 639		84		84	501 654	8 000		9 326	13 615	28	1 436 474	Январь 2024	84	2024-01-01	1486639
3598	Признаки жизни. Документальное кино Радио Свобода	1 461 579		85		85	0	11 500		12 184	48 583	5	1 461 579	Январь 2024	85	2024-01-01	1461579
3599	Маша Борзунова	1 384 409		86		86	0	6 000		6 707	91 468	4	1 384 409	Январь 2024	86	2024-01-01	1384409
3600	The Insider	1 358 912		87		87	192 911	6 000		18 479	62 331	26	1 339 621	Январь 2024	87	2024-01-01	1358912
3601	Простые числа	1 309 898		88		88	0	8 000		18 799	71 773	7	1 309 898	Январь 2024	88	2024-01-01	1309898
3602	НО.Медиа из России	1 279 233		89		89	784 760	12 000		11 899	88 063	22	1 200 757	Январь 2024	89	2024-01-01	1279233
3603	Ксения Ларина	1 096 325		90		90	49 707	2 000		7 781	96 375	42	1 091 354	Январь 2024	90	2024-01-01	1096325
3604	Нино Росебашвили	1 025 630		91		91	0	11 000		12 233	60 348	5	1 025 630	Январь 2024	91	2024-01-01	1025630
3605	Любовь Соболь	1 021 527		92		92	236 354	6 000		8 156	82 171	10	997 892	Январь 2024	92	2024-01-01	1021527
3606	Виктор Шендерович	993 467		93		93	0	3 000		3 693	50 848	6	993 467	Январь 2024	93	2024-01-01	993467
3607	Ищем Выход	942 108		94		94	201 235	2 000		3 336	51 070	61	921 984	Январь 2024	94	2024-01-01	942108
3608	ЭМПАТИЯ МАНУЧИ	932 341		95		95	428 454	40 000		6 634	64 305	1	889 496	Январь 2024	95	2024-01-01	932341
3609	Sergey Aleksashenko	848 464		96		96	0	2 000		3 832	40 741	17	848 464	Январь 2024	96	2024-01-01	848464
3610	РОЙ ТВ	833 758		97		97	0	3 000		8 289	36 374	20	833 758	Январь 2024	97	2024-01-01	833758
3611	Набутовы	781 508		98		98	1 220 682	3 000		9 915	145 235	15	659 440	Январь 2024	98	2024-01-01	781508
3612	Руслан Усачев	777 326		99		99	79 880	0		2 336	56 624	3	769 338	Январь 2024	99	2024-01-01	777326
3613	Котрикадзе Дзядко	777 286		100		100	0	2 000		6 077	42 848	12	777 286	Январь 2024	100	2024-01-01	777286
3614	Крым.Реалии	754 308		101		101	2 665 515	15 000		9 612	49 160	29	487 756	Январь 2024	101	2024-01-01	754308
3615	Это Осетинская (Русские норм!)	672 639		102		102	119 878	5 000		2 265	28 245	12	660 651	Январь 2024	102	2024-01-01	672639
3616	Утро Февраля	671 818		103		103	19 266	1 000		3 047	56 484	143	669 891	Январь 2024	103	2024-01-01	671818
3617	Быть Или	669 653		104		104	0	0		6 267	61 240	1	669 653	Январь 2024	104	2024-01-01	669653
3618	Острый Угол	627 364		105		105	36 597	18 000		4 348	36 775	7	623 704	Январь 2024	105	2024-01-01	627364
3619	НЕОРУЭЛЛ	594 566		106		106	691 834	8 000		1 309	44 474	6	525 383	Январь 2024	106	2024-01-01	594566
3620	Masyanya Kuvaeva	593 270		107		107	0	0		2 686	67 012	1	593 270	Январь 2024	107	2024-01-01	593270
3621	The Insider Live	577 794		108		108	99	3 600		3 081	34 912	43	577 784	Январь 2024	108	2024-01-01	577794
3622	ОТДЕЛЬНАЯ ЦИВИЛИЗАЦИЯ	572 127		109		109	0	2 000		7 172	62 915	1	572 127	Январь 2024	109	2024-01-01	572127
3623	Леонид Волков	569 817		110		110	875	3 000		5 275	33 438	4	569 729	Январь 2024	110	2024-01-01	569817
3624	Матвей Ганапольский	565 242		111		111	0	300		1 528	86 252	19	565 242	Январь 2024	111	2024-01-01	565242
3625	МЫР — My Russian Rights — MRR	543 283		112		112	0	1 900		1 760	18 687	19	543 283	Январь 2024	112	2024-01-01	543283
3626	Oleg Kashin	538 659		113		113	0	1 100		3 932	32 914	39	538 659	Январь 2024	113	2024-01-01	538659
3627	ЗЫГАРЬ	515 602		114		114	1 584	17 000		6 864	22 758	1	515 444	Январь 2024	114	2024-01-01	515602
3628	Форум свободной России	504 345		115		115	7 389	0		1 364	20 150	26	503 606	Январь 2024	115	2024-01-01	504345
3629	Forbes	495 372		116		116	681 007	13 000		1 860	32 694	27	427 271	Январь 2024	116	2024-01-01	495372
3630	Александр Штефанов	493 686		117		117	0	6 000		8 003	31 053	2	493 686	Январь 2024	117	2024-01-01	493686
3631	Владимир Милов	471 933		118		118	0	7 000		6 558	46 320	3	471 933	Январь 2024	118	2024-01-01	471933
3632	SVTV	451 850		119		119	135 131	0		3 926	27 169	24	438 337	Январь 2024	119	2024-01-01	451850
3633	Yevgenia Albats	432 403		120		120	9 735	1 000		2 059	33 888	14	431 429	Январь 2024	120	2024-01-01	432403
3634	Parfenon	404 755		121		121	154 289	10 000		1 236	13 864	1	389 326	Январь 2024	121	2024-01-01	404755
3635	Пастуховская Кухня	399 079		122		122	0	1 000		2 567	46 108	4	399 079	Январь 2024	122	2024-01-01	399079
3636	Рабкор	364 455		123		123	0	2 000		2 724	18 417	9	364 455	Январь 2024	123	2024-01-01	364455
3637	Холод	353 069		124		124	220 212	5 000		7 105	16 194	7	331 048	Январь 2024	124	2024-01-01	353069
3638	Сергей Пархоменко	352 382		125		125	0	0		1 977	40 213	15	352 382	Январь 2024	125	2024-01-01	352382
3639	Медиазона	296 917		126		126	123	1 000		1 506	27 675	11	296 905	Январь 2024	126	2024-01-01	296917
3640	Сергей Бойко	272 681		127		127	930	3 500		3 057	26 188	7	272 588	Январь 2024	127	2024-01-01	272681
3641	Фёдор Крашенинников	255 134		128		128	18 796	300		1 726	19 656	20	253 254	Январь 2024	128	2024-01-01	255134
3642	НЕ МОЛЧУ	241 901		129		129	2 243 233	5 000		9 206	63 077	25	17 578	Январь 2024	129	2024-01-01	241901
3643	ГражданинЪ TV	227 889		130		130	0	2 200		1 213	19 392	12	227 889	Январь 2024	130	2024-01-01	227889
3644	GOP CONNECT	193 813		131		131	73 878	1 100		1 115	7 523	23	186 425	Январь 2024	131	2024-01-01	193813
3645	ШЕПЕЛИН	185 599		132		132	0	0		421	15 552	4	185 599	Январь 2024	132	2024-01-01	185599
3646	Илья Яшин	179 390		133		133	0	10 000		1 158	18 324	0	179 390	Январь 2024	133	2024-01-01	179390
3647	Губин ON AIR	171 888		134		134	0	700		1 051	7 684	6	171 888	Январь 2024	134	2024-01-01	171888
3648	Страна и мир	145 116		135		135	0	400		528	8 289	13	145 116	Январь 2024	135	2024-01-01	145116
3649	Реалии	124 856		136		136	196 600	8 000		2 105	7 562	11	105 196	Январь 2024	136	2024-01-01	124856
3650	Карен Шаинян	124 698		137		137	112 676	0		1 528	6 822	18	113 430	Январь 2024	137	2024-01-01	124698
3651	Whalesplaining	68 191		138		138	0	0		1 559	5 579	1	68 191	Январь 2024	138	2024-01-01	68191
3652	Эльвира Вихарева	61 836		139		139	0	200		1 007	6 170	7	61 836	Январь 2024	139	2024-01-01	61836
3653	Лиза Лазерсон	58 608		140		140	0	300		550	3 070	1	58 608	Январь 2024	140	2024-01-01	58608
3654	Татьяна Фельгенгауэр	55 981		141		141	0	-100		199	9 010	5	55 981	Январь 2024	141	2024-01-01	55981
3655	Сергей Гуриев	44 554		142		142	0	-2 000		606	2 671	1	44 554	Январь 2024	142	2024-01-01	44554
3656	Радио Свобода Live	31 977		143		143	0	600		90	1 231	145	31 977	Январь 2024	143	2024-01-01	31977
3657	Proekt_media	30 381		144		144	56 343	10 000		262	2 297	2	24 747	Январь 2024	144	2024-01-01	30381
3658	DOZOR (ВОЕННАЯ КОРРЕСПОНДЕНЦИЯ)	29 986		145		145	48 680	14 000		127	1 707	0	25 118	Январь 2024	145	2024-01-01	29986
3659	MOUNT SHOW	21 322		146		146	3 783	0		196	2 360	0	20 944	Январь 2024	146	2024-01-01	21322
3660	Lazarevatut	16 256		147		147	14 604	1 000		256	989	2	14 796	Январь 2024	147	2024-01-01	16256
3661	ЦУРреализм	0		148		148	0	-100		0	0	0	0	Январь 2024	148	2024-01-01	0
3662	Фактор	0		149		149	0	-300		0	0	0	0	Январь 2024	149	2024-01-01	0
3663	Открытые медиа	0		150		150	0	0		0	0	0	0	Январь 2024	150	2024-01-01	0
3664	Дмитрий Гудков	0		151		151	0	-300		0	0	0	0	Январь 2024	151	2024-01-01	0
3665	Varlamov News	0		152		152	0	-3 000		0	0	0	0	Январь 2024	152	2024-01-01	0
